dat_iniciosemana;dat_fimsemana;ano_referencia;mes_referencia;num_revisao;nom_semanaoperativa;cod_usinaplanejamento;id_subsistema;nom_subsistema;nom_usina;val_cvu
2025-12-27;2026-01-02;2026;1;0;PMO Janeiro 2026;240;N;Norte;BARCARENA;0.0
2025-12-27;2026-01-02;2026;1;0;PMO Janeiro 2026;212;N;Norte;MARANHAO3;116.1
2025-12-27;2026-01-02;2026;1;0;PMO Janeiro 2026;205;N;Norte;MANAUARA;140.29
2025-12-27;2026-01-02;2026;1;0;PMO Janeiro 2026;207;N;Norte;PONTA NEGR;140.29
2025-12-27;2026-01-02;2026;1;0;PMO Janeiro 2026;209;N;Norte;TAMBAQUI;140.29
2025-12-27;2026-01-02;2026;1;0;PMO Janeiro 2026;140;N;Norte;UTE MAUA 3;140.29
2025-12-27;2026-01-02;2026;1;0;PMO Janeiro 2026;201;N;Norte;APARECIDA;140.29
2025-12-27;2026-01-02;2026;1;0;PMO Janeiro 2026;203;N;Norte;C. ROCHA;140.29
2025-12-27;2026-01-02;2026;1;0;PMO Janeiro 2026;204;N;Norte;JARAQUI;140.29
2025-12-27;2026-01-02;2026;1;0;PMO Janeiro 2026;239;N;Norte;PARNAIBA_V;226.46
2025-12-27;2026-01-02;2026;1;0;PMO Janeiro 2026;36;N;Norte;MARANHAOIV;273.2
2025-12-27;2026-01-02;2026;1;0;PMO Janeiro 2026;21;N;Norte;MARANHAO V;273.2
2025-12-27;2026-01-02;2026;1;0;PMO Janeiro 2026;326;N;Norte;JAGUATI II;289.25
2025-12-27;2026-01-02;2026;1;0;PMO Janeiro 2026;176;N;Norte;P. ITAQUI;303.4
2025-12-27;2026-01-02;2026;1;0;PMO Janeiro 2026;46;N;Norte;N.VENECIA2;308.35
2025-12-27;2026-01-02;2026;1;0;PMO Janeiro 2026;329;N;Norte;PAU RAINHA;555.69
2025-12-27;2026-01-02;2026;1;0;PMO Janeiro 2026;324;N;Norte;CANTA;555.69
2025-12-27;2026-01-02;2026;1;0;PMO Janeiro 2026;330;N;Norte;SANTA LUZ;555.69
2025-12-27;2026-01-02;2026;1;0;PMO Janeiro 2026;323;N;Norte;BONFIM;555.69
2025-12-27;2026-01-02;2026;1;0;PMO Janeiro 2026;116;N;Norte;PARNAIB_IV;831.9
2025-12-27;2026-01-02;2026;1;0;PMO Janeiro 2026;322;N;Norte;BBF BALIZA;876.44
2025-12-27;2026-01-02;2026;1;0;PMO Janeiro 2026;70;N;Norte;GERAMAR2;946.07
2025-12-27;2026-01-02;2026;1;0;PMO Janeiro 2026;73;N;Norte;GERAMAR1;946.07
2025-12-27;2026-01-02;2026;1;0;PMO Janeiro 2026;327;N;Norte;M.C.SUCUBA;1721.1
2025-12-27;2026-01-02;2026;1;0;PMO Janeiro 2026;328;N;Norte;PALMAPLAN;1840.09
2025-12-27;2026-01-02;2026;1;0;PMO Janeiro 2026;57;NE;Nordeste;MARACANAU;0.0
2025-12-27;2026-01-02;2026;1;0;PMO Janeiro 2026;144;NE;Nordeste;PETROLINA;0.0
2025-12-27;2026-01-02;2026;1;0;PMO Janeiro 2026;106;NE;Nordeste;ERB CANDEI;118.93
2025-12-27;2026-01-02;2026;1;0;PMO Janeiro 2026;147;NE;Nordeste;PROSPERIDA;224.31
2025-12-27;2026-01-02;2026;1;0;PMO Janeiro 2026;223;NE;Nordeste;PROSP_III;228.55
2025-12-27;2026-01-02;2026;1;0;PMO Janeiro 2026;241;NE;Nordeste;PROSP_II;294.61
2025-12-27;2026-01-02;2026;1;0;PMO Janeiro 2026;224;NE;Nordeste;PSERGIPE I;299.0
2025-12-27;2026-01-02;2026;1;0;PMO Janeiro 2026;167;NE;Nordeste;P.PECEM1;300.32
2025-12-27;2026-01-02;2026;1;0;PMO Janeiro 2026;163;NE;Nordeste;P.PECEM2;311.48
2025-12-27;2026-01-02;2026;1;0;PMO Janeiro 2026;83;NE;Nordeste;JS_PEREIRA;450.86
2025-12-27;2026-01-02;2026;1;0;PMO Janeiro 2026;98;NE;Nordeste;PERNAMBU_3;782.04
2025-12-27;2026-01-02;2026;1;0;PMO Janeiro 2026;96;NE;Nordeste;TERMOPE;858.59
2025-12-27;2026-01-02;2026;1;0;PMO Janeiro 2026;170;NE;Nordeste;SUAPE II;924.69
2025-12-27;2026-01-02;2026;1;0;PMO Janeiro 2026;43;NE;Nordeste;C.FURTADO;1023.0
2025-12-27;2026-01-02;2026;1;0;PMO Janeiro 2026;53;NE;Nordeste;GLOBAL I;1159.43
2025-12-27;2026-01-02;2026;1;0;PMO Janeiro 2026;55;NE;Nordeste;GLOBAL II;1159.43
2025-12-27;2026-01-02;2026;1;0;PMO Janeiro 2026;152;NE;Nordeste;TERMOCABO;1588.53
2025-12-27;2026-01-02;2026;1;0;PMO Janeiro 2026;67;NE;Nordeste;TERMONE;1934.86
2025-12-27;2026-01-02;2026;1;0;PMO Janeiro 2026;69;NE;Nordeste;TERMOPB;1934.86
2025-12-27;2026-01-02;2026;1;0;PMO Janeiro 2026;161;NE;Nordeste;POTIGUAR_3;2038.91
2025-12-27;2026-01-02;2026;1;0;PMO Janeiro 2026;151;NE;Nordeste;POTIGUAR;2038.91
2025-12-27;2026-01-02;2026;1;0;PMO Janeiro 2026;52;NE;Nordeste;CAMPINA_GR;2175.93
2025-12-27;2026-01-02;2026;1;0;PMO Janeiro 2026;58;NE;Nordeste;TERMOCEARA;2208.22
2025-12-27;2026-01-02;2026;1;0;PMO Janeiro 2026;235;NE;Nordeste;C.MURICY 2;2584.06
2025-12-27;2026-01-02;2026;1;0;PMO Janeiro 2026;162;NE;Nordeste;PECEM 2;2611.07
2025-12-27;2026-01-02;2026;1;0;PMO Janeiro 2026;35;S;Sul;URUGUAIANA;0.0
2025-12-27;2026-01-02;2026;1;0;PMO Janeiro 2026;107;S;Sul;PAMPA SUL;105.94
2025-12-27;2026-01-02;2026;1;0;PMO Janeiro 2026;149;S;Sul;SAO SEPE;118.84
2025-12-27;2026-01-02;2026;1;0;PMO Janeiro 2026;24;S;Sul;J.LACER. C;341.04
2025-12-27;2026-01-02;2026;1;0;PMO Janeiro 2026;25;S;Sul;J.LACER. B;397.24
2025-12-27;2026-01-02;2026;1;0;PMO Janeiro 2026;27;S;Sul;J.LAC. A2;406.63
2025-12-27;2026-01-02;2026;1;0;PMO Janeiro 2026;26;S;Sul;J.LAC. A1;475.13
2025-12-27;2026-01-02;2026;1;0;PMO Janeiro 2026;156;S;Sul;CANDIOTA_3;520.2
2025-12-27;2026-01-02;2026;1;0;PMO Janeiro 2026;254;S;Sul;B.BONITA I;778.35
2025-12-27;2026-01-02;2026;1;0;PMO Janeiro 2026;48;S;Sul;ARAUCARIA;1033.46
2025-12-27;2026-01-02;2026;1;0;PMO Janeiro 2026;64;S;Sul;S.TIARAJU;1370.45
2025-12-27;2026-01-02;2026;1;0;PMO Janeiro 2026;153;SE;Sudeste/Centro-Oeste;DAIA;0.0
2025-12-27;2026-01-02;2026;1;0;PMO Janeiro 2026;194;SE;Sudeste/Centro-Oeste;TNORTE 2;0.0
2025-12-27;2026-01-02;2026;1;0;PMO Janeiro 2026;108;SE;Sudeste/Centro-Oeste;XAVANTES;0.0
2025-12-27;2026-01-02;2026;1;0;PMO Janeiro 2026;434;SE;Sudeste/Centro-Oeste;W.ARJONA O;0.0
2025-12-27;2026-01-02;2026;1;0;PMO Janeiro 2026;65;SE;Sudeste/Centro-Oeste;ATLAN_CSA;0.0
2025-12-27;2026-01-02;2026;1;0;PMO Janeiro 2026;583;SE;Sudeste/Centro-Oeste;ATLANTIC_F;0.0
2025-12-27;2026-01-02;2026;1;0;PMO Janeiro 2026;415;SE;Sudeste/Centro-Oeste;LORM;0.0
2025-12-27;2026-01-02;2026;1;0;PMO Janeiro 2026;651;SE;Sudeste/Centro-Oeste;POVOAC I_F;0.0
2025-12-27;2026-01-02;2026;1;0;PMO Janeiro 2026;13;SE;Sudeste/Centro-Oeste;ANGRA 2;20.12
2025-12-27;2026-01-02;2026;1;0;PMO Janeiro 2026;1;SE;Sudeste/Centro-Oeste;ANGRA 1;31.17
2025-12-27;2026-01-02;2026;1;0;PMO Janeiro 2026;236;SE;Sudeste/Centro-Oeste;M.AZUL;127.48
2025-12-27;2026-01-02;2026;1;0;PMO Janeiro 2026;229;SE;Sudeste/Centro-Oeste;O.PINTADA;152.33
2025-12-27;2026-01-02;2026;1;0;PMO Janeiro 2026;146;SE;Sudeste/Centro-Oeste;UTE STA VI;164.56
2025-12-27;2026-01-02;2026;1;0;PMO Janeiro 2026;183;SE;Sudeste/Centro-Oeste;ATLANTICO;264.1
2025-12-27;2026-01-02;2026;1;0;PMO Janeiro 2026;211;SE;Sudeste/Centro-Oeste;BAIXADA FL;292.15
2025-12-27;2026-01-02;2026;1;0;PMO Janeiro 2026;86;SE;Sudeste/Centro-Oeste;SANTA CRUZ;296.52
2025-12-27;2026-01-02;2026;1;0;PMO Janeiro 2026;4;SE;Sudeste/Centro-Oeste;ST.CRUZ 34;310.41
2025-12-27;2026-01-02;2026;1;0;PMO Janeiro 2026;97;SE;Sudeste/Centro-Oeste;CUBATAO;377.51
2025-12-27;2026-01-02;2026;1;0;PMO Janeiro 2026;15;SE;Sudeste/Centro-Oeste;LUIZORMELO;453.09
2025-12-27;2026-01-02;2026;1;0;PMO Janeiro 2026;15;SE;Sudeste/Centro-Oeste;LUIZORMELO;453.09
2025-12-27;2026-01-02;2026;1;0;PMO Janeiro 2026;238;SE;Sudeste/Centro-Oeste;UTE GNA II;491.48
2025-12-27;2026-01-02;2026;1;0;PMO Janeiro 2026;137;SE;Sudeste/Centro-Oeste;UTE GNA I;571.1
2025-12-27;2026-01-02;2026;1;0;PMO Janeiro 2026;246;SE;Sudeste/Centro-Oeste;KARKEY 019;772.68
2025-12-27;2026-01-02;2026;1;0;PMO Janeiro 2026;245;SE;Sudeste/Centro-Oeste;KARKEY 013;772.68
2025-12-27;2026-01-02;2026;1;0;PMO Janeiro 2026;68;SE;Sudeste/Centro-Oeste;TRES LAGOA;823.09
2025-12-27;2026-01-02;2026;1;0;PMO Janeiro 2026;249;SE;Sudeste/Centro-Oeste;PORSUD I;908.94
2025-12-27;2026-01-02;2026;1;0;PMO Janeiro 2026;250;SE;Sudeste/Centro-Oeste;PORSUD II;909.84
2025-12-27;2026-01-02;2026;1;0;PMO Janeiro 2026;12;SE;Sudeste/Centro-Oeste;CUIABA CC;912.83
2025-12-27;2026-01-02;2026;1;0;PMO Janeiro 2026;334;SE;Sudeste/Centro-Oeste;W.ARJONA;925.25
2025-12-27;2026-01-02;2026;1;0;PMO Janeiro 2026;63;SE;Sudeste/Centro-Oeste;AUR.CHAVES;925.55
2025-12-27;2026-01-02;2026;1;0;PMO Janeiro 2026;47;SE;Sudeste/Centro-Oeste;TERMORIO;927.47
2025-12-27;2026-01-02;2026;1;0;PMO Janeiro 2026;90;SE;Sudeste/Centro-Oeste;M.LAGO;959.27
2025-12-27;2026-01-02;2026;1;0;PMO Janeiro 2026;60;SE;Sudeste/Centro-Oeste;NORTEFLU;970.65
2025-12-27;2026-01-02;2026;1;0;PMO Janeiro 2026;49;SE;Sudeste/Centro-Oeste;VIANA;1027.58
2025-12-27;2026-01-02;2026;1;0;PMO Janeiro 2026;490;SE;Sudeste/Centro-Oeste;T.MACAE_F;1079.76
2025-12-27;2026-01-02;2026;1;0;PMO Janeiro 2026;653;SE;Sudeste/Centro-Oeste;VIANA I_F;1093.02
2025-12-27;2026-01-02;2026;1;0;PMO Janeiro 2026;248;SE;Sudeste/Centro-Oeste;MPPAULINIA;1097.74
2025-12-27;2026-01-02;2026;1;0;PMO Janeiro 2026;251;SE;Sudeste/Centro-Oeste;POVOACAO I;1111.34
2025-12-27;2026-01-02;2026;1;0;PMO Janeiro 2026;247;SE;Sudeste/Centro-Oeste;LORM_PCS;1111.34
2025-12-27;2026-01-02;2026;1;0;PMO Janeiro 2026;253;SE;Sudeste/Centro-Oeste;VIANA I;1111.34
2025-12-27;2026-01-02;2026;1;0;PMO Janeiro 2026;62;SE;Sudeste/Centro-Oeste;SEROPEDICA;1134.4
2025-12-27;2026-01-02;2026;1;0;PMO Janeiro 2026;54;SE;Sudeste/Centro-Oeste;JUIZ DE FO;1144.32
2025-12-27;2026-01-02;2026;1;0;PMO Janeiro 2026;110;SE;Sudeste/Centro-Oeste;FGASPARIAN;1376.12
2025-12-27;2026-01-02;2026;1;0;PMO Janeiro 2026;182;SE;Sudeste/Centro-Oeste;PALMEIR_GO;1400.88
2026-01-03;2026-01-09;2026;1;1;PMO Janeiro 2026 - Revisão 1;240;N;Norte;BARCARENA;0.0
2026-01-03;2026-01-09;2026;1;1;PMO Janeiro 2026 - Revisão 1;212;N;Norte;MARANHAO3;116.1
2026-01-03;2026-01-09;2026;1;1;PMO Janeiro 2026 - Revisão 1;209;N;Norte;TAMBAQUI;140.29
2026-01-03;2026-01-09;2026;1;1;PMO Janeiro 2026 - Revisão 1;140;N;Norte;UTE MAUA 3;140.29
2026-01-03;2026-01-09;2026;1;1;PMO Janeiro 2026 - Revisão 1;205;N;Norte;MANAUARA;140.29
2026-01-03;2026-01-09;2026;1;1;PMO Janeiro 2026 - Revisão 1;207;N;Norte;PONTA NEGR;140.29
2026-01-03;2026-01-09;2026;1;1;PMO Janeiro 2026 - Revisão 1;204;N;Norte;JARAQUI;140.29
2026-01-03;2026-01-09;2026;1;1;PMO Janeiro 2026 - Revisão 1;203;N;Norte;C. ROCHA;140.29
2026-01-03;2026-01-09;2026;1;1;PMO Janeiro 2026 - Revisão 1;201;N;Norte;APARECIDA;140.29
2026-01-03;2026-01-09;2026;1;1;PMO Janeiro 2026 - Revisão 1;239;N;Norte;PARNAIBA_V;226.46
2026-01-03;2026-01-09;2026;1;1;PMO Janeiro 2026 - Revisão 1;21;N;Norte;MARANHAO V;273.2
2026-01-03;2026-01-09;2026;1;1;PMO Janeiro 2026 - Revisão 1;36;N;Norte;MARANHAOIV;273.2
2026-01-03;2026-01-09;2026;1;1;PMO Janeiro 2026 - Revisão 1;326;N;Norte;JAGUATI II;289.25
2026-01-03;2026-01-09;2026;1;1;PMO Janeiro 2026 - Revisão 1;176;N;Norte;P. ITAQUI;303.4
2026-01-03;2026-01-09;2026;1;1;PMO Janeiro 2026 - Revisão 1;46;N;Norte;N.VENECIA2;308.35
2026-01-03;2026-01-09;2026;1;1;PMO Janeiro 2026 - Revisão 1;330;N;Norte;SANTA LUZ;555.69
2026-01-03;2026-01-09;2026;1;1;PMO Janeiro 2026 - Revisão 1;323;N;Norte;BONFIM;555.69
2026-01-03;2026-01-09;2026;1;1;PMO Janeiro 2026 - Revisão 1;324;N;Norte;CANTA;555.69
2026-01-03;2026-01-09;2026;1;1;PMO Janeiro 2026 - Revisão 1;329;N;Norte;PAU RAINHA;555.69
2026-01-03;2026-01-09;2026;1;1;PMO Janeiro 2026 - Revisão 1;116;N;Norte;PARNAIB_IV;831.9
2026-01-03;2026-01-09;2026;1;1;PMO Janeiro 2026 - Revisão 1;322;N;Norte;BBF BALIZA;876.44
2026-01-03;2026-01-09;2026;1;1;PMO Janeiro 2026 - Revisão 1;70;N;Norte;GERAMAR2;946.07
2026-01-03;2026-01-09;2026;1;1;PMO Janeiro 2026 - Revisão 1;73;N;Norte;GERAMAR1;946.07
2026-01-03;2026-01-09;2026;1;1;PMO Janeiro 2026 - Revisão 1;327;N;Norte;M.C.SUCUBA;1721.1
2026-01-03;2026-01-09;2026;1;1;PMO Janeiro 2026 - Revisão 1;328;N;Norte;PALMAPLAN;1840.09
2026-01-03;2026-01-09;2026;1;1;PMO Janeiro 2026 - Revisão 1;57;NE;Nordeste;MARACANAU;0.0
2026-01-03;2026-01-09;2026;1;1;PMO Janeiro 2026 - Revisão 1;144;NE;Nordeste;PETROLINA;0.0
2026-01-03;2026-01-09;2026;1;1;PMO Janeiro 2026 - Revisão 1;106;NE;Nordeste;ERB CANDEI;118.93
2026-01-03;2026-01-09;2026;1;1;PMO Janeiro 2026 - Revisão 1;147;NE;Nordeste;PROSPERIDA;224.31
2026-01-03;2026-01-09;2026;1;1;PMO Janeiro 2026 - Revisão 1;223;NE;Nordeste;PROSP_III;228.55
2026-01-03;2026-01-09;2026;1;1;PMO Janeiro 2026 - Revisão 1;241;NE;Nordeste;PROSP_II;294.61
2026-01-03;2026-01-09;2026;1;1;PMO Janeiro 2026 - Revisão 1;224;NE;Nordeste;PSERGIPE I;299.0
2026-01-03;2026-01-09;2026;1;1;PMO Janeiro 2026 - Revisão 1;167;NE;Nordeste;P.PECEM1;300.32
2026-01-03;2026-01-09;2026;1;1;PMO Janeiro 2026 - Revisão 1;163;NE;Nordeste;P.PECEM2;311.48
2026-01-03;2026-01-09;2026;1;1;PMO Janeiro 2026 - Revisão 1;83;NE;Nordeste;JS_PEREIRA;450.86
2026-01-03;2026-01-09;2026;1;1;PMO Janeiro 2026 - Revisão 1;98;NE;Nordeste;PERNAMBU_3;782.04
2026-01-03;2026-01-09;2026;1;1;PMO Janeiro 2026 - Revisão 1;96;NE;Nordeste;TERMOPE;858.59
2026-01-03;2026-01-09;2026;1;1;PMO Janeiro 2026 - Revisão 1;170;NE;Nordeste;SUAPE II;924.69
2026-01-03;2026-01-09;2026;1;1;PMO Janeiro 2026 - Revisão 1;43;NE;Nordeste;C.FURTADO;1023.0
2026-01-03;2026-01-09;2026;1;1;PMO Janeiro 2026 - Revisão 1;55;NE;Nordeste;GLOBAL II;1159.43
2026-01-03;2026-01-09;2026;1;1;PMO Janeiro 2026 - Revisão 1;53;NE;Nordeste;GLOBAL I;1159.43
2026-01-03;2026-01-09;2026;1;1;PMO Janeiro 2026 - Revisão 1;152;NE;Nordeste;TERMOCABO;1588.53
2026-01-03;2026-01-09;2026;1;1;PMO Janeiro 2026 - Revisão 1;67;NE;Nordeste;TERMONE;1934.86
2026-01-03;2026-01-09;2026;1;1;PMO Janeiro 2026 - Revisão 1;69;NE;Nordeste;TERMOPB;1934.86
2026-01-03;2026-01-09;2026;1;1;PMO Janeiro 2026 - Revisão 1;151;NE;Nordeste;POTIGUAR;2038.91
2026-01-03;2026-01-09;2026;1;1;PMO Janeiro 2026 - Revisão 1;161;NE;Nordeste;POTIGUAR_3;2038.91
2026-01-03;2026-01-09;2026;1;1;PMO Janeiro 2026 - Revisão 1;52;NE;Nordeste;CAMPINA_GR;2175.93
2026-01-03;2026-01-09;2026;1;1;PMO Janeiro 2026 - Revisão 1;58;NE;Nordeste;TERMOCEARA;2208.22
2026-01-03;2026-01-09;2026;1;1;PMO Janeiro 2026 - Revisão 1;235;NE;Nordeste;C.MURICY 2;2584.06
2026-01-03;2026-01-09;2026;1;1;PMO Janeiro 2026 - Revisão 1;162;NE;Nordeste;PECEM 2;2611.07
2026-01-03;2026-01-09;2026;1;1;PMO Janeiro 2026 - Revisão 1;254;S;Sul;B.BONITA I;0.0
2026-01-03;2026-01-09;2026;1;1;PMO Janeiro 2026 - Revisão 1;35;S;Sul;URUGUAIANA;0.0
2026-01-03;2026-01-09;2026;1;1;PMO Janeiro 2026 - Revisão 1;107;S;Sul;PAMPA SUL;105.94
2026-01-03;2026-01-09;2026;1;1;PMO Janeiro 2026 - Revisão 1;149;S;Sul;SAO SEPE;118.84
2026-01-03;2026-01-09;2026;1;1;PMO Janeiro 2026 - Revisão 1;24;S;Sul;J.LACER. C;341.04
2026-01-03;2026-01-09;2026;1;1;PMO Janeiro 2026 - Revisão 1;25;S;Sul;J.LACER. B;397.24
2026-01-03;2026-01-09;2026;1;1;PMO Janeiro 2026 - Revisão 1;27;S;Sul;J.LAC. A2;406.63
2026-01-03;2026-01-09;2026;1;1;PMO Janeiro 2026 - Revisão 1;26;S;Sul;J.LAC. A1;475.13
2026-01-03;2026-01-09;2026;1;1;PMO Janeiro 2026 - Revisão 1;156;S;Sul;CANDIOTA_3;520.2
2026-01-03;2026-01-09;2026;1;1;PMO Janeiro 2026 - Revisão 1;48;S;Sul;ARAUCARIA;1033.46
2026-01-03;2026-01-09;2026;1;1;PMO Janeiro 2026 - Revisão 1;64;S;Sul;S.TIARAJU;1370.45
2026-01-03;2026-01-09;2026;1;1;PMO Janeiro 2026 - Revisão 1;108;SE;Sudeste/Centro-Oeste;XAVANTES;0.0
2026-01-03;2026-01-09;2026;1;1;PMO Janeiro 2026 - Revisão 1;65;SE;Sudeste/Centro-Oeste;ATLAN_CSA;0.0
2026-01-03;2026-01-09;2026;1;1;PMO Janeiro 2026 - Revisão 1;434;SE;Sudeste/Centro-Oeste;W.ARJONA O;0.0
2026-01-03;2026-01-09;2026;1;1;PMO Janeiro 2026 - Revisão 1;182;SE;Sudeste/Centro-Oeste;PALMEIR_GO;0.0
2026-01-03;2026-01-09;2026;1;1;PMO Janeiro 2026 - Revisão 1;183;SE;Sudeste/Centro-Oeste;ATLANTICO;0.0
2026-01-03;2026-01-09;2026;1;1;PMO Janeiro 2026 - Revisão 1;248;SE;Sudeste/Centro-Oeste;MPPAULINIA;0.0
2026-01-03;2026-01-09;2026;1;1;PMO Janeiro 2026 - Revisão 1;415;SE;Sudeste/Centro-Oeste;LORM;0.0
2026-01-03;2026-01-09;2026;1;1;PMO Janeiro 2026 - Revisão 1;194;SE;Sudeste/Centro-Oeste;TNORTE 2;0.0
2026-01-03;2026-01-09;2026;1;1;PMO Janeiro 2026 - Revisão 1;153;SE;Sudeste/Centro-Oeste;DAIA;0.0
2026-01-03;2026-01-09;2026;1;1;PMO Janeiro 2026 - Revisão 1;651;SE;Sudeste/Centro-Oeste;POVOAC I_F;0.0
2026-01-03;2026-01-09;2026;1;1;PMO Janeiro 2026 - Revisão 1;13;SE;Sudeste/Centro-Oeste;ANGRA 2;20.12
2026-01-03;2026-01-09;2026;1;1;PMO Janeiro 2026 - Revisão 1;1;SE;Sudeste/Centro-Oeste;ANGRA 1;31.17
2026-01-03;2026-01-09;2026;1;1;PMO Janeiro 2026 - Revisão 1;236;SE;Sudeste/Centro-Oeste;M.AZUL;127.48
2026-01-03;2026-01-09;2026;1;1;PMO Janeiro 2026 - Revisão 1;229;SE;Sudeste/Centro-Oeste;O.PINTADA;152.33
2026-01-03;2026-01-09;2026;1;1;PMO Janeiro 2026 - Revisão 1;146;SE;Sudeste/Centro-Oeste;UTE STA VI;164.56
2026-01-03;2026-01-09;2026;1;1;PMO Janeiro 2026 - Revisão 1;211;SE;Sudeste/Centro-Oeste;BAIXADA FL;292.15
2026-01-03;2026-01-09;2026;1;1;PMO Janeiro 2026 - Revisão 1;86;SE;Sudeste/Centro-Oeste;SANTA CRUZ;296.52
2026-01-03;2026-01-09;2026;1;1;PMO Janeiro 2026 - Revisão 1;4;SE;Sudeste/Centro-Oeste;ST.CRUZ 34;310.41
2026-01-03;2026-01-09;2026;1;1;PMO Janeiro 2026 - Revisão 1;97;SE;Sudeste/Centro-Oeste;CUBATAO;377.51
2026-01-03;2026-01-09;2026;1;1;PMO Janeiro 2026 - Revisão 1;238;SE;Sudeste/Centro-Oeste;UTE GNA II;491.48
2026-01-03;2026-01-09;2026;1;1;PMO Janeiro 2026 - Revisão 1;137;SE;Sudeste/Centro-Oeste;UTE GNA I;571.1
2026-01-03;2026-01-09;2026;1;1;PMO Janeiro 2026 - Revisão 1;246;SE;Sudeste/Centro-Oeste;KARKEY 019;772.68
2026-01-03;2026-01-09;2026;1;1;PMO Janeiro 2026 - Revisão 1;245;SE;Sudeste/Centro-Oeste;KARKEY 013;772.68
2026-01-03;2026-01-09;2026;1;1;PMO Janeiro 2026 - Revisão 1;68;SE;Sudeste/Centro-Oeste;TRES LAGOA;823.09
2026-01-03;2026-01-09;2026;1;1;PMO Janeiro 2026 - Revisão 1;249;SE;Sudeste/Centro-Oeste;PORSUD I;908.94
2026-01-03;2026-01-09;2026;1;1;PMO Janeiro 2026 - Revisão 1;250;SE;Sudeste/Centro-Oeste;PORSUD II;909.84
2026-01-03;2026-01-09;2026;1;1;PMO Janeiro 2026 - Revisão 1;12;SE;Sudeste/Centro-Oeste;CUIABA CC;912.83
2026-01-03;2026-01-09;2026;1;1;PMO Janeiro 2026 - Revisão 1;334;SE;Sudeste/Centro-Oeste;W.ARJONA;925.25
2026-01-03;2026-01-09;2026;1;1;PMO Janeiro 2026 - Revisão 1;63;SE;Sudeste/Centro-Oeste;AUR.CHAVES;925.55
2026-01-03;2026-01-09;2026;1;1;PMO Janeiro 2026 - Revisão 1;47;SE;Sudeste/Centro-Oeste;TERMORIO;927.47
2026-01-03;2026-01-09;2026;1;1;PMO Janeiro 2026 - Revisão 1;60;SE;Sudeste/Centro-Oeste;NORTEFLU;969.93
2026-01-03;2026-01-09;2026;1;1;PMO Janeiro 2026 - Revisão 1;49;SE;Sudeste/Centro-Oeste;VIANA;1027.58
2026-01-03;2026-01-09;2026;1;1;PMO Janeiro 2026 - Revisão 1;90;SE;Sudeste/Centro-Oeste;M.LAGO;1079.76
2026-01-03;2026-01-09;2026;1;1;PMO Janeiro 2026 - Revisão 1;253;SE;Sudeste/Centro-Oeste;VIANA I;1093.02
2026-01-03;2026-01-09;2026;1;1;PMO Janeiro 2026 - Revisão 1;247;SE;Sudeste/Centro-Oeste;LORM_PCS;1111.34
2026-01-03;2026-01-09;2026;1;1;PMO Janeiro 2026 - Revisão 1;251;SE;Sudeste/Centro-Oeste;POVOACAO I;1111.34
2026-01-03;2026-01-09;2026;1;1;PMO Janeiro 2026 - Revisão 1;62;SE;Sudeste/Centro-Oeste;SEROPEDICA;1134.4
2026-01-03;2026-01-09;2026;1;1;PMO Janeiro 2026 - Revisão 1;54;SE;Sudeste/Centro-Oeste;JUIZ DE FO;1144.32
2026-01-03;2026-01-09;2026;1;1;PMO Janeiro 2026 - Revisão 1;110;SE;Sudeste/Centro-Oeste;FGASPARIAN;1376.12
2026-01-10;2026-01-16;2026;1;2;PMO Janeiro 2026 - Revisão 2;240;N;Norte;BARCARENA;0.0
2026-01-10;2026-01-16;2026;1;2;PMO Janeiro 2026 - Revisão 2;212;N;Norte;MARANHAO3;116.1
2026-01-10;2026-01-16;2026;1;2;PMO Janeiro 2026 - Revisão 2;209;N;Norte;TAMBAQUI;149.0
2026-01-10;2026-01-16;2026;1;2;PMO Janeiro 2026 - Revisão 2;140;N;Norte;UTE MAUA 3;149.0
2026-01-10;2026-01-16;2026;1;2;PMO Janeiro 2026 - Revisão 2;201;N;Norte;APARECIDA;149.0
2026-01-10;2026-01-16;2026;1;2;PMO Janeiro 2026 - Revisão 2;203;N;Norte;C. ROCHA;149.0
2026-01-10;2026-01-16;2026;1;2;PMO Janeiro 2026 - Revisão 2;204;N;Norte;JARAQUI;149.0
2026-01-10;2026-01-16;2026;1;2;PMO Janeiro 2026 - Revisão 2;205;N;Norte;MANAUARA;149.0
2026-01-10;2026-01-16;2026;1;2;PMO Janeiro 2026 - Revisão 2;207;N;Norte;PONTA NEGR;149.0
2026-01-10;2026-01-16;2026;1;2;PMO Janeiro 2026 - Revisão 2;239;N;Norte;PARNAIBA_V;231.22
2026-01-10;2026-01-16;2026;1;2;PMO Janeiro 2026 - Revisão 2;326;N;Norte;JAGUATI II;289.25
2026-01-10;2026-01-16;2026;1;2;PMO Janeiro 2026 - Revisão 2;21;N;Norte;MARANHAO V;293.89
2026-01-10;2026-01-16;2026;1;2;PMO Janeiro 2026 - Revisão 2;36;N;Norte;MARANHAOIV;293.89
2026-01-10;2026-01-16;2026;1;2;PMO Janeiro 2026 - Revisão 2;46;N;Norte;N.VENECIA2;308.35
2026-01-10;2026-01-16;2026;1;2;PMO Janeiro 2026 - Revisão 2;176;N;Norte;P. ITAQUI;309.35
2026-01-10;2026-01-16;2026;1;2;PMO Janeiro 2026 - Revisão 2;330;N;Norte;SANTA LUZ;555.69
2026-01-10;2026-01-16;2026;1;2;PMO Janeiro 2026 - Revisão 2;329;N;Norte;PAU RAINHA;555.69
2026-01-10;2026-01-16;2026;1;2;PMO Janeiro 2026 - Revisão 2;324;N;Norte;CANTA;555.69
2026-01-10;2026-01-16;2026;1;2;PMO Janeiro 2026 - Revisão 2;323;N;Norte;BONFIM;555.69
2026-01-10;2026-01-16;2026;1;2;PMO Janeiro 2026 - Revisão 2;116;N;Norte;PARNAIB_IV;759.24
2026-01-10;2026-01-16;2026;1;2;PMO Janeiro 2026 - Revisão 2;322;N;Norte;BBF BALIZA;876.44
2026-01-10;2026-01-16;2026;1;2;PMO Janeiro 2026 - Revisão 2;70;N;Norte;GERAMAR2;900.08
2026-01-10;2026-01-16;2026;1;2;PMO Janeiro 2026 - Revisão 2;73;N;Norte;GERAMAR1;900.08
2026-01-10;2026-01-16;2026;1;2;PMO Janeiro 2026 - Revisão 2;327;N;Norte;M.C.SUCUBA;1721.1
2026-01-10;2026-01-16;2026;1;2;PMO Janeiro 2026 - Revisão 2;328;N;Norte;PALMAPLAN;1840.09
2026-01-10;2026-01-16;2026;1;2;PMO Janeiro 2026 - Revisão 2;144;NE;Nordeste;PETROLINA;0.0
2026-01-10;2026-01-16;2026;1;2;PMO Janeiro 2026 - Revisão 2;57;NE;Nordeste;MARACANAU;0.0
2026-01-10;2026-01-16;2026;1;2;PMO Janeiro 2026 - Revisão 2;106;NE;Nordeste;ERB CANDEI;118.93
2026-01-10;2026-01-16;2026;1;2;PMO Janeiro 2026 - Revisão 2;147;NE;Nordeste;PROSPERIDA;224.31
2026-01-10;2026-01-16;2026;1;2;PMO Janeiro 2026 - Revisão 2;223;NE;Nordeste;PROSP_III;228.55
2026-01-10;2026-01-16;2026;1;2;PMO Janeiro 2026 - Revisão 2;241;NE;Nordeste;PROSP_II;271.14
2026-01-10;2026-01-16;2026;1;2;PMO Janeiro 2026 - Revisão 2;224;NE;Nordeste;PSERGIPE I;300.35
2026-01-10;2026-01-16;2026;1;2;PMO Janeiro 2026 - Revisão 2;167;NE;Nordeste;P.PECEM1;306.64
2026-01-10;2026-01-16;2026;1;2;PMO Janeiro 2026 - Revisão 2;163;NE;Nordeste;P.PECEM2;317.47
2026-01-10;2026-01-16;2026;1;2;PMO Janeiro 2026 - Revisão 2;83;NE;Nordeste;JS_PEREIRA;450.86
2026-01-10;2026-01-16;2026;1;2;PMO Janeiro 2026 - Revisão 2;98;NE;Nordeste;PERNAMBU_3;741.18
2026-01-10;2026-01-16;2026;1;2;PMO Janeiro 2026 - Revisão 2;96;NE;Nordeste;TERMOPE;806.73
2026-01-10;2026-01-16;2026;1;2;PMO Janeiro 2026 - Revisão 2;170;NE;Nordeste;SUAPE II;875.88
2026-01-10;2026-01-16;2026;1;2;PMO Janeiro 2026 - Revisão 2;43;NE;Nordeste;C.FURTADO;984.89
2026-01-10;2026-01-16;2026;1;2;PMO Janeiro 2026 - Revisão 2;55;NE;Nordeste;GLOBAL II;1104.92
2026-01-10;2026-01-16;2026;1;2;PMO Janeiro 2026 - Revisão 2;53;NE;Nordeste;GLOBAL I;1104.92
2026-01-10;2026-01-16;2026;1;2;PMO Janeiro 2026 - Revisão 2;152;NE;Nordeste;TERMOCABO;1504.27
2026-01-10;2026-01-16;2026;1;2;PMO Janeiro 2026 - Revisão 2;151;NE;Nordeste;POTIGUAR;1838.2
2026-01-10;2026-01-16;2026;1;2;PMO Janeiro 2026 - Revisão 2;161;NE;Nordeste;POTIGUAR_3;1838.2
2026-01-10;2026-01-16;2026;1;2;PMO Janeiro 2026 - Revisão 2;69;NE;Nordeste;TERMOPB;1840.95
2026-01-10;2026-01-16;2026;1;2;PMO Janeiro 2026 - Revisão 2;67;NE;Nordeste;TERMONE;1840.95
2026-01-10;2026-01-16;2026;1;2;PMO Janeiro 2026 - Revisão 2;52;NE;Nordeste;CAMPINA_GR;2085.48
2026-01-10;2026-01-16;2026;1;2;PMO Janeiro 2026 - Revisão 2;58;NE;Nordeste;TERMOCEARA;2237.72
2026-01-10;2026-01-16;2026;1;2;PMO Janeiro 2026 - Revisão 2;235;NE;Nordeste;C.MURICY 2;2295.76
2026-01-10;2026-01-16;2026;1;2;PMO Janeiro 2026 - Revisão 2;162;NE;Nordeste;PECEM 2;2319.64
2026-01-10;2026-01-16;2026;1;2;PMO Janeiro 2026 - Revisão 2;35;S;Sul;URUGUAIANA;0.0
2026-01-10;2026-01-16;2026;1;2;PMO Janeiro 2026 - Revisão 2;254;S;Sul;B.BONITA I;0.0
2026-01-10;2026-01-16;2026;1;2;PMO Janeiro 2026 - Revisão 2;107;S;Sul;PAMPA SUL;105.94
2026-01-10;2026-01-16;2026;1;2;PMO Janeiro 2026 - Revisão 2;149;S;Sul;SAO SEPE;118.84
2026-01-10;2026-01-16;2026;1;2;PMO Janeiro 2026 - Revisão 2;24;S;Sul;J.LACER. C;341.04
2026-01-10;2026-01-16;2026;1;2;PMO Janeiro 2026 - Revisão 2;25;S;Sul;J.LACER. B;397.24
2026-01-10;2026-01-16;2026;1;2;PMO Janeiro 2026 - Revisão 2;27;S;Sul;J.LAC. A2;406.63
2026-01-10;2026-01-16;2026;1;2;PMO Janeiro 2026 - Revisão 2;26;S;Sul;J.LAC. A1;475.13
2026-01-10;2026-01-16;2026;1;2;PMO Janeiro 2026 - Revisão 2;156;S;Sul;CANDIOTA_3;519.71
2026-01-10;2026-01-16;2026;1;2;PMO Janeiro 2026 - Revisão 2;48;S;Sul;ARAUCARIA;969.68
2026-01-10;2026-01-16;2026;1;2;PMO Janeiro 2026 - Revisão 2;64;S;Sul;S.TIARAJU;1375.2
2026-01-10;2026-01-16;2026;1;2;PMO Janeiro 2026 - Revisão 2;434;SE;Sudeste/Centro-Oeste;W.ARJONA O;0.0
2026-01-10;2026-01-16;2026;1;2;PMO Janeiro 2026 - Revisão 2;248;SE;Sudeste/Centro-Oeste;MPPAULINIA;0.0
2026-01-10;2026-01-16;2026;1;2;PMO Janeiro 2026 - Revisão 2;194;SE;Sudeste/Centro-Oeste;TNORTE 2;0.0
2026-01-10;2026-01-16;2026;1;2;PMO Janeiro 2026 - Revisão 2;183;SE;Sudeste/Centro-Oeste;ATLANTICO;0.0
2026-01-10;2026-01-16;2026;1;2;PMO Janeiro 2026 - Revisão 2;182;SE;Sudeste/Centro-Oeste;PALMEIR_GO;0.0
2026-01-10;2026-01-16;2026;1;2;PMO Janeiro 2026 - Revisão 2;153;SE;Sudeste/Centro-Oeste;DAIA;0.0
2026-01-10;2026-01-16;2026;1;2;PMO Janeiro 2026 - Revisão 2;108;SE;Sudeste/Centro-Oeste;XAVANTES;0.0
2026-01-10;2026-01-16;2026;1;2;PMO Janeiro 2026 - Revisão 2;65;SE;Sudeste/Centro-Oeste;ATLAN_CSA;0.0
2026-01-10;2026-01-16;2026;1;2;PMO Janeiro 2026 - Revisão 2;13;SE;Sudeste/Centro-Oeste;ANGRA 2;20.12
2026-01-10;2026-01-16;2026;1;2;PMO Janeiro 2026 - Revisão 2;1;SE;Sudeste/Centro-Oeste;ANGRA 1;31.17
2026-01-10;2026-01-16;2026;1;2;PMO Janeiro 2026 - Revisão 2;236;SE;Sudeste/Centro-Oeste;M.AZUL;128.17
2026-01-10;2026-01-16;2026;1;2;PMO Janeiro 2026 - Revisão 2;229;SE;Sudeste/Centro-Oeste;O.PINTADA;152.33
2026-01-10;2026-01-16;2026;1;2;PMO Janeiro 2026 - Revisão 2;146;SE;Sudeste/Centro-Oeste;UTE STA VI;164.56
2026-01-10;2026-01-16;2026;1;2;PMO Janeiro 2026 - Revisão 2;4;SE;Sudeste/Centro-Oeste;ST.CRUZ 34;310.41
2026-01-10;2026-01-16;2026;1;2;PMO Janeiro 2026 - Revisão 2;211;SE;Sudeste/Centro-Oeste;BAIXADA FL;314.89
2026-01-10;2026-01-16;2026;1;2;PMO Janeiro 2026 - Revisão 2;86;SE;Sudeste/Centro-Oeste;SANTA CRUZ;319.46
2026-01-10;2026-01-16;2026;1;2;PMO Janeiro 2026 - Revisão 2;97;SE;Sudeste/Centro-Oeste;CUBATAO;342.53
2026-01-10;2026-01-16;2026;1;2;PMO Janeiro 2026 - Revisão 2;238;SE;Sudeste/Centro-Oeste;UTE GNA II;445.95
2026-01-10;2026-01-16;2026;1;2;PMO Janeiro 2026 - Revisão 2;137;SE;Sudeste/Centro-Oeste;UTE GNA I;617.01
2026-01-10;2026-01-16;2026;1;2;PMO Janeiro 2026 - Revisão 2;245;SE;Sudeste/Centro-Oeste;KARKEY 013;703.1
2026-01-10;2026-01-16;2026;1;2;PMO Janeiro 2026 - Revisão 2;246;SE;Sudeste/Centro-Oeste;KARKEY 019;703.1
2026-01-10;2026-01-16;2026;1;2;PMO Janeiro 2026 - Revisão 2;68;SE;Sudeste/Centro-Oeste;TRES LAGOA;766.64
2026-01-10;2026-01-16;2026;1;2;PMO Janeiro 2026 - Revisão 2;12;SE;Sudeste/Centro-Oeste;CUIABA CC;825.02
2026-01-10;2026-01-16;2026;1;2;PMO Janeiro 2026 - Revisão 2;249;SE;Sudeste/Centro-Oeste;PORSUD I;834.61
2026-01-10;2026-01-16;2026;1;2;PMO Janeiro 2026 - Revisão 2;250;SE;Sudeste/Centro-Oeste;PORSUD II;836.73
2026-01-10;2026-01-16;2026;1;2;PMO Janeiro 2026 - Revisão 2;334;SE;Sudeste/Centro-Oeste;W.ARJONA;841.11
2026-01-10;2026-01-16;2026;1;2;PMO Janeiro 2026 - Revisão 2;63;SE;Sudeste/Centro-Oeste;AUR.CHAVES;841.37
2026-01-10;2026-01-16;2026;1;2;PMO Janeiro 2026 - Revisão 2;47;SE;Sudeste/Centro-Oeste;TERMORIO;842.32
2026-01-10;2026-01-16;2026;1;2;PMO Janeiro 2026 - Revisão 2;415;SE;Sudeste/Centro-Oeste;LORM;914.11
2026-01-10;2026-01-16;2026;1;2;PMO Janeiro 2026 - Revisão 2;651;SE;Sudeste/Centro-Oeste;POVOAC I_F;958.82
2026-01-10;2026-01-16;2026;1;2;PMO Janeiro 2026 - Revisão 2;60;SE;Sudeste/Centro-Oeste;NORTEFLU;966.31
2026-01-10;2026-01-16;2026;1;2;PMO Janeiro 2026 - Revisão 2;49;SE;Sudeste/Centro-Oeste;VIANA;975.44
2026-01-10;2026-01-16;2026;1;2;PMO Janeiro 2026 - Revisão 2;251;SE;Sudeste/Centro-Oeste;POVOACAO I;1004.44
2026-01-10;2026-01-16;2026;1;2;PMO Janeiro 2026 - Revisão 2;247;SE;Sudeste/Centro-Oeste;LORM_PCS;1004.44
2026-01-10;2026-01-16;2026;1;2;PMO Janeiro 2026 - Revisão 2;90;SE;Sudeste/Centro-Oeste;M.LAGO;1011.95
2026-01-10;2026-01-16;2026;1;2;PMO Janeiro 2026 - Revisão 2;62;SE;Sudeste/Centro-Oeste;SEROPEDICA;1068.51
2026-01-10;2026-01-16;2026;1;2;PMO Janeiro 2026 - Revisão 2;54;SE;Sudeste/Centro-Oeste;JUIZ DE FO;1078.63
2026-01-10;2026-01-16;2026;1;2;PMO Janeiro 2026 - Revisão 2;253;SE;Sudeste/Centro-Oeste;VIANA I;1096.46
2026-01-10;2026-01-16;2026;1;2;PMO Janeiro 2026 - Revisão 2;110;SE;Sudeste/Centro-Oeste;FGASPARIAN;1294.25
2026-01-17;2026-01-23;2026;1;3;PMO Janeiro 2026 - Revisão 3;240;N;Norte;BARCARENA;0.0
2026-01-17;2026-01-23;2026;1;3;PMO Janeiro 2026 - Revisão 3;212;N;Norte;MARANHAO3;116.1
2026-01-17;2026-01-23;2026;1;3;PMO Janeiro 2026 - Revisão 3;203;N;Norte;C. ROCHA;149.0
2026-01-17;2026-01-23;2026;1;3;PMO Janeiro 2026 - Revisão 3;204;N;Norte;JARAQUI;149.0
2026-01-17;2026-01-23;2026;1;3;PMO Janeiro 2026 - Revisão 3;205;N;Norte;MANAUARA;149.0
2026-01-17;2026-01-23;2026;1;3;PMO Janeiro 2026 - Revisão 3;207;N;Norte;PONTA NEGR;149.0
2026-01-17;2026-01-23;2026;1;3;PMO Janeiro 2026 - Revisão 3;209;N;Norte;TAMBAQUI;149.0
2026-01-17;2026-01-23;2026;1;3;PMO Janeiro 2026 - Revisão 3;201;N;Norte;APARECIDA;149.0
2026-01-17;2026-01-23;2026;1;3;PMO Janeiro 2026 - Revisão 3;140;N;Norte;UTE MAUA 3;149.0
2026-01-17;2026-01-23;2026;1;3;PMO Janeiro 2026 - Revisão 3;239;N;Norte;PARNAIBA_V;231.22
2026-01-17;2026-01-23;2026;1;3;PMO Janeiro 2026 - Revisão 3;326;N;Norte;JAGUATI II;289.25
2026-01-17;2026-01-23;2026;1;3;PMO Janeiro 2026 - Revisão 3;21;N;Norte;MARANHAO V;293.89
2026-01-17;2026-01-23;2026;1;3;PMO Janeiro 2026 - Revisão 3;36;N;Norte;MARANHAOIV;293.89
2026-01-17;2026-01-23;2026;1;3;PMO Janeiro 2026 - Revisão 3;46;N;Norte;N.VENECIA2;308.35
2026-01-17;2026-01-23;2026;1;3;PMO Janeiro 2026 - Revisão 3;176;N;Norte;P. ITAQUI;309.35
2026-01-17;2026-01-23;2026;1;3;PMO Janeiro 2026 - Revisão 3;329;N;Norte;PAU RAINHA;555.69
2026-01-17;2026-01-23;2026;1;3;PMO Janeiro 2026 - Revisão 3;323;N;Norte;BONFIM;555.69
2026-01-17;2026-01-23;2026;1;3;PMO Janeiro 2026 - Revisão 3;324;N;Norte;CANTA;555.69
2026-01-17;2026-01-23;2026;1;3;PMO Janeiro 2026 - Revisão 3;330;N;Norte;SANTA LUZ;555.69
2026-01-17;2026-01-23;2026;1;3;PMO Janeiro 2026 - Revisão 3;116;N;Norte;PARNAIB_IV;759.24
2026-01-17;2026-01-23;2026;1;3;PMO Janeiro 2026 - Revisão 3;322;N;Norte;BBF BALIZA;876.44
2026-01-17;2026-01-23;2026;1;3;PMO Janeiro 2026 - Revisão 3;73;N;Norte;GERAMAR1;900.08
2026-01-17;2026-01-23;2026;1;3;PMO Janeiro 2026 - Revisão 3;70;N;Norte;GERAMAR2;900.08
2026-01-17;2026-01-23;2026;1;3;PMO Janeiro 2026 - Revisão 3;327;N;Norte;M.C.SUCUBA;1721.1
2026-01-17;2026-01-23;2026;1;3;PMO Janeiro 2026 - Revisão 3;328;N;Norte;PALMAPLAN;1840.09
2026-01-17;2026-01-23;2026;1;3;PMO Janeiro 2026 - Revisão 3;57;NE;Nordeste;MARACANAU;0.0
2026-01-17;2026-01-23;2026;1;3;PMO Janeiro 2026 - Revisão 3;144;NE;Nordeste;PETROLINA;0.0
2026-01-17;2026-01-23;2026;1;3;PMO Janeiro 2026 - Revisão 3;106;NE;Nordeste;ERB CANDEI;118.93
2026-01-17;2026-01-23;2026;1;3;PMO Janeiro 2026 - Revisão 3;147;NE;Nordeste;PROSPERIDA;224.31
2026-01-17;2026-01-23;2026;1;3;PMO Janeiro 2026 - Revisão 3;223;NE;Nordeste;PROSP_III;228.55
2026-01-17;2026-01-23;2026;1;3;PMO Janeiro 2026 - Revisão 3;241;NE;Nordeste;PROSP_II;271.14
2026-01-17;2026-01-23;2026;1;3;PMO Janeiro 2026 - Revisão 3;224;NE;Nordeste;PSERGIPE I;300.35
2026-01-17;2026-01-23;2026;1;3;PMO Janeiro 2026 - Revisão 3;167;NE;Nordeste;P.PECEM1;306.64
2026-01-17;2026-01-23;2026;1;3;PMO Janeiro 2026 - Revisão 3;163;NE;Nordeste;P.PECEM2;317.47
2026-01-17;2026-01-23;2026;1;3;PMO Janeiro 2026 - Revisão 3;83;NE;Nordeste;JS_PEREIRA;450.86
2026-01-17;2026-01-23;2026;1;3;PMO Janeiro 2026 - Revisão 3;98;NE;Nordeste;PERNAMBU_3;741.18
2026-01-17;2026-01-23;2026;1;3;PMO Janeiro 2026 - Revisão 3;96;NE;Nordeste;TERMOPE;806.73
2026-01-17;2026-01-23;2026;1;3;PMO Janeiro 2026 - Revisão 3;170;NE;Nordeste;SUAPE II;875.88
2026-01-17;2026-01-23;2026;1;3;PMO Janeiro 2026 - Revisão 3;43;NE;Nordeste;C.FURTADO;984.89
2026-01-17;2026-01-23;2026;1;3;PMO Janeiro 2026 - Revisão 3;55;NE;Nordeste;GLOBAL II;1104.92
2026-01-17;2026-01-23;2026;1;3;PMO Janeiro 2026 - Revisão 3;53;NE;Nordeste;GLOBAL I;1104.92
2026-01-17;2026-01-23;2026;1;3;PMO Janeiro 2026 - Revisão 3;152;NE;Nordeste;TERMOCABO;1504.27
2026-01-17;2026-01-23;2026;1;3;PMO Janeiro 2026 - Revisão 3;151;NE;Nordeste;POTIGUAR;1838.2
2026-01-17;2026-01-23;2026;1;3;PMO Janeiro 2026 - Revisão 3;161;NE;Nordeste;POTIGUAR_3;1838.2
2026-01-17;2026-01-23;2026;1;3;PMO Janeiro 2026 - Revisão 3;67;NE;Nordeste;TERMONE;1840.95
2026-01-17;2026-01-23;2026;1;3;PMO Janeiro 2026 - Revisão 3;69;NE;Nordeste;TERMOPB;1840.95
2026-01-17;2026-01-23;2026;1;3;PMO Janeiro 2026 - Revisão 3;52;NE;Nordeste;CAMPINA_GR;2085.48
2026-01-17;2026-01-23;2026;1;3;PMO Janeiro 2026 - Revisão 3;58;NE;Nordeste;TERMOCEARA;2237.72
2026-01-17;2026-01-23;2026;1;3;PMO Janeiro 2026 - Revisão 3;235;NE;Nordeste;C.MURICY 2;2295.76
2026-01-17;2026-01-23;2026;1;3;PMO Janeiro 2026 - Revisão 3;162;NE;Nordeste;PECEM 2;2319.64
2026-01-17;2026-01-23;2026;1;3;PMO Janeiro 2026 - Revisão 3;35;S;Sul;URUGUAIANA;0.0
2026-01-17;2026-01-23;2026;1;3;PMO Janeiro 2026 - Revisão 3;254;S;Sul;B.BONITA I;0.0
2026-01-17;2026-01-23;2026;1;3;PMO Janeiro 2026 - Revisão 3;107;S;Sul;PAMPA SUL;105.94
2026-01-17;2026-01-23;2026;1;3;PMO Janeiro 2026 - Revisão 3;149;S;Sul;SAO SEPE;118.84
2026-01-17;2026-01-23;2026;1;3;PMO Janeiro 2026 - Revisão 3;24;S;Sul;J.LACER. C;346.07
2026-01-17;2026-01-23;2026;1;3;PMO Janeiro 2026 - Revisão 3;25;S;Sul;J.LACER. B;405.38
2026-01-17;2026-01-23;2026;1;3;PMO Janeiro 2026 - Revisão 3;27;S;Sul;J.LAC. A2;415.07
2026-01-17;2026-01-23;2026;1;3;PMO Janeiro 2026 - Revisão 3;26;S;Sul;J.LAC. A1;517.23
2026-01-17;2026-01-23;2026;1;3;PMO Janeiro 2026 - Revisão 3;156;S;Sul;CANDIOTA_3;519.71
2026-01-17;2026-01-23;2026;1;3;PMO Janeiro 2026 - Revisão 3;48;S;Sul;ARAUCARIA;969.68
2026-01-17;2026-01-23;2026;1;3;PMO Janeiro 2026 - Revisão 3;64;S;Sul;S.TIARAJU;1375.2
2026-01-17;2026-01-23;2026;1;3;PMO Janeiro 2026 - Revisão 3;194;SE;Sudeste/Centro-Oeste;TNORTE 2;0.0
2026-01-17;2026-01-23;2026;1;3;PMO Janeiro 2026 - Revisão 3;434;SE;Sudeste/Centro-Oeste;W.ARJONA O;0.0
2026-01-17;2026-01-23;2026;1;3;PMO Janeiro 2026 - Revisão 3;183;SE;Sudeste/Centro-Oeste;ATLANTICO;0.0
2026-01-17;2026-01-23;2026;1;3;PMO Janeiro 2026 - Revisão 3;182;SE;Sudeste/Centro-Oeste;PALMEIR_GO;0.0
2026-01-17;2026-01-23;2026;1;3;PMO Janeiro 2026 - Revisão 3;153;SE;Sudeste/Centro-Oeste;DAIA;0.0
2026-01-17;2026-01-23;2026;1;3;PMO Janeiro 2026 - Revisão 3;108;SE;Sudeste/Centro-Oeste;XAVANTES;0.0
2026-01-17;2026-01-23;2026;1;3;PMO Janeiro 2026 - Revisão 3;65;SE;Sudeste/Centro-Oeste;ATLAN_CSA;0.0
2026-01-17;2026-01-23;2026;1;3;PMO Janeiro 2026 - Revisão 3;248;SE;Sudeste/Centro-Oeste;MPPAULINIA;0.0
2026-01-17;2026-01-23;2026;1;3;PMO Janeiro 2026 - Revisão 3;13;SE;Sudeste/Centro-Oeste;ANGRA 2;20.12
2026-01-17;2026-01-23;2026;1;3;PMO Janeiro 2026 - Revisão 3;1;SE;Sudeste/Centro-Oeste;ANGRA 1;31.17
2026-01-17;2026-01-23;2026;1;3;PMO Janeiro 2026 - Revisão 3;236;SE;Sudeste/Centro-Oeste;M.AZUL;128.17
2026-01-17;2026-01-23;2026;1;3;PMO Janeiro 2026 - Revisão 3;229;SE;Sudeste/Centro-Oeste;O.PINTADA;152.33
2026-01-17;2026-01-23;2026;1;3;PMO Janeiro 2026 - Revisão 3;146;SE;Sudeste/Centro-Oeste;UTE STA VI;164.56
2026-01-17;2026-01-23;2026;1;3;PMO Janeiro 2026 - Revisão 3;4;SE;Sudeste/Centro-Oeste;ST.CRUZ 34;310.41
2026-01-17;2026-01-23;2026;1;3;PMO Janeiro 2026 - Revisão 3;211;SE;Sudeste/Centro-Oeste;BAIXADA FL;314.89
2026-01-17;2026-01-23;2026;1;3;PMO Janeiro 2026 - Revisão 3;86;SE;Sudeste/Centro-Oeste;SANTA CRUZ;319.46
2026-01-17;2026-01-23;2026;1;3;PMO Janeiro 2026 - Revisão 3;97;SE;Sudeste/Centro-Oeste;CUBATAO;342.53
2026-01-17;2026-01-23;2026;1;3;PMO Janeiro 2026 - Revisão 3;238;SE;Sudeste/Centro-Oeste;UTE GNA II;445.95
2026-01-17;2026-01-23;2026;1;3;PMO Janeiro 2026 - Revisão 3;137;SE;Sudeste/Centro-Oeste;UTE GNA I;617.01
2026-01-17;2026-01-23;2026;1;3;PMO Janeiro 2026 - Revisão 3;246;SE;Sudeste/Centro-Oeste;KARKEY 019;703.1
2026-01-17;2026-01-23;2026;1;3;PMO Janeiro 2026 - Revisão 3;245;SE;Sudeste/Centro-Oeste;KARKEY 013;703.1
2026-01-17;2026-01-23;2026;1;3;PMO Janeiro 2026 - Revisão 3;68;SE;Sudeste/Centro-Oeste;TRES LAGOA;766.64
2026-01-17;2026-01-23;2026;1;3;PMO Janeiro 2026 - Revisão 3;12;SE;Sudeste/Centro-Oeste;CUIABA CC;825.02
2026-01-17;2026-01-23;2026;1;3;PMO Janeiro 2026 - Revisão 3;249;SE;Sudeste/Centro-Oeste;PORSUD I;834.61
2026-01-17;2026-01-23;2026;1;3;PMO Janeiro 2026 - Revisão 3;250;SE;Sudeste/Centro-Oeste;PORSUD II;836.73
2026-01-17;2026-01-23;2026;1;3;PMO Janeiro 2026 - Revisão 3;334;SE;Sudeste/Centro-Oeste;W.ARJONA;841.11
2026-01-17;2026-01-23;2026;1;3;PMO Janeiro 2026 - Revisão 3;63;SE;Sudeste/Centro-Oeste;AUR.CHAVES;841.37
2026-01-17;2026-01-23;2026;1;3;PMO Janeiro 2026 - Revisão 3;47;SE;Sudeste/Centro-Oeste;TERMORIO;842.32
2026-01-17;2026-01-23;2026;1;3;PMO Janeiro 2026 - Revisão 3;15;SE;Sudeste/Centro-Oeste;LUIZORMELO;914.11
2026-01-17;2026-01-23;2026;1;3;PMO Janeiro 2026 - Revisão 3;15;SE;Sudeste/Centro-Oeste;LUIZORMELO;914.11
2026-01-17;2026-01-23;2026;1;3;PMO Janeiro 2026 - Revisão 3;251;SE;Sudeste/Centro-Oeste;POVOACAO I;958.82
2026-01-17;2026-01-23;2026;1;3;PMO Janeiro 2026 - Revisão 3;60;SE;Sudeste/Centro-Oeste;NORTEFLU;966.31
2026-01-17;2026-01-23;2026;1;3;PMO Janeiro 2026 - Revisão 3;49;SE;Sudeste/Centro-Oeste;VIANA;975.44
2026-01-17;2026-01-23;2026;1;3;PMO Janeiro 2026 - Revisão 3;90;SE;Sudeste/Centro-Oeste;M.LAGO;1011.95
2026-01-17;2026-01-23;2026;1;3;PMO Janeiro 2026 - Revisão 3;62;SE;Sudeste/Centro-Oeste;SEROPEDICA;1068.51
2026-01-17;2026-01-23;2026;1;3;PMO Janeiro 2026 - Revisão 3;54;SE;Sudeste/Centro-Oeste;JUIZ DE FO;1078.63
2026-01-17;2026-01-23;2026;1;3;PMO Janeiro 2026 - Revisão 3;253;SE;Sudeste/Centro-Oeste;VIANA I;1096.46
2026-01-17;2026-01-23;2026;1;3;PMO Janeiro 2026 - Revisão 3;110;SE;Sudeste/Centro-Oeste;FGASPARIAN;1294.25
2026-01-24;2026-01-30;2026;1;4;PMO Janeiro 2026 - Revisão 4;240;N;Norte;BARCARENA;0.0
2026-01-24;2026-01-30;2026;1;4;PMO Janeiro 2026 - Revisão 4;212;N;Norte;MARANHAO3;116.1
2026-01-24;2026-01-30;2026;1;4;PMO Janeiro 2026 - Revisão 4;209;N;Norte;TAMBAQUI;149.0
2026-01-24;2026-01-30;2026;1;4;PMO Janeiro 2026 - Revisão 4;207;N;Norte;PONTA NEGR;149.0
2026-01-24;2026-01-30;2026;1;4;PMO Janeiro 2026 - Revisão 4;205;N;Norte;MANAUARA;149.0
2026-01-24;2026-01-30;2026;1;4;PMO Janeiro 2026 - Revisão 4;204;N;Norte;JARAQUI;149.0
2026-01-24;2026-01-30;2026;1;4;PMO Janeiro 2026 - Revisão 4;203;N;Norte;C. ROCHA;149.0
2026-01-24;2026-01-30;2026;1;4;PMO Janeiro 2026 - Revisão 4;140;N;Norte;UTE MAUA 3;149.0
2026-01-24;2026-01-30;2026;1;4;PMO Janeiro 2026 - Revisão 4;201;N;Norte;APARECIDA;149.0
2026-01-24;2026-01-30;2026;1;4;PMO Janeiro 2026 - Revisão 4;239;N;Norte;PARNAIBA_V;231.22
2026-01-24;2026-01-30;2026;1;4;PMO Janeiro 2026 - Revisão 4;326;N;Norte;JAGUATI II;289.25
2026-01-24;2026-01-30;2026;1;4;PMO Janeiro 2026 - Revisão 4;21;N;Norte;MARANHAO V;293.89
2026-01-24;2026-01-30;2026;1;4;PMO Janeiro 2026 - Revisão 4;36;N;Norte;MARANHAOIV;293.89
2026-01-24;2026-01-30;2026;1;4;PMO Janeiro 2026 - Revisão 4;46;N;Norte;N.VENECIA2;308.35
2026-01-24;2026-01-30;2026;1;4;PMO Janeiro 2026 - Revisão 4;176;N;Norte;P. ITAQUI;309.35
2026-01-24;2026-01-30;2026;1;4;PMO Janeiro 2026 - Revisão 4;329;N;Norte;PAU RAINHA;555.69
2026-01-24;2026-01-30;2026;1;4;PMO Janeiro 2026 - Revisão 4;324;N;Norte;CANTA;555.69
2026-01-24;2026-01-30;2026;1;4;PMO Janeiro 2026 - Revisão 4;330;N;Norte;SANTA LUZ;555.69
2026-01-24;2026-01-30;2026;1;4;PMO Janeiro 2026 - Revisão 4;323;N;Norte;BONFIM;555.69
2026-01-24;2026-01-30;2026;1;4;PMO Janeiro 2026 - Revisão 4;116;N;Norte;PARNAIB_IV;759.24
2026-01-24;2026-01-30;2026;1;4;PMO Janeiro 2026 - Revisão 4;322;N;Norte;BBF BALIZA;876.44
2026-01-24;2026-01-30;2026;1;4;PMO Janeiro 2026 - Revisão 4;70;N;Norte;GERAMAR2;900.08
2026-01-24;2026-01-30;2026;1;4;PMO Janeiro 2026 - Revisão 4;73;N;Norte;GERAMAR1;900.08
2026-01-24;2026-01-30;2026;1;4;PMO Janeiro 2026 - Revisão 4;327;N;Norte;M.C.SUCUBA;1721.1
2026-01-24;2026-01-30;2026;1;4;PMO Janeiro 2026 - Revisão 4;328;N;Norte;PALMAPLAN;1840.09
2026-01-24;2026-01-30;2026;1;4;PMO Janeiro 2026 - Revisão 4;144;NE;Nordeste;PETROLINA;0.0
2026-01-24;2026-01-30;2026;1;4;PMO Janeiro 2026 - Revisão 4;57;NE;Nordeste;MARACANAU;0.0
2026-01-24;2026-01-30;2026;1;4;PMO Janeiro 2026 - Revisão 4;106;NE;Nordeste;ERB CANDEI;118.93
2026-01-24;2026-01-30;2026;1;4;PMO Janeiro 2026 - Revisão 4;147;NE;Nordeste;PROSPERIDA;224.31
2026-01-24;2026-01-30;2026;1;4;PMO Janeiro 2026 - Revisão 4;223;NE;Nordeste;PROSP_III;228.55
2026-01-24;2026-01-30;2026;1;4;PMO Janeiro 2026 - Revisão 4;241;NE;Nordeste;PROSP_II;271.14
2026-01-24;2026-01-30;2026;1;4;PMO Janeiro 2026 - Revisão 4;224;NE;Nordeste;PSERGIPE I;300.35
2026-01-24;2026-01-30;2026;1;4;PMO Janeiro 2026 - Revisão 4;167;NE;Nordeste;P.PECEM1;306.64
2026-01-24;2026-01-30;2026;1;4;PMO Janeiro 2026 - Revisão 4;163;NE;Nordeste;P.PECEM2;317.47
2026-01-24;2026-01-30;2026;1;4;PMO Janeiro 2026 - Revisão 4;83;NE;Nordeste;JS_PEREIRA;450.86
2026-01-24;2026-01-30;2026;1;4;PMO Janeiro 2026 - Revisão 4;98;NE;Nordeste;PERNAMBU_3;741.18
2026-01-24;2026-01-30;2026;1;4;PMO Janeiro 2026 - Revisão 4;96;NE;Nordeste;TERMOPE;806.73
2026-01-24;2026-01-30;2026;1;4;PMO Janeiro 2026 - Revisão 4;170;NE;Nordeste;SUAPE II;875.88
2026-01-24;2026-01-30;2026;1;4;PMO Janeiro 2026 - Revisão 4;43;NE;Nordeste;C.FURTADO;984.89
2026-01-24;2026-01-30;2026;1;4;PMO Janeiro 2026 - Revisão 4;55;NE;Nordeste;GLOBAL II;1104.92
2026-01-24;2026-01-30;2026;1;4;PMO Janeiro 2026 - Revisão 4;53;NE;Nordeste;GLOBAL I;1104.92
2026-01-24;2026-01-30;2026;1;4;PMO Janeiro 2026 - Revisão 4;152;NE;Nordeste;TERMOCABO;1504.27
2026-01-24;2026-01-30;2026;1;4;PMO Janeiro 2026 - Revisão 4;151;NE;Nordeste;POTIGUAR;1838.2
2026-01-24;2026-01-30;2026;1;4;PMO Janeiro 2026 - Revisão 4;161;NE;Nordeste;POTIGUAR_3;1838.2
2026-01-24;2026-01-30;2026;1;4;PMO Janeiro 2026 - Revisão 4;67;NE;Nordeste;TERMONE;1840.95
2026-01-24;2026-01-30;2026;1;4;PMO Janeiro 2026 - Revisão 4;69;NE;Nordeste;TERMOPB;1840.95
2026-01-24;2026-01-30;2026;1;4;PMO Janeiro 2026 - Revisão 4;52;NE;Nordeste;CAMPINA_GR;2085.48
2026-01-24;2026-01-30;2026;1;4;PMO Janeiro 2026 - Revisão 4;58;NE;Nordeste;TERMOCEARA;2237.72
2026-01-24;2026-01-30;2026;1;4;PMO Janeiro 2026 - Revisão 4;235;NE;Nordeste;C.MURICY 2;2295.76
2026-01-24;2026-01-30;2026;1;4;PMO Janeiro 2026 - Revisão 4;162;NE;Nordeste;PECEM 2;2319.64
2026-01-24;2026-01-30;2026;1;4;PMO Janeiro 2026 - Revisão 4;35;S;Sul;URUGUAIANA;0.0
2026-01-24;2026-01-30;2026;1;4;PMO Janeiro 2026 - Revisão 4;254;S;Sul;B.BONITA I;0.0
2026-01-24;2026-01-30;2026;1;4;PMO Janeiro 2026 - Revisão 4;107;S;Sul;PAMPA SUL;105.94
2026-01-24;2026-01-30;2026;1;4;PMO Janeiro 2026 - Revisão 4;149;S;Sul;SAO SEPE;118.84
2026-01-24;2026-01-30;2026;1;4;PMO Janeiro 2026 - Revisão 4;24;S;Sul;J.LACER. C;346.07
2026-01-24;2026-01-30;2026;1;4;PMO Janeiro 2026 - Revisão 4;25;S;Sul;J.LACER. B;405.38
2026-01-24;2026-01-30;2026;1;4;PMO Janeiro 2026 - Revisão 4;27;S;Sul;J.LAC. A2;415.07
2026-01-24;2026-01-30;2026;1;4;PMO Janeiro 2026 - Revisão 4;26;S;Sul;J.LAC. A1;517.23
2026-01-24;2026-01-30;2026;1;4;PMO Janeiro 2026 - Revisão 4;156;S;Sul;CANDIOTA_3;519.71
2026-01-24;2026-01-30;2026;1;4;PMO Janeiro 2026 - Revisão 4;48;S;Sul;ARAUCARIA;969.68
2026-01-24;2026-01-30;2026;1;4;PMO Janeiro 2026 - Revisão 4;64;S;Sul;S.TIARAJU;1375.2
2026-01-24;2026-01-30;2026;1;4;PMO Janeiro 2026 - Revisão 4;65;SE;Sudeste/Centro-Oeste;ATLAN_CSA;0.0
2026-01-24;2026-01-30;2026;1;4;PMO Janeiro 2026 - Revisão 4;108;SE;Sudeste/Centro-Oeste;XAVANTES;0.0
2026-01-24;2026-01-30;2026;1;4;PMO Janeiro 2026 - Revisão 4;153;SE;Sudeste/Centro-Oeste;DAIA;0.0
2026-01-24;2026-01-30;2026;1;4;PMO Janeiro 2026 - Revisão 4;182;SE;Sudeste/Centro-Oeste;PALMEIR_GO;0.0
2026-01-24;2026-01-30;2026;1;4;PMO Janeiro 2026 - Revisão 4;183;SE;Sudeste/Centro-Oeste;ATLANTICO;0.0
2026-01-24;2026-01-30;2026;1;4;PMO Janeiro 2026 - Revisão 4;194;SE;Sudeste/Centro-Oeste;TNORTE 2;0.0
2026-01-24;2026-01-30;2026;1;4;PMO Janeiro 2026 - Revisão 4;434;SE;Sudeste/Centro-Oeste;W.ARJONA O;0.0
2026-01-24;2026-01-30;2026;1;4;PMO Janeiro 2026 - Revisão 4;248;SE;Sudeste/Centro-Oeste;MPPAULINIA;0.0
2026-01-24;2026-01-30;2026;1;4;PMO Janeiro 2026 - Revisão 4;13;SE;Sudeste/Centro-Oeste;ANGRA 2;20.12
2026-01-24;2026-01-30;2026;1;4;PMO Janeiro 2026 - Revisão 4;1;SE;Sudeste/Centro-Oeste;ANGRA 1;31.17
2026-01-24;2026-01-30;2026;1;4;PMO Janeiro 2026 - Revisão 4;236;SE;Sudeste/Centro-Oeste;M.AZUL;128.17
2026-01-24;2026-01-30;2026;1;4;PMO Janeiro 2026 - Revisão 4;229;SE;Sudeste/Centro-Oeste;O.PINTADA;152.33
2026-01-24;2026-01-30;2026;1;4;PMO Janeiro 2026 - Revisão 4;146;SE;Sudeste/Centro-Oeste;UTE STA VI;164.56
2026-01-24;2026-01-30;2026;1;4;PMO Janeiro 2026 - Revisão 4;4;SE;Sudeste/Centro-Oeste;ST.CRUZ 34;310.41
2026-01-24;2026-01-30;2026;1;4;PMO Janeiro 2026 - Revisão 4;211;SE;Sudeste/Centro-Oeste;BAIXADA FL;314.89
2026-01-24;2026-01-30;2026;1;4;PMO Janeiro 2026 - Revisão 4;86;SE;Sudeste/Centro-Oeste;SANTA CRUZ;319.46
2026-01-24;2026-01-30;2026;1;4;PMO Janeiro 2026 - Revisão 4;97;SE;Sudeste/Centro-Oeste;CUBATAO;342.53
2026-01-24;2026-01-30;2026;1;4;PMO Janeiro 2026 - Revisão 4;238;SE;Sudeste/Centro-Oeste;UTE GNA II;445.95
2026-01-24;2026-01-30;2026;1;4;PMO Janeiro 2026 - Revisão 4;137;SE;Sudeste/Centro-Oeste;UTE GNA I;617.01
2026-01-24;2026-01-30;2026;1;4;PMO Janeiro 2026 - Revisão 4;245;SE;Sudeste/Centro-Oeste;KARKEY 013;703.1
2026-01-24;2026-01-30;2026;1;4;PMO Janeiro 2026 - Revisão 4;246;SE;Sudeste/Centro-Oeste;KARKEY 019;703.1
2026-01-24;2026-01-30;2026;1;4;PMO Janeiro 2026 - Revisão 4;68;SE;Sudeste/Centro-Oeste;TRES LAGOA;766.64
2026-01-24;2026-01-30;2026;1;4;PMO Janeiro 2026 - Revisão 4;12;SE;Sudeste/Centro-Oeste;CUIABA CC;825.02
2026-01-24;2026-01-30;2026;1;4;PMO Janeiro 2026 - Revisão 4;249;SE;Sudeste/Centro-Oeste;PORSUD I;834.61
2026-01-24;2026-01-30;2026;1;4;PMO Janeiro 2026 - Revisão 4;250;SE;Sudeste/Centro-Oeste;PORSUD II;836.73
2026-01-24;2026-01-30;2026;1;4;PMO Janeiro 2026 - Revisão 4;334;SE;Sudeste/Centro-Oeste;W.ARJONA;841.11
2026-01-24;2026-01-30;2026;1;4;PMO Janeiro 2026 - Revisão 4;63;SE;Sudeste/Centro-Oeste;AUR.CHAVES;841.37
2026-01-24;2026-01-30;2026;1;4;PMO Janeiro 2026 - Revisão 4;47;SE;Sudeste/Centro-Oeste;TERMORIO;842.32
2026-01-24;2026-01-30;2026;1;4;PMO Janeiro 2026 - Revisão 4;15;SE;Sudeste/Centro-Oeste;LUIZORMELO;914.11
2026-01-24;2026-01-30;2026;1;4;PMO Janeiro 2026 - Revisão 4;15;SE;Sudeste/Centro-Oeste;LUIZORMELO;914.11
2026-01-24;2026-01-30;2026;1;4;PMO Janeiro 2026 - Revisão 4;251;SE;Sudeste/Centro-Oeste;POVOACAO I;958.82
2026-01-24;2026-01-30;2026;1;4;PMO Janeiro 2026 - Revisão 4;60;SE;Sudeste/Centro-Oeste;NORTEFLU;966.31
2026-01-24;2026-01-30;2026;1;4;PMO Janeiro 2026 - Revisão 4;49;SE;Sudeste/Centro-Oeste;VIANA;975.44
2026-01-24;2026-01-30;2026;1;4;PMO Janeiro 2026 - Revisão 4;90;SE;Sudeste/Centro-Oeste;M.LAGO;1011.95
2026-01-24;2026-01-30;2026;1;4;PMO Janeiro 2026 - Revisão 4;62;SE;Sudeste/Centro-Oeste;SEROPEDICA;1068.51
2026-01-24;2026-01-30;2026;1;4;PMO Janeiro 2026 - Revisão 4;54;SE;Sudeste/Centro-Oeste;JUIZ DE FO;1078.63
2026-01-24;2026-01-30;2026;1;4;PMO Janeiro 2026 - Revisão 4;253;SE;Sudeste/Centro-Oeste;VIANA I;1096.46
2026-01-24;2026-01-30;2026;1;4;PMO Janeiro 2026 - Revisão 4;110;SE;Sudeste/Centro-Oeste;FGASPARIAN;1294.25
2026-01-31;2026-02-06;2026;2;0;PMO Fevereiro 2026;212;N;Norte;MARANHAO3;116.1
2026-01-31;2026-02-06;2026;2;0;PMO Fevereiro 2026;201;N;Norte;APARECIDA;149.0
2026-01-31;2026-02-06;2026;2;0;PMO Fevereiro 2026;209;N;Norte;TAMBAQUI;149.0
2026-01-31;2026-02-06;2026;2;0;PMO Fevereiro 2026;207;N;Norte;PONTA NEGR;149.0
2026-01-31;2026-02-06;2026;2;0;PMO Fevereiro 2026;203;N;Norte;C. ROCHA;149.0
2026-01-31;2026-02-06;2026;2;0;PMO Fevereiro 2026;204;N;Norte;JARAQUI;149.0
2026-01-31;2026-02-06;2026;2;0;PMO Fevereiro 2026;205;N;Norte;MANAUARA;149.0
2026-01-31;2026-02-06;2026;2;0;PMO Fevereiro 2026;140;N;Norte;UTE MAUA 3;149.0
2026-01-31;2026-02-06;2026;2;0;PMO Fevereiro 2026;239;N;Norte;PARNAIBA_V;231.22
2026-01-31;2026-02-06;2026;2;0;PMO Fevereiro 2026;326;N;Norte;JAGUATI II;289.25
2026-01-31;2026-02-06;2026;2;0;PMO Fevereiro 2026;21;N;Norte;MARANHAO V;293.89
2026-01-31;2026-02-06;2026;2;0;PMO Fevereiro 2026;36;N;Norte;MARANHAOIV;293.89
2026-01-31;2026-02-06;2026;2;0;PMO Fevereiro 2026;46;N;Norte;N.VENECIA2;308.35
2026-01-31;2026-02-06;2026;2;0;PMO Fevereiro 2026;176;N;Norte;P. ITAQUI;309.35
2026-01-31;2026-02-06;2026;2;0;PMO Fevereiro 2026;330;N;Norte;SANTA LUZ;555.69
2026-01-31;2026-02-06;2026;2;0;PMO Fevereiro 2026;329;N;Norte;PAU RAINHA;555.69
2026-01-31;2026-02-06;2026;2;0;PMO Fevereiro 2026;324;N;Norte;CANTA;555.69
2026-01-31;2026-02-06;2026;2;0;PMO Fevereiro 2026;323;N;Norte;BONFIM;555.69
2026-01-31;2026-02-06;2026;2;0;PMO Fevereiro 2026;116;N;Norte;PARNAIB_IV;759.24
2026-01-31;2026-02-06;2026;2;0;PMO Fevereiro 2026;322;N;Norte;BBF BALIZA;876.44
2026-01-31;2026-02-06;2026;2;0;PMO Fevereiro 2026;70;N;Norte;GERAMAR2;900.08
2026-01-31;2026-02-06;2026;2;0;PMO Fevereiro 2026;73;N;Norte;GERAMAR1;900.08
2026-01-31;2026-02-06;2026;2;0;PMO Fevereiro 2026;327;N;Norte;M.C.SUCUBA;1738.08
2026-01-31;2026-02-06;2026;2;0;PMO Fevereiro 2026;328;N;Norte;PALMAPLAN;1864.46
2026-01-31;2026-02-06;2026;2;0;PMO Fevereiro 2026;144;NE;Nordeste;PETROLINA;0.0
2026-01-31;2026-02-06;2026;2;0;PMO Fevereiro 2026;57;NE;Nordeste;MARACANAU;0.0
2026-01-31;2026-02-06;2026;2;0;PMO Fevereiro 2026;106;NE;Nordeste;ERB CANDEI;118.93
2026-01-31;2026-02-06;2026;2;0;PMO Fevereiro 2026;147;NE;Nordeste;PROSPERIDA;224.31
2026-01-31;2026-02-06;2026;2;0;PMO Fevereiro 2026;223;NE;Nordeste;PROSP_III;228.55
2026-01-31;2026-02-06;2026;2;0;PMO Fevereiro 2026;241;NE;Nordeste;PROSP_II;271.14
2026-01-31;2026-02-06;2026;2;0;PMO Fevereiro 2026;224;NE;Nordeste;PSERGIPE I;300.35
2026-01-31;2026-02-06;2026;2;0;PMO Fevereiro 2026;167;NE;Nordeste;P.PECEM1;306.64
2026-01-31;2026-02-06;2026;2;0;PMO Fevereiro 2026;163;NE;Nordeste;P.PECEM2;317.47
2026-01-31;2026-02-06;2026;2;0;PMO Fevereiro 2026;83;NE;Nordeste;JS_PEREIRA;450.86
2026-01-31;2026-02-06;2026;2;0;PMO Fevereiro 2026;98;NE;Nordeste;PERNAMBU_3;741.18
2026-01-31;2026-02-06;2026;2;0;PMO Fevereiro 2026;96;NE;Nordeste;TERMOPE;806.73
2026-01-31;2026-02-06;2026;2;0;PMO Fevereiro 2026;170;NE;Nordeste;SUAPE II;875.88
2026-01-31;2026-02-06;2026;2;0;PMO Fevereiro 2026;43;NE;Nordeste;C.FURTADO;984.89
2026-01-31;2026-02-06;2026;2;0;PMO Fevereiro 2026;55;NE;Nordeste;GLOBAL II;1104.92
2026-01-31;2026-02-06;2026;2;0;PMO Fevereiro 2026;53;NE;Nordeste;GLOBAL I;1104.92
2026-01-31;2026-02-06;2026;2;0;PMO Fevereiro 2026;152;NE;Nordeste;TERMOCABO;1504.27
2026-01-31;2026-02-06;2026;2;0;PMO Fevereiro 2026;161;NE;Nordeste;POTIGUAR_3;1838.2
2026-01-31;2026-02-06;2026;2;0;PMO Fevereiro 2026;151;NE;Nordeste;POTIGUAR;1838.2
2026-01-31;2026-02-06;2026;2;0;PMO Fevereiro 2026;67;NE;Nordeste;TERMONE;1840.95
2026-01-31;2026-02-06;2026;2;0;PMO Fevereiro 2026;69;NE;Nordeste;TERMOPB;1840.95
2026-01-31;2026-02-06;2026;2;0;PMO Fevereiro 2026;52;NE;Nordeste;CAMPINA_GR;2085.48
2026-01-31;2026-02-06;2026;2;0;PMO Fevereiro 2026;58;NE;Nordeste;TERMOCEARA;2237.72
2026-01-31;2026-02-06;2026;2;0;PMO Fevereiro 2026;235;NE;Nordeste;C.MURICY 2;2295.76
2026-01-31;2026-02-06;2026;2;0;PMO Fevereiro 2026;162;NE;Nordeste;PECEM 2;2319.64
2026-01-31;2026-02-06;2026;2;0;PMO Fevereiro 2026;35;S;Sul;URUGUAIANA;0.0
2026-01-31;2026-02-06;2026;2;0;PMO Fevereiro 2026;254;S;Sul;B.BONITA I;0.0
2026-01-31;2026-02-06;2026;2;0;PMO Fevereiro 2026;107;S;Sul;PAMPA SUL;105.94
2026-01-31;2026-02-06;2026;2;0;PMO Fevereiro 2026;149;S;Sul;SAO SEPE;118.84
2026-01-31;2026-02-06;2026;2;0;PMO Fevereiro 2026;24;S;Sul;J.LACER. C;347.2
2026-01-31;2026-02-06;2026;2;0;PMO Fevereiro 2026;25;S;Sul;J.LACER. B;406.71
2026-01-31;2026-02-06;2026;2;0;PMO Fevereiro 2026;27;S;Sul;J.LAC. A2;416.4
2026-01-31;2026-02-06;2026;2;0;PMO Fevereiro 2026;26;S;Sul;J.LAC. A1;518.92
2026-01-31;2026-02-06;2026;2;0;PMO Fevereiro 2026;156;S;Sul;CANDIOTA_3;519.71
2026-01-31;2026-02-06;2026;2;0;PMO Fevereiro 2026;48;S;Sul;ARAUCARIA;969.68
2026-01-31;2026-02-06;2026;2;0;PMO Fevereiro 2026;64;S;Sul;S.TIARAJU;1375.2
2026-01-31;2026-02-06;2026;2;0;PMO Fevereiro 2026;194;SE;Sudeste/Centro-Oeste;TNORTE 2;0.0
2026-01-31;2026-02-06;2026;2;0;PMO Fevereiro 2026;183;SE;Sudeste/Centro-Oeste;ATLANTICO;0.0
2026-01-31;2026-02-06;2026;2;0;PMO Fevereiro 2026;182;SE;Sudeste/Centro-Oeste;PALMEIR_GO;0.0
2026-01-31;2026-02-06;2026;2;0;PMO Fevereiro 2026;153;SE;Sudeste/Centro-Oeste;DAIA;0.0
2026-01-31;2026-02-06;2026;2;0;PMO Fevereiro 2026;108;SE;Sudeste/Centro-Oeste;XAVANTES;0.0
2026-01-31;2026-02-06;2026;2;0;PMO Fevereiro 2026;65;SE;Sudeste/Centro-Oeste;ATLAN_CSA;0.0
2026-01-31;2026-02-06;2026;2;0;PMO Fevereiro 2026;434;SE;Sudeste/Centro-Oeste;W.ARJONA O;0.0
2026-01-31;2026-02-06;2026;2;0;PMO Fevereiro 2026;248;SE;Sudeste/Centro-Oeste;MPPAULINIA;0.0
2026-01-31;2026-02-06;2026;2;0;PMO Fevereiro 2026;13;SE;Sudeste/Centro-Oeste;ANGRA 2;20.12
2026-01-31;2026-02-06;2026;2;0;PMO Fevereiro 2026;1;SE;Sudeste/Centro-Oeste;ANGRA 1;31.17
2026-01-31;2026-02-06;2026;2;0;PMO Fevereiro 2026;236;SE;Sudeste/Centro-Oeste;M.AZUL;128.17
2026-01-31;2026-02-06;2026;2;0;PMO Fevereiro 2026;229;SE;Sudeste/Centro-Oeste;O.PINTADA;152.33
2026-01-31;2026-02-06;2026;2;0;PMO Fevereiro 2026;146;SE;Sudeste/Centro-Oeste;UTE STA VI;164.56
2026-01-31;2026-02-06;2026;2;0;PMO Fevereiro 2026;4;SE;Sudeste/Centro-Oeste;ST.CRUZ 34;310.41
2026-01-31;2026-02-06;2026;2;0;PMO Fevereiro 2026;211;SE;Sudeste/Centro-Oeste;BAIXADA FL;314.89
2026-01-31;2026-02-06;2026;2;0;PMO Fevereiro 2026;86;SE;Sudeste/Centro-Oeste;SANTA CRUZ;319.46
2026-01-31;2026-02-06;2026;2;0;PMO Fevereiro 2026;97;SE;Sudeste/Centro-Oeste;CUBATAO;342.53
2026-01-31;2026-02-06;2026;2;0;PMO Fevereiro 2026;238;SE;Sudeste/Centro-Oeste;UTE GNA II;445.95
2026-01-31;2026-02-06;2026;2;0;PMO Fevereiro 2026;137;SE;Sudeste/Centro-Oeste;UTE GNA I;617.01
2026-01-31;2026-02-06;2026;2;0;PMO Fevereiro 2026;245;SE;Sudeste/Centro-Oeste;KARKEY 013;703.1
2026-01-31;2026-02-06;2026;2;0;PMO Fevereiro 2026;246;SE;Sudeste/Centro-Oeste;KARKEY 019;703.1
2026-01-31;2026-02-06;2026;2;0;PMO Fevereiro 2026;68;SE;Sudeste/Centro-Oeste;TRES LAGOA;766.64
2026-01-31;2026-02-06;2026;2;0;PMO Fevereiro 2026;12;SE;Sudeste/Centro-Oeste;CUIABA CC;825.02
2026-01-31;2026-02-06;2026;2;0;PMO Fevereiro 2026;249;SE;Sudeste/Centro-Oeste;PORSUD I;834.61
2026-01-31;2026-02-06;2026;2;0;PMO Fevereiro 2026;250;SE;Sudeste/Centro-Oeste;PORSUD II;836.73
2026-01-31;2026-02-06;2026;2;0;PMO Fevereiro 2026;334;SE;Sudeste/Centro-Oeste;W.ARJONA;841.11
2026-01-31;2026-02-06;2026;2;0;PMO Fevereiro 2026;63;SE;Sudeste/Centro-Oeste;AUR.CHAVES;841.37
2026-01-31;2026-02-06;2026;2;0;PMO Fevereiro 2026;47;SE;Sudeste/Centro-Oeste;TERMORIO;842.32
2026-01-31;2026-02-06;2026;2;0;PMO Fevereiro 2026;15;SE;Sudeste/Centro-Oeste;LUIZORMELO;914.11
2026-01-31;2026-02-06;2026;2;0;PMO Fevereiro 2026;15;SE;Sudeste/Centro-Oeste;LUIZORMELO;914.11
2026-01-31;2026-02-06;2026;2;0;PMO Fevereiro 2026;60;SE;Sudeste/Centro-Oeste;NORTEFLU;953.55
2026-01-31;2026-02-06;2026;2;0;PMO Fevereiro 2026;251;SE;Sudeste/Centro-Oeste;POVOACAO I;958.82
2026-01-31;2026-02-06;2026;2;0;PMO Fevereiro 2026;49;SE;Sudeste/Centro-Oeste;VIANA;975.44
2026-01-31;2026-02-06;2026;2;0;PMO Fevereiro 2026;90;SE;Sudeste/Centro-Oeste;M.LAGO;1011.95
2026-01-31;2026-02-06;2026;2;0;PMO Fevereiro 2026;62;SE;Sudeste/Centro-Oeste;SEROPEDICA;1068.51
2026-01-31;2026-02-06;2026;2;0;PMO Fevereiro 2026;54;SE;Sudeste/Centro-Oeste;JUIZ DE FO;1078.63
2026-01-31;2026-02-06;2026;2;0;PMO Fevereiro 2026;253;SE;Sudeste/Centro-Oeste;VIANA I;1096.46
2026-01-31;2026-02-06;2026;2;0;PMO Fevereiro 2026;110;SE;Sudeste/Centro-Oeste;FGASPARIAN;1294.25
2026-02-07;2026-02-13;2026;2;1;PMO Fevereiro 2026 - Revisão 1;212;N;Norte;MARANHAO3;116.1
2026-02-07;2026-02-13;2026;2;1;PMO Fevereiro 2026 - Revisão 1;209;N;Norte;TAMBAQUI;213.34
2026-02-07;2026-02-13;2026;2;1;PMO Fevereiro 2026 - Revisão 1;207;N;Norte;PONTA NEGR;213.34
2026-02-07;2026-02-13;2026;2;1;PMO Fevereiro 2026 - Revisão 1;205;N;Norte;MANAUARA;213.34
2026-02-07;2026-02-13;2026;2;1;PMO Fevereiro 2026 - Revisão 1;204;N;Norte;JARAQUI;213.34
2026-02-07;2026-02-13;2026;2;1;PMO Fevereiro 2026 - Revisão 1;203;N;Norte;C. ROCHA;213.34
2026-02-07;2026-02-13;2026;2;1;PMO Fevereiro 2026 - Revisão 1;201;N;Norte;APARECIDA;213.34
2026-02-07;2026-02-13;2026;2;1;PMO Fevereiro 2026 - Revisão 1;140;N;Norte;UTE MAUA 3;213.34
2026-02-07;2026-02-13;2026;2;1;PMO Fevereiro 2026 - Revisão 1;239;N;Norte;PARNAIBA_V;226.34
2026-02-07;2026-02-13;2026;2;1;PMO Fevereiro 2026 - Revisão 1;326;N;Norte;JAGUATI II;289.25
2026-02-07;2026-02-13;2026;2;1;PMO Fevereiro 2026 - Revisão 1;46;N;Norte;N.VENECIA2;308.35
2026-02-07;2026-02-13;2026;2;1;PMO Fevereiro 2026 - Revisão 1;176;N;Norte;P. ITAQUI;310.78
2026-02-07;2026-02-13;2026;2;1;PMO Fevereiro 2026 - Revisão 1;36;N;Norte;MARANHAOIV;446.77
2026-02-07;2026-02-13;2026;2;1;PMO Fevereiro 2026 - Revisão 1;21;N;Norte;MARANHAO V;446.77
2026-02-07;2026-02-13;2026;2;1;PMO Fevereiro 2026 - Revisão 1;324;N;Norte;CANTA;555.69
2026-02-07;2026-02-13;2026;2;1;PMO Fevereiro 2026 - Revisão 1;329;N;Norte;PAU RAINHA;555.69
2026-02-07;2026-02-13;2026;2;1;PMO Fevereiro 2026 - Revisão 1;330;N;Norte;SANTA LUZ;555.69
2026-02-07;2026-02-13;2026;2;1;PMO Fevereiro 2026 - Revisão 1;323;N;Norte;BONFIM;555.69
2026-02-07;2026-02-13;2026;2;1;PMO Fevereiro 2026 - Revisão 1;116;N;Norte;PARNAIB_IV;788.17
2026-02-07;2026-02-13;2026;2;1;PMO Fevereiro 2026 - Revisão 1;322;N;Norte;BBF BALIZA;876.44
2026-02-07;2026-02-13;2026;2;1;PMO Fevereiro 2026 - Revisão 1;73;N;Norte;GERAMAR1;913.46
2026-02-07;2026-02-13;2026;2;1;PMO Fevereiro 2026 - Revisão 1;70;N;Norte;GERAMAR2;913.46
2026-02-07;2026-02-13;2026;2;1;PMO Fevereiro 2026 - Revisão 1;327;N;Norte;M.C.SUCUBA;1738.08
2026-02-07;2026-02-13;2026;2;1;PMO Fevereiro 2026 - Revisão 1;328;N;Norte;PALMAPLAN;1864.46
2026-02-07;2026-02-13;2026;2;1;PMO Fevereiro 2026 - Revisão 1;144;NE;Nordeste;PETROLINA;0.0
2026-02-07;2026-02-13;2026;2;1;PMO Fevereiro 2026 - Revisão 1;57;NE;Nordeste;MARACANAU;0.0
2026-02-07;2026-02-13;2026;2;1;PMO Fevereiro 2026 - Revisão 1;106;NE;Nordeste;ERB CANDEI;118.93
2026-02-07;2026-02-13;2026;2;1;PMO Fevereiro 2026 - Revisão 1;147;NE;Nordeste;PROSPERIDA;224.31
2026-02-07;2026-02-13;2026;2;1;PMO Fevereiro 2026 - Revisão 1;223;NE;Nordeste;PROSP_III;228.55
2026-02-07;2026-02-13;2026;2;1;PMO Fevereiro 2026 - Revisão 1;241;NE;Nordeste;PROSP_II;280.49
2026-02-07;2026-02-13;2026;2;1;PMO Fevereiro 2026 - Revisão 1;167;NE;Nordeste;P.PECEM1;308.16
2026-02-07;2026-02-13;2026;2;1;PMO Fevereiro 2026 - Revisão 1;224;NE;Nordeste;PSERGIPE I;311.29
2026-02-07;2026-02-13;2026;2;1;PMO Fevereiro 2026 - Revisão 1;163;NE;Nordeste;P.PECEM2;318.91
2026-02-07;2026-02-13;2026;2;1;PMO Fevereiro 2026 - Revisão 1;83;NE;Nordeste;JS_PEREIRA;450.86
2026-02-07;2026-02-13;2026;2;1;PMO Fevereiro 2026 - Revisão 1;98;NE;Nordeste;PERNAMBU_3;753.06
2026-02-07;2026-02-13;2026;2;1;PMO Fevereiro 2026 - Revisão 1;96;NE;Nordeste;TERMOPE;826.55
2026-02-07;2026-02-13;2026;2;1;PMO Fevereiro 2026 - Revisão 1;170;NE;Nordeste;SUAPE II;890.08
2026-02-07;2026-02-13;2026;2;1;PMO Fevereiro 2026 - Revisão 1;43;NE;Nordeste;C.FURTADO;1024.43
2026-02-07;2026-02-13;2026;2;1;PMO Fevereiro 2026 - Revisão 1;55;NE;Nordeste;GLOBAL II;1120.77
2026-02-07;2026-02-13;2026;2;1;PMO Fevereiro 2026 - Revisão 1;53;NE;Nordeste;GLOBAL I;1120.77
2026-02-07;2026-02-13;2026;2;1;PMO Fevereiro 2026 - Revisão 1;152;NE;Nordeste;TERMOCABO;1495.67
2026-02-07;2026-02-13;2026;2;1;PMO Fevereiro 2026 - Revisão 1;67;NE;Nordeste;TERMONE;1831.39
2026-02-07;2026-02-13;2026;2;1;PMO Fevereiro 2026 - Revisão 1;69;NE;Nordeste;TERMOPB;1831.39
2026-02-07;2026-02-13;2026;2;1;PMO Fevereiro 2026 - Revisão 1;151;NE;Nordeste;POTIGUAR;1841.86
2026-02-07;2026-02-13;2026;2;1;PMO Fevereiro 2026 - Revisão 1;161;NE;Nordeste;POTIGUAR_3;1841.86
2026-02-07;2026-02-13;2026;2;1;PMO Fevereiro 2026 - Revisão 1;52;NE;Nordeste;CAMPINA_GR;2076.29
2026-02-07;2026-02-13;2026;2;1;PMO Fevereiro 2026 - Revisão 1;58;NE;Nordeste;TERMOCEARA;2244.4
2026-02-07;2026-02-13;2026;2;1;PMO Fevereiro 2026 - Revisão 1;235;NE;Nordeste;C.MURICY 2;2301.01
2026-02-07;2026-02-13;2026;2;1;PMO Fevereiro 2026 - Revisão 1;162;NE;Nordeste;PECEM 2;2324.95
2026-02-07;2026-02-13;2026;2;1;PMO Fevereiro 2026 - Revisão 1;35;S;Sul;URUGUAIANA;0.0
2026-02-07;2026-02-13;2026;2;1;PMO Fevereiro 2026 - Revisão 1;254;S;Sul;B.BONITA I;0.0
2026-02-07;2026-02-13;2026;2;1;PMO Fevereiro 2026 - Revisão 1;107;S;Sul;PAMPA SUL;105.94
2026-02-07;2026-02-13;2026;2;1;PMO Fevereiro 2026 - Revisão 1;149;S;Sul;SAO SEPE;118.84
2026-02-07;2026-02-13;2026;2;1;PMO Fevereiro 2026 - Revisão 1;24;S;Sul;J.LACER. C;347.2
2026-02-07;2026-02-13;2026;2;1;PMO Fevereiro 2026 - Revisão 1;25;S;Sul;J.LACER. B;406.71
2026-02-07;2026-02-13;2026;2;1;PMO Fevereiro 2026 - Revisão 1;27;S;Sul;J.LAC. A2;416.39
2026-02-07;2026-02-13;2026;2;1;PMO Fevereiro 2026 - Revisão 1;26;S;Sul;J.LAC. A1;518.9
2026-02-07;2026-02-13;2026;2;1;PMO Fevereiro 2026 - Revisão 1;156;S;Sul;CANDIOTA_3;519.16
2026-02-07;2026-02-13;2026;2;1;PMO Fevereiro 2026 - Revisão 1;48;S;Sul;ARAUCARIA;900.0
2026-02-07;2026-02-13;2026;2;1;PMO Fevereiro 2026 - Revisão 1;64;S;Sul;S.TIARAJU;1374.17
2026-02-07;2026-02-13;2026;2;1;PMO Fevereiro 2026 - Revisão 1;383;SE;Sudeste/Centro-Oeste;ATLANTICO;0.0
2026-02-07;2026-02-13;2026;2;1;PMO Fevereiro 2026 - Revisão 1;434;SE;Sudeste/Centro-Oeste;W.ARJONA O;0.0
2026-02-07;2026-02-13;2026;2;1;PMO Fevereiro 2026 - Revisão 1;248;SE;Sudeste/Centro-Oeste;MPPAULINIA;0.0
2026-02-07;2026-02-13;2026;2;1;PMO Fevereiro 2026 - Revisão 1;194;SE;Sudeste/Centro-Oeste;TNORTE 2;0.0
2026-02-07;2026-02-13;2026;2;1;PMO Fevereiro 2026 - Revisão 1;182;SE;Sudeste/Centro-Oeste;PALMEIR_GO;0.0
2026-02-07;2026-02-13;2026;2;1;PMO Fevereiro 2026 - Revisão 1;153;SE;Sudeste/Centro-Oeste;DAIA;0.0
2026-02-07;2026-02-13;2026;2;1;PMO Fevereiro 2026 - Revisão 1;108;SE;Sudeste/Centro-Oeste;XAVANTES;0.0
2026-02-07;2026-02-13;2026;2;1;PMO Fevereiro 2026 - Revisão 1;13;SE;Sudeste/Centro-Oeste;ANGRA 2;20.12
2026-02-07;2026-02-13;2026;2;1;PMO Fevereiro 2026 - Revisão 1;1;SE;Sudeste/Centro-Oeste;ANGRA 1;31.17
2026-02-07;2026-02-13;2026;2;1;PMO Fevereiro 2026 - Revisão 1;236;SE;Sudeste/Centro-Oeste;M.AZUL;133.71
2026-02-07;2026-02-13;2026;2;1;PMO Fevereiro 2026 - Revisão 1;229;SE;Sudeste/Centro-Oeste;O.PINTADA;152.33
2026-02-07;2026-02-13;2026;2;1;PMO Fevereiro 2026 - Revisão 1;146;SE;Sudeste/Centro-Oeste;UTE STA VI;164.56
2026-02-07;2026-02-13;2026;2;1;PMO Fevereiro 2026 - Revisão 1;4;SE;Sudeste/Centro-Oeste;ST.CRUZ 34;310.41
2026-02-07;2026-02-13;2026;2;1;PMO Fevereiro 2026 - Revisão 1;97;SE;Sudeste/Centro-Oeste;CUBATAO;356.45
2026-02-07;2026-02-13;2026;2;1;PMO Fevereiro 2026 - Revisão 1;238;SE;Sudeste/Centro-Oeste;UTE GNA II;464.08
2026-02-07;2026-02-13;2026;2;1;PMO Fevereiro 2026 - Revisão 1;211;SE;Sudeste/Centro-Oeste;BAIXADA FL;482.92
2026-02-07;2026-02-13;2026;2;1;PMO Fevereiro 2026 - Revisão 1;86;SE;Sudeste/Centro-Oeste;SANTA CRUZ;488.96
2026-02-07;2026-02-13;2026;2;1;PMO Fevereiro 2026 - Revisão 1;245;SE;Sudeste/Centro-Oeste;KARKEY 013;730.8
2026-02-07;2026-02-13;2026;2;1;PMO Fevereiro 2026 - Revisão 1;246;SE;Sudeste/Centro-Oeste;KARKEY 019;730.8
2026-02-07;2026-02-13;2026;2;1;PMO Fevereiro 2026 - Revisão 1;68;SE;Sudeste/Centro-Oeste;TRES LAGOA;825.23
2026-02-07;2026-02-13;2026;2;1;PMO Fevereiro 2026 - Revisão 1;12;SE;Sudeste/Centro-Oeste;CUIABA CC;859.98
2026-02-07;2026-02-13;2026;2;1;PMO Fevereiro 2026 - Revisão 1;249;SE;Sudeste/Centro-Oeste;PORSUD I;862.73
2026-02-07;2026-02-13;2026;2;1;PMO Fevereiro 2026 - Revisão 1;250;SE;Sudeste/Centro-Oeste;PORSUD II;864.22
2026-02-07;2026-02-13;2026;2;1;PMO Fevereiro 2026 - Revisão 1;334;SE;Sudeste/Centro-Oeste;W.ARJONA;874.61
2026-02-07;2026-02-13;2026;2;1;PMO Fevereiro 2026 - Revisão 1;63;SE;Sudeste/Centro-Oeste;AUR.CHAVES;874.88
2026-02-07;2026-02-13;2026;2;1;PMO Fevereiro 2026 - Revisão 1;47;SE;Sudeste/Centro-Oeste;TERMORIO;876.22
2026-02-07;2026-02-13;2026;2;1;PMO Fevereiro 2026 - Revisão 1;15;SE;Sudeste/Centro-Oeste;LUIZORMELO;941.79
2026-02-07;2026-02-13;2026;2;1;PMO Fevereiro 2026 - Revisão 1;15;SE;Sudeste/Centro-Oeste;LUIZORMELO;941.79
2026-02-07;2026-02-13;2026;2;1;PMO Fevereiro 2026 - Revisão 1;137;SE;Sudeste/Centro-Oeste;UTE GNA I;956.16
2026-02-07;2026-02-13;2026;2;1;PMO Fevereiro 2026 - Revisão 1;60;SE;Sudeste/Centro-Oeste;NORTEFLU;966.92
2026-02-07;2026-02-13;2026;2;1;PMO Fevereiro 2026 - Revisão 1;251;SE;Sudeste/Centro-Oeste;POVOACAO I;986.05
2026-02-07;2026-02-13;2026;2;1;PMO Fevereiro 2026 - Revisão 1;49;SE;Sudeste/Centro-Oeste;VIANA;990.61
2026-02-07;2026-02-13;2026;2;1;PMO Fevereiro 2026 - Revisão 1;90;SE;Sudeste/Centro-Oeste;M.LAGO;1066.66
2026-02-07;2026-02-13;2026;2;1;PMO Fevereiro 2026 - Revisão 1;253;SE;Sudeste/Centro-Oeste;VIANA I;1124.32
2026-02-07;2026-02-13;2026;2;1;PMO Fevereiro 2026 - Revisão 1;62;SE;Sudeste/Centro-Oeste;SEROPEDICA;1136.9
2026-02-07;2026-02-13;2026;2;1;PMO Fevereiro 2026 - Revisão 1;54;SE;Sudeste/Centro-Oeste;JUIZ DE FO;1146.82
2026-02-07;2026-02-13;2026;2;1;PMO Fevereiro 2026 - Revisão 1;110;SE;Sudeste/Centro-Oeste;FGASPARIAN;1379.23
2026-02-14;2026-02-20;2026;2;2;PMO Fevereiro 2026 - Revisão 2;212;N;Norte;MARANHAO3;116.1
2026-02-14;2026-02-20;2026;2;2;PMO Fevereiro 2026 - Revisão 2;201;N;Norte;APARECIDA;213.34
2026-02-14;2026-02-20;2026;2;2;PMO Fevereiro 2026 - Revisão 2;140;N;Norte;UTE MAUA 3;213.34
2026-02-14;2026-02-20;2026;2;2;PMO Fevereiro 2026 - Revisão 2;205;N;Norte;MANAUARA;213.34
2026-02-14;2026-02-20;2026;2;2;PMO Fevereiro 2026 - Revisão 2;207;N;Norte;PONTA NEGR;213.34
2026-02-14;2026-02-20;2026;2;2;PMO Fevereiro 2026 - Revisão 2;209;N;Norte;TAMBAQUI;213.34
2026-02-14;2026-02-20;2026;2;2;PMO Fevereiro 2026 - Revisão 2;204;N;Norte;JARAQUI;213.34
2026-02-14;2026-02-20;2026;2;2;PMO Fevereiro 2026 - Revisão 2;203;N;Norte;C. ROCHA;213.34
2026-02-14;2026-02-20;2026;2;2;PMO Fevereiro 2026 - Revisão 2;239;N;Norte;PARNAIBA_V;226.34
2026-02-14;2026-02-20;2026;2;2;PMO Fevereiro 2026 - Revisão 2;326;N;Norte;JAGUATI II;289.25
2026-02-14;2026-02-20;2026;2;2;PMO Fevereiro 2026 - Revisão 2;46;N;Norte;N.VENECIA2;308.35
2026-02-14;2026-02-20;2026;2;2;PMO Fevereiro 2026 - Revisão 2;176;N;Norte;P. ITAQUI;310.78
2026-02-14;2026-02-20;2026;2;2;PMO Fevereiro 2026 - Revisão 2;21;N;Norte;MARANHAO V;446.77
2026-02-14;2026-02-20;2026;2;2;PMO Fevereiro 2026 - Revisão 2;36;N;Norte;MARANHAOIV;446.77
2026-02-14;2026-02-20;2026;2;2;PMO Fevereiro 2026 - Revisão 2;330;N;Norte;SANTA LUZ;555.69
2026-02-14;2026-02-20;2026;2;2;PMO Fevereiro 2026 - Revisão 2;329;N;Norte;PAU RAINHA;555.69
2026-02-14;2026-02-20;2026;2;2;PMO Fevereiro 2026 - Revisão 2;324;N;Norte;CANTA;555.69
2026-02-14;2026-02-20;2026;2;2;PMO Fevereiro 2026 - Revisão 2;323;N;Norte;BONFIM;555.69
2026-02-14;2026-02-20;2026;2;2;PMO Fevereiro 2026 - Revisão 2;116;N;Norte;PARNAIB_IV;788.17
2026-02-14;2026-02-20;2026;2;2;PMO Fevereiro 2026 - Revisão 2;322;N;Norte;BBF BALIZA;876.44
2026-02-14;2026-02-20;2026;2;2;PMO Fevereiro 2026 - Revisão 2;70;N;Norte;GERAMAR2;913.46
2026-02-14;2026-02-20;2026;2;2;PMO Fevereiro 2026 - Revisão 2;73;N;Norte;GERAMAR1;913.46
2026-02-14;2026-02-20;2026;2;2;PMO Fevereiro 2026 - Revisão 2;327;N;Norte;M.C.SUCUBA;1738.08
2026-02-14;2026-02-20;2026;2;2;PMO Fevereiro 2026 - Revisão 2;328;N;Norte;PALMAPLAN;1864.46
2026-02-14;2026-02-20;2026;2;2;PMO Fevereiro 2026 - Revisão 2;144;NE;Nordeste;PETROLINA;0.0
2026-02-14;2026-02-20;2026;2;2;PMO Fevereiro 2026 - Revisão 2;57;NE;Nordeste;MARACANAU;0.0
2026-02-14;2026-02-20;2026;2;2;PMO Fevereiro 2026 - Revisão 2;106;NE;Nordeste;ERB CANDEI;118.93
2026-02-14;2026-02-20;2026;2;2;PMO Fevereiro 2026 - Revisão 2;147;NE;Nordeste;PROSPERIDA;224.31
2026-02-14;2026-02-20;2026;2;2;PMO Fevereiro 2026 - Revisão 2;223;NE;Nordeste;PROSP_III;228.55
2026-02-14;2026-02-20;2026;2;2;PMO Fevereiro 2026 - Revisão 2;241;NE;Nordeste;PROSP_II;280.49
2026-02-14;2026-02-20;2026;2;2;PMO Fevereiro 2026 - Revisão 2;167;NE;Nordeste;P.PECEM1;308.16
2026-02-14;2026-02-20;2026;2;2;PMO Fevereiro 2026 - Revisão 2;224;NE;Nordeste;PSERGIPE I;311.29
2026-02-14;2026-02-20;2026;2;2;PMO Fevereiro 2026 - Revisão 2;163;NE;Nordeste;P.PECEM2;318.91
2026-02-14;2026-02-20;2026;2;2;PMO Fevereiro 2026 - Revisão 2;83;NE;Nordeste;JS_PEREIRA;450.86
2026-02-14;2026-02-20;2026;2;2;PMO Fevereiro 2026 - Revisão 2;98;NE;Nordeste;PERNAMBU_3;753.06
2026-02-14;2026-02-20;2026;2;2;PMO Fevereiro 2026 - Revisão 2;96;NE;Nordeste;TERMOPE;826.55
2026-02-14;2026-02-20;2026;2;2;PMO Fevereiro 2026 - Revisão 2;170;NE;Nordeste;SUAPE II;890.08
2026-02-14;2026-02-20;2026;2;2;PMO Fevereiro 2026 - Revisão 2;43;NE;Nordeste;C.FURTADO;1024.43
2026-02-14;2026-02-20;2026;2;2;PMO Fevereiro 2026 - Revisão 2;53;NE;Nordeste;GLOBAL I;1120.77
2026-02-14;2026-02-20;2026;2;2;PMO Fevereiro 2026 - Revisão 2;55;NE;Nordeste;GLOBAL II;1120.77
2026-02-14;2026-02-20;2026;2;2;PMO Fevereiro 2026 - Revisão 2;152;NE;Nordeste;TERMOCABO;1495.67
2026-02-14;2026-02-20;2026;2;2;PMO Fevereiro 2026 - Revisão 2;67;NE;Nordeste;TERMONE;1831.39
2026-02-14;2026-02-20;2026;2;2;PMO Fevereiro 2026 - Revisão 2;69;NE;Nordeste;TERMOPB;1831.39
2026-02-14;2026-02-20;2026;2;2;PMO Fevereiro 2026 - Revisão 2;161;NE;Nordeste;POTIGUAR_3;1841.86
2026-02-14;2026-02-20;2026;2;2;PMO Fevereiro 2026 - Revisão 2;151;NE;Nordeste;POTIGUAR;1841.86
2026-02-14;2026-02-20;2026;2;2;PMO Fevereiro 2026 - Revisão 2;52;NE;Nordeste;CAMPINA_GR;2076.29
2026-02-14;2026-02-20;2026;2;2;PMO Fevereiro 2026 - Revisão 2;58;NE;Nordeste;TERMOCEARA;2244.4
2026-02-14;2026-02-20;2026;2;2;PMO Fevereiro 2026 - Revisão 2;235;NE;Nordeste;C.MURICY 2;2301.01
2026-02-14;2026-02-20;2026;2;2;PMO Fevereiro 2026 - Revisão 2;162;NE;Nordeste;PECEM 2;2324.95
2026-02-14;2026-02-20;2026;2;2;PMO Fevereiro 2026 - Revisão 2;254;S;Sul;B.BONITA I;0.0
2026-02-14;2026-02-20;2026;2;2;PMO Fevereiro 2026 - Revisão 2;107;S;Sul;PAMPA SUL;105.94
2026-02-14;2026-02-20;2026;2;2;PMO Fevereiro 2026 - Revisão 2;149;S;Sul;SAO SEPE;118.84
2026-02-14;2026-02-20;2026;2;2;PMO Fevereiro 2026 - Revisão 2;24;S;Sul;J.LACER. C;347.2
2026-02-14;2026-02-20;2026;2;2;PMO Fevereiro 2026 - Revisão 2;25;S;Sul;J.LACER. B;406.71
2026-02-14;2026-02-20;2026;2;2;PMO Fevereiro 2026 - Revisão 2;27;S;Sul;J.LAC. A2;416.39
2026-02-14;2026-02-20;2026;2;2;PMO Fevereiro 2026 - Revisão 2;26;S;Sul;J.LAC. A1;518.9
2026-02-14;2026-02-20;2026;2;2;PMO Fevereiro 2026 - Revisão 2;156;S;Sul;CANDIOTA_3;519.16
2026-02-14;2026-02-20;2026;2;2;PMO Fevereiro 2026 - Revisão 2;48;S;Sul;ARAUCARIA;900.0
2026-02-14;2026-02-20;2026;2;2;PMO Fevereiro 2026 - Revisão 2;35;S;Sul;URUGUAIANA;1268.92
2026-02-14;2026-02-20;2026;2;2;PMO Fevereiro 2026 - Revisão 2;64;S;Sul;S.TIARAJU;1374.17
2026-02-14;2026-02-20;2026;2;2;PMO Fevereiro 2026 - Revisão 2;434;SE;Sudeste/Centro-Oeste;W.ARJONA O;0.0
2026-02-14;2026-02-20;2026;2;2;PMO Fevereiro 2026 - Revisão 2;153;SE;Sudeste/Centro-Oeste;DAIA;0.0
2026-02-14;2026-02-20;2026;2;2;PMO Fevereiro 2026 - Revisão 2;108;SE;Sudeste/Centro-Oeste;XAVANTES;0.0
2026-02-14;2026-02-20;2026;2;2;PMO Fevereiro 2026 - Revisão 2;182;SE;Sudeste/Centro-Oeste;PALMEIR_GO;0.0
2026-02-14;2026-02-20;2026;2;2;PMO Fevereiro 2026 - Revisão 2;194;SE;Sudeste/Centro-Oeste;TNORTE 2;0.0
2026-02-14;2026-02-20;2026;2;2;PMO Fevereiro 2026 - Revisão 2;248;SE;Sudeste/Centro-Oeste;MPPAULINIA;0.0
2026-02-14;2026-02-20;2026;2;2;PMO Fevereiro 2026 - Revisão 2;383;SE;Sudeste/Centro-Oeste;ATLANTICO;0.0
2026-02-14;2026-02-20;2026;2;2;PMO Fevereiro 2026 - Revisão 2;13;SE;Sudeste/Centro-Oeste;ANGRA 2;20.12
2026-02-14;2026-02-20;2026;2;2;PMO Fevereiro 2026 - Revisão 2;1;SE;Sudeste/Centro-Oeste;ANGRA 1;31.17
2026-02-14;2026-02-20;2026;2;2;PMO Fevereiro 2026 - Revisão 2;236;SE;Sudeste/Centro-Oeste;M.AZUL;133.71
2026-02-14;2026-02-20;2026;2;2;PMO Fevereiro 2026 - Revisão 2;229;SE;Sudeste/Centro-Oeste;O.PINTADA;152.33
2026-02-14;2026-02-20;2026;2;2;PMO Fevereiro 2026 - Revisão 2;146;SE;Sudeste/Centro-Oeste;UTE STA VI;164.56
2026-02-14;2026-02-20;2026;2;2;PMO Fevereiro 2026 - Revisão 2;4;SE;Sudeste/Centro-Oeste;ST.CRUZ 34;310.41
2026-02-14;2026-02-20;2026;2;2;PMO Fevereiro 2026 - Revisão 2;97;SE;Sudeste/Centro-Oeste;CUBATAO;356.45
2026-02-14;2026-02-20;2026;2;2;PMO Fevereiro 2026 - Revisão 2;238;SE;Sudeste/Centro-Oeste;UTE GNA II;464.08
2026-02-14;2026-02-20;2026;2;2;PMO Fevereiro 2026 - Revisão 2;211;SE;Sudeste/Centro-Oeste;BAIXADA FL;482.92
2026-02-14;2026-02-20;2026;2;2;PMO Fevereiro 2026 - Revisão 2;86;SE;Sudeste/Centro-Oeste;SANTA CRUZ;488.96
2026-02-14;2026-02-20;2026;2;2;PMO Fevereiro 2026 - Revisão 2;245;SE;Sudeste/Centro-Oeste;KARKEY 013;730.8
2026-02-14;2026-02-20;2026;2;2;PMO Fevereiro 2026 - Revisão 2;246;SE;Sudeste/Centro-Oeste;KARKEY 019;730.8
2026-02-14;2026-02-20;2026;2;2;PMO Fevereiro 2026 - Revisão 2;68;SE;Sudeste/Centro-Oeste;TRES LAGOA;825.23
2026-02-14;2026-02-20;2026;2;2;PMO Fevereiro 2026 - Revisão 2;12;SE;Sudeste/Centro-Oeste;CUIABA CC;859.98
2026-02-14;2026-02-20;2026;2;2;PMO Fevereiro 2026 - Revisão 2;249;SE;Sudeste/Centro-Oeste;PORSUD I;862.73
2026-02-14;2026-02-20;2026;2;2;PMO Fevereiro 2026 - Revisão 2;250;SE;Sudeste/Centro-Oeste;PORSUD II;864.22
2026-02-14;2026-02-20;2026;2;2;PMO Fevereiro 2026 - Revisão 2;334;SE;Sudeste/Centro-Oeste;W.ARJONA;874.61
2026-02-14;2026-02-20;2026;2;2;PMO Fevereiro 2026 - Revisão 2;63;SE;Sudeste/Centro-Oeste;AUR.CHAVES;874.88
2026-02-14;2026-02-20;2026;2;2;PMO Fevereiro 2026 - Revisão 2;47;SE;Sudeste/Centro-Oeste;TERMORIO;876.22
2026-02-14;2026-02-20;2026;2;2;PMO Fevereiro 2026 - Revisão 2;15;SE;Sudeste/Centro-Oeste;LUIZORMELO;941.79
2026-02-14;2026-02-20;2026;2;2;PMO Fevereiro 2026 - Revisão 2;15;SE;Sudeste/Centro-Oeste;LUIZORMELO;941.79
2026-02-14;2026-02-20;2026;2;2;PMO Fevereiro 2026 - Revisão 2;137;SE;Sudeste/Centro-Oeste;UTE GNA I;956.16
2026-02-14;2026-02-20;2026;2;2;PMO Fevereiro 2026 - Revisão 2;60;SE;Sudeste/Centro-Oeste;NORTEFLU;966.92
2026-02-14;2026-02-20;2026;2;2;PMO Fevereiro 2026 - Revisão 2;251;SE;Sudeste/Centro-Oeste;POVOACAO I;986.05
2026-02-14;2026-02-20;2026;2;2;PMO Fevereiro 2026 - Revisão 2;49;SE;Sudeste/Centro-Oeste;VIANA;990.61
2026-02-14;2026-02-20;2026;2;2;PMO Fevereiro 2026 - Revisão 2;90;SE;Sudeste/Centro-Oeste;M.LAGO;1066.66
2026-02-14;2026-02-20;2026;2;2;PMO Fevereiro 2026 - Revisão 2;253;SE;Sudeste/Centro-Oeste;VIANA I;1124.32
2026-02-14;2026-02-20;2026;2;2;PMO Fevereiro 2026 - Revisão 2;62;SE;Sudeste/Centro-Oeste;SEROPEDICA;1136.9
2026-02-14;2026-02-20;2026;2;2;PMO Fevereiro 2026 - Revisão 2;54;SE;Sudeste/Centro-Oeste;JUIZ DE FO;1146.82
2026-02-14;2026-02-20;2026;2;2;PMO Fevereiro 2026 - Revisão 2;110;SE;Sudeste/Centro-Oeste;FGASPARIAN;1379.23
2026-02-21;2026-02-27;2026;2;3;PMO Fevereiro 2026 - Revisão 3;212;N;Norte;MARANHAO3;116.1
2026-02-21;2026-02-27;2026;2;3;PMO Fevereiro 2026 - Revisão 3;207;N;Norte;PONTA NEGR;213.34
2026-02-21;2026-02-27;2026;2;3;PMO Fevereiro 2026 - Revisão 3;209;N;Norte;TAMBAQUI;213.34
2026-02-21;2026-02-27;2026;2;3;PMO Fevereiro 2026 - Revisão 3;204;N;Norte;JARAQUI;213.34
2026-02-21;2026-02-27;2026;2;3;PMO Fevereiro 2026 - Revisão 3;203;N;Norte;C. ROCHA;213.34
2026-02-21;2026-02-27;2026;2;3;PMO Fevereiro 2026 - Revisão 3;201;N;Norte;APARECIDA;213.34
2026-02-21;2026-02-27;2026;2;3;PMO Fevereiro 2026 - Revisão 3;140;N;Norte;UTE MAUA 3;213.34
2026-02-21;2026-02-27;2026;2;3;PMO Fevereiro 2026 - Revisão 3;205;N;Norte;MANAUARA;213.34
2026-02-21;2026-02-27;2026;2;3;PMO Fevereiro 2026 - Revisão 3;239;N;Norte;PARNAIBA_V;226.34
2026-02-21;2026-02-27;2026;2;3;PMO Fevereiro 2026 - Revisão 3;326;N;Norte;JAGUATI II;289.25
2026-02-21;2026-02-27;2026;2;3;PMO Fevereiro 2026 - Revisão 3;46;N;Norte;N.VENECIA2;308.35
2026-02-21;2026-02-27;2026;2;3;PMO Fevereiro 2026 - Revisão 3;176;N;Norte;P. ITAQUI;310.78
2026-02-21;2026-02-27;2026;2;3;PMO Fevereiro 2026 - Revisão 3;21;N;Norte;MARANHAO V;446.77
2026-02-21;2026-02-27;2026;2;3;PMO Fevereiro 2026 - Revisão 3;36;N;Norte;MARANHAOIV;446.77
2026-02-21;2026-02-27;2026;2;3;PMO Fevereiro 2026 - Revisão 3;330;N;Norte;SANTA LUZ;555.69
2026-02-21;2026-02-27;2026;2;3;PMO Fevereiro 2026 - Revisão 3;329;N;Norte;PAU RAINHA;555.69
2026-02-21;2026-02-27;2026;2;3;PMO Fevereiro 2026 - Revisão 3;324;N;Norte;CANTA;555.69
2026-02-21;2026-02-27;2026;2;3;PMO Fevereiro 2026 - Revisão 3;323;N;Norte;BONFIM;555.69
2026-02-21;2026-02-27;2026;2;3;PMO Fevereiro 2026 - Revisão 3;116;N;Norte;PARNAIB_IV;788.17
2026-02-21;2026-02-27;2026;2;3;PMO Fevereiro 2026 - Revisão 3;322;N;Norte;BBF BALIZA;876.44
2026-02-21;2026-02-27;2026;2;3;PMO Fevereiro 2026 - Revisão 3;73;N;Norte;GERAMAR1;913.46
2026-02-21;2026-02-27;2026;2;3;PMO Fevereiro 2026 - Revisão 3;70;N;Norte;GERAMAR2;913.46
2026-02-21;2026-02-27;2026;2;3;PMO Fevereiro 2026 - Revisão 3;327;N;Norte;M.C.SUCUBA;1738.08
2026-02-21;2026-02-27;2026;2;3;PMO Fevereiro 2026 - Revisão 3;328;N;Norte;PALMAPLAN;1864.46
2026-02-21;2026-02-27;2026;2;3;PMO Fevereiro 2026 - Revisão 3;57;NE;Nordeste;MARACANAU;0.0
2026-02-21;2026-02-27;2026;2;3;PMO Fevereiro 2026 - Revisão 3;144;NE;Nordeste;PETROLINA;0.0
2026-02-21;2026-02-27;2026;2;3;PMO Fevereiro 2026 - Revisão 3;106;NE;Nordeste;ERB CANDEI;118.93
2026-02-21;2026-02-27;2026;2;3;PMO Fevereiro 2026 - Revisão 3;147;NE;Nordeste;PROSPERIDA;224.31
2026-02-21;2026-02-27;2026;2;3;PMO Fevereiro 2026 - Revisão 3;223;NE;Nordeste;PROSP_III;228.55
2026-02-21;2026-02-27;2026;2;3;PMO Fevereiro 2026 - Revisão 3;241;NE;Nordeste;PROSP_II;280.49
2026-02-21;2026-02-27;2026;2;3;PMO Fevereiro 2026 - Revisão 3;167;NE;Nordeste;P.PECEM1;308.16
2026-02-21;2026-02-27;2026;2;3;PMO Fevereiro 2026 - Revisão 3;224;NE;Nordeste;PSERGIPE I;311.29
2026-02-21;2026-02-27;2026;2;3;PMO Fevereiro 2026 - Revisão 3;163;NE;Nordeste;P.PECEM2;318.91
2026-02-21;2026-02-27;2026;2;3;PMO Fevereiro 2026 - Revisão 3;83;NE;Nordeste;JS_PEREIRA;450.86
2026-02-21;2026-02-27;2026;2;3;PMO Fevereiro 2026 - Revisão 3;98;NE;Nordeste;PERNAMBU_3;753.06
2026-02-21;2026-02-27;2026;2;3;PMO Fevereiro 2026 - Revisão 3;96;NE;Nordeste;TERMOPE;826.55
2026-02-21;2026-02-27;2026;2;3;PMO Fevereiro 2026 - Revisão 3;170;NE;Nordeste;SUAPE II;890.08
2026-02-21;2026-02-27;2026;2;3;PMO Fevereiro 2026 - Revisão 3;43;NE;Nordeste;C.FURTADO;1024.43
2026-02-21;2026-02-27;2026;2;3;PMO Fevereiro 2026 - Revisão 3;55;NE;Nordeste;GLOBAL II;1120.77
2026-02-21;2026-02-27;2026;2;3;PMO Fevereiro 2026 - Revisão 3;53;NE;Nordeste;GLOBAL I;1120.77
2026-02-21;2026-02-27;2026;2;3;PMO Fevereiro 2026 - Revisão 3;152;NE;Nordeste;TERMOCABO;1495.67
2026-02-21;2026-02-27;2026;2;3;PMO Fevereiro 2026 - Revisão 3;69;NE;Nordeste;TERMOPB;1831.39
2026-02-21;2026-02-27;2026;2;3;PMO Fevereiro 2026 - Revisão 3;67;NE;Nordeste;TERMONE;1831.39
2026-02-21;2026-02-27;2026;2;3;PMO Fevereiro 2026 - Revisão 3;161;NE;Nordeste;POTIGUAR_3;1841.86
2026-02-21;2026-02-27;2026;2;3;PMO Fevereiro 2026 - Revisão 3;151;NE;Nordeste;POTIGUAR;1841.86
2026-02-21;2026-02-27;2026;2;3;PMO Fevereiro 2026 - Revisão 3;52;NE;Nordeste;CAMPINA_GR;2076.29
2026-02-21;2026-02-27;2026;2;3;PMO Fevereiro 2026 - Revisão 3;58;NE;Nordeste;TERMOCEARA;2244.4
2026-02-21;2026-02-27;2026;2;3;PMO Fevereiro 2026 - Revisão 3;235;NE;Nordeste;C.MURICY 2;2301.01
2026-02-21;2026-02-27;2026;2;3;PMO Fevereiro 2026 - Revisão 3;162;NE;Nordeste;PECEM 2;2324.95
2026-02-21;2026-02-27;2026;2;3;PMO Fevereiro 2026 - Revisão 3;254;S;Sul;B.BONITA I;0.0
2026-02-21;2026-02-27;2026;2;3;PMO Fevereiro 2026 - Revisão 3;107;S;Sul;PAMPA SUL;105.94
2026-02-21;2026-02-27;2026;2;3;PMO Fevereiro 2026 - Revisão 3;149;S;Sul;SAO SEPE;118.84
2026-02-21;2026-02-27;2026;2;3;PMO Fevereiro 2026 - Revisão 3;24;S;Sul;J.LACER. C;347.2
2026-02-21;2026-02-27;2026;2;3;PMO Fevereiro 2026 - Revisão 3;25;S;Sul;J.LACER. B;406.71
2026-02-21;2026-02-27;2026;2;3;PMO Fevereiro 2026 - Revisão 3;27;S;Sul;J.LAC. A2;416.39
2026-02-21;2026-02-27;2026;2;3;PMO Fevereiro 2026 - Revisão 3;26;S;Sul;J.LAC. A1;518.9
2026-02-21;2026-02-27;2026;2;3;PMO Fevereiro 2026 - Revisão 3;156;S;Sul;CANDIOTA_3;519.16
2026-02-21;2026-02-27;2026;2;3;PMO Fevereiro 2026 - Revisão 3;48;S;Sul;ARAUCARIA;900.0
2026-02-21;2026-02-27;2026;2;3;PMO Fevereiro 2026 - Revisão 3;35;S;Sul;URUGUAIANA;1268.92
2026-02-21;2026-02-27;2026;2;3;PMO Fevereiro 2026 - Revisão 3;64;S;Sul;S.TIARAJU;1374.17
2026-02-21;2026-02-27;2026;2;3;PMO Fevereiro 2026 - Revisão 3;108;SE;Sudeste/Centro-Oeste;XAVANTES;0.0
2026-02-21;2026-02-27;2026;2;3;PMO Fevereiro 2026 - Revisão 3;153;SE;Sudeste/Centro-Oeste;DAIA;0.0
2026-02-21;2026-02-27;2026;2;3;PMO Fevereiro 2026 - Revisão 3;182;SE;Sudeste/Centro-Oeste;PALMEIR_GO;0.0
2026-02-21;2026-02-27;2026;2;3;PMO Fevereiro 2026 - Revisão 3;194;SE;Sudeste/Centro-Oeste;TNORTE 2;0.0
2026-02-21;2026-02-27;2026;2;3;PMO Fevereiro 2026 - Revisão 3;434;SE;Sudeste/Centro-Oeste;W.ARJONA O;0.0
2026-02-21;2026-02-27;2026;2;3;PMO Fevereiro 2026 - Revisão 3;383;SE;Sudeste/Centro-Oeste;ATLANTICO;0.0
2026-02-21;2026-02-27;2026;2;3;PMO Fevereiro 2026 - Revisão 3;248;SE;Sudeste/Centro-Oeste;MPPAULINIA;0.0
2026-02-21;2026-02-27;2026;2;3;PMO Fevereiro 2026 - Revisão 3;13;SE;Sudeste/Centro-Oeste;ANGRA 2;20.12
2026-02-21;2026-02-27;2026;2;3;PMO Fevereiro 2026 - Revisão 3;1;SE;Sudeste/Centro-Oeste;ANGRA 1;31.17
2026-02-21;2026-02-27;2026;2;3;PMO Fevereiro 2026 - Revisão 3;236;SE;Sudeste/Centro-Oeste;M.AZUL;133.71
2026-02-21;2026-02-27;2026;2;3;PMO Fevereiro 2026 - Revisão 3;229;SE;Sudeste/Centro-Oeste;O.PINTADA;152.33
2026-02-21;2026-02-27;2026;2;3;PMO Fevereiro 2026 - Revisão 3;146;SE;Sudeste/Centro-Oeste;UTE STA VI;164.56
2026-02-21;2026-02-27;2026;2;3;PMO Fevereiro 2026 - Revisão 3;4;SE;Sudeste/Centro-Oeste;ST.CRUZ 34;310.41
2026-02-21;2026-02-27;2026;2;3;PMO Fevereiro 2026 - Revisão 3;97;SE;Sudeste/Centro-Oeste;CUBATAO;356.45
2026-02-21;2026-02-27;2026;2;3;PMO Fevereiro 2026 - Revisão 3;238;SE;Sudeste/Centro-Oeste;UTE GNA II;464.08
2026-02-21;2026-02-27;2026;2;3;PMO Fevereiro 2026 - Revisão 3;211;SE;Sudeste/Centro-Oeste;BAIXADA FL;482.92
2026-02-21;2026-02-27;2026;2;3;PMO Fevereiro 2026 - Revisão 3;86;SE;Sudeste/Centro-Oeste;SANTA CRUZ;488.96
2026-02-21;2026-02-27;2026;2;3;PMO Fevereiro 2026 - Revisão 3;245;SE;Sudeste/Centro-Oeste;KARKEY 013;730.8
2026-02-21;2026-02-27;2026;2;3;PMO Fevereiro 2026 - Revisão 3;246;SE;Sudeste/Centro-Oeste;KARKEY 019;730.8
2026-02-21;2026-02-27;2026;2;3;PMO Fevereiro 2026 - Revisão 3;68;SE;Sudeste/Centro-Oeste;TRES LAGOA;825.23
2026-02-21;2026-02-27;2026;2;3;PMO Fevereiro 2026 - Revisão 3;12;SE;Sudeste/Centro-Oeste;CUIABA CC;859.98
2026-02-21;2026-02-27;2026;2;3;PMO Fevereiro 2026 - Revisão 3;249;SE;Sudeste/Centro-Oeste;PORSUD I;862.73
2026-02-21;2026-02-27;2026;2;3;PMO Fevereiro 2026 - Revisão 3;250;SE;Sudeste/Centro-Oeste;PORSUD II;864.22
2026-02-21;2026-02-27;2026;2;3;PMO Fevereiro 2026 - Revisão 3;334;SE;Sudeste/Centro-Oeste;W.ARJONA;874.61
2026-02-21;2026-02-27;2026;2;3;PMO Fevereiro 2026 - Revisão 3;63;SE;Sudeste/Centro-Oeste;AUR.CHAVES;874.88
2026-02-21;2026-02-27;2026;2;3;PMO Fevereiro 2026 - Revisão 3;47;SE;Sudeste/Centro-Oeste;TERMORIO;876.22
2026-02-21;2026-02-27;2026;2;3;PMO Fevereiro 2026 - Revisão 3;15;SE;Sudeste/Centro-Oeste;LUIZORMELO;941.79
2026-02-21;2026-02-27;2026;2;3;PMO Fevereiro 2026 - Revisão 3;15;SE;Sudeste/Centro-Oeste;LUIZORMELO;941.79
2026-02-21;2026-02-27;2026;2;3;PMO Fevereiro 2026 - Revisão 3;137;SE;Sudeste/Centro-Oeste;UTE GNA I;956.16
2026-02-21;2026-02-27;2026;2;3;PMO Fevereiro 2026 - Revisão 3;60;SE;Sudeste/Centro-Oeste;NORTEFLU;966.92
2026-02-21;2026-02-27;2026;2;3;PMO Fevereiro 2026 - Revisão 3;251;SE;Sudeste/Centro-Oeste;POVOACAO I;986.05
2026-02-21;2026-02-27;2026;2;3;PMO Fevereiro 2026 - Revisão 3;49;SE;Sudeste/Centro-Oeste;VIANA;990.61
2026-02-21;2026-02-27;2026;2;3;PMO Fevereiro 2026 - Revisão 3;90;SE;Sudeste/Centro-Oeste;M.LAGO;1066.66
2026-02-21;2026-02-27;2026;2;3;PMO Fevereiro 2026 - Revisão 3;253;SE;Sudeste/Centro-Oeste;VIANA I;1124.32
2026-02-21;2026-02-27;2026;2;3;PMO Fevereiro 2026 - Revisão 3;62;SE;Sudeste/Centro-Oeste;SEROPEDICA;1136.9
2026-02-21;2026-02-27;2026;2;3;PMO Fevereiro 2026 - Revisão 3;54;SE;Sudeste/Centro-Oeste;JUIZ DE FO;1146.82
2026-02-21;2026-02-27;2026;2;3;PMO Fevereiro 2026 - Revisão 3;110;SE;Sudeste/Centro-Oeste;FGASPARIAN;1379.23
2026-02-28;2026-03-06;2026;3;0;PMO Março 2026;212;N;Norte;MARANHAO3;116.1
2026-02-28;2026-03-06;2026;3;0;PMO Março 2026;203;N;Norte;C. ROCHA;213.34
2026-02-28;2026-03-06;2026;3;0;PMO Março 2026;207;N;Norte;PONTA NEGR;213.34
2026-02-28;2026-03-06;2026;3;0;PMO Março 2026;140;N;Norte;UTE MAUA 3;213.34
2026-02-28;2026-03-06;2026;3;0;PMO Março 2026;201;N;Norte;APARECIDA;213.34
2026-02-28;2026-03-06;2026;3;0;PMO Março 2026;204;N;Norte;JARAQUI;213.34
2026-02-28;2026-03-06;2026;3;0;PMO Março 2026;209;N;Norte;TAMBAQUI;213.34
2026-02-28;2026-03-06;2026;3;0;PMO Março 2026;205;N;Norte;MANAUARA;213.34
2026-02-28;2026-03-06;2026;3;0;PMO Março 2026;239;N;Norte;PARNAIBA_V;226.34
2026-02-28;2026-03-06;2026;3;0;PMO Março 2026;326;N;Norte;JAGUATI II;289.25
2026-02-28;2026-03-06;2026;3;0;PMO Março 2026;46;N;Norte;N.VENECIA2;308.35
2026-02-28;2026-03-06;2026;3;0;PMO Março 2026;176;N;Norte;P. ITAQUI;310.78
2026-02-28;2026-03-06;2026;3;0;PMO Março 2026;36;N;Norte;MARANHAOIV;446.77
2026-02-28;2026-03-06;2026;3;0;PMO Março 2026;21;N;Norte;MARANHAO V;446.77
2026-02-28;2026-03-06;2026;3;0;PMO Março 2026;330;N;Norte;SANTA LUZ;555.69
2026-02-28;2026-03-06;2026;3;0;PMO Março 2026;329;N;Norte;PAU RAINHA;555.69
2026-02-28;2026-03-06;2026;3;0;PMO Março 2026;324;N;Norte;CANTA;555.69
2026-02-28;2026-03-06;2026;3;0;PMO Março 2026;323;N;Norte;BONFIM;555.69
2026-02-28;2026-03-06;2026;3;0;PMO Março 2026;116;N;Norte;PARNAIB_IV;788.17
2026-02-28;2026-03-06;2026;3;0;PMO Março 2026;322;N;Norte;BBF BALIZA;876.44
2026-02-28;2026-03-06;2026;3;0;PMO Março 2026;70;N;Norte;GERAMAR2;913.46
2026-02-28;2026-03-06;2026;3;0;PMO Março 2026;73;N;Norte;GERAMAR1;913.46
2026-02-28;2026-03-06;2026;3;0;PMO Março 2026;327;N;Norte;M.C.SUCUBA;1679.44
2026-02-28;2026-03-06;2026;3;0;PMO Março 2026;328;N;Norte;PALMAPLAN;1773.63
2026-02-28;2026-03-06;2026;3;0;PMO Março 2026;57;NE;Nordeste;MARACANAU;0.0
2026-02-28;2026-03-06;2026;3;0;PMO Março 2026;144;NE;Nordeste;PETROLINA;0.0
2026-02-28;2026-03-06;2026;3;0;PMO Março 2026;106;NE;Nordeste;ERB CANDEI;118.93
2026-02-28;2026-03-06;2026;3;0;PMO Março 2026;147;NE;Nordeste;PROSPERIDA;224.31
2026-02-28;2026-03-06;2026;3;0;PMO Março 2026;223;NE;Nordeste;PROSP_III;228.55
2026-02-28;2026-03-06;2026;3;0;PMO Março 2026;241;NE;Nordeste;PROSP_II;280.49
2026-02-28;2026-03-06;2026;3;0;PMO Março 2026;167;NE;Nordeste;P.PECEM1;308.16
2026-02-28;2026-03-06;2026;3;0;PMO Março 2026;224;NE;Nordeste;PSERGIPE I;311.29
2026-02-28;2026-03-06;2026;3;0;PMO Março 2026;163;NE;Nordeste;P.PECEM2;318.91
2026-02-28;2026-03-06;2026;3;0;PMO Março 2026;83;NE;Nordeste;JS_PEREIRA;450.86
2026-02-28;2026-03-06;2026;3;0;PMO Março 2026;98;NE;Nordeste;PERNAMBU_3;753.06
2026-02-28;2026-03-06;2026;3;0;PMO Março 2026;96;NE;Nordeste;TERMOPE;826.55
2026-02-28;2026-03-06;2026;3;0;PMO Março 2026;170;NE;Nordeste;SUAPE II;890.08
2026-02-28;2026-03-06;2026;3;0;PMO Março 2026;43;NE;Nordeste;C.FURTADO;1024.43
2026-02-28;2026-03-06;2026;3;0;PMO Março 2026;55;NE;Nordeste;GLOBAL II;1120.77
2026-02-28;2026-03-06;2026;3;0;PMO Março 2026;53;NE;Nordeste;GLOBAL I;1120.77
2026-02-28;2026-03-06;2026;3;0;PMO Março 2026;152;NE;Nordeste;TERMOCABO;1495.67
2026-02-28;2026-03-06;2026;3;0;PMO Março 2026;67;NE;Nordeste;TERMONE;1831.39
2026-02-28;2026-03-06;2026;3;0;PMO Março 2026;69;NE;Nordeste;TERMOPB;1831.39
2026-02-28;2026-03-06;2026;3;0;PMO Março 2026;151;NE;Nordeste;POTIGUAR;1841.86
2026-02-28;2026-03-06;2026;3;0;PMO Março 2026;161;NE;Nordeste;POTIGUAR_3;1841.86
2026-02-28;2026-03-06;2026;3;0;PMO Março 2026;52;NE;Nordeste;CAMPINA_GR;2076.29
2026-02-28;2026-03-06;2026;3;0;PMO Março 2026;58;NE;Nordeste;TERMOCEARA;2244.4
2026-02-28;2026-03-06;2026;3;0;PMO Março 2026;235;NE;Nordeste;C.MURICY 2;2301.01
2026-02-28;2026-03-06;2026;3;0;PMO Março 2026;162;NE;Nordeste;PECEM 2;2324.95
2026-02-28;2026-03-06;2026;3;0;PMO Março 2026;254;S;Sul;B.BONITA I;0.0
2026-02-28;2026-03-06;2026;3;0;PMO Março 2026;107;S;Sul;PAMPA SUL;105.94
2026-02-28;2026-03-06;2026;3;0;PMO Março 2026;149;S;Sul;SAO SEPE;118.84
2026-02-28;2026-03-06;2026;3;0;PMO Março 2026;24;S;Sul;J.LACER. C;347.2
2026-02-28;2026-03-06;2026;3;0;PMO Março 2026;25;S;Sul;J.LACER. B;406.71
2026-02-28;2026-03-06;2026;3;0;PMO Março 2026;27;S;Sul;J.LAC. A2;416.39
2026-02-28;2026-03-06;2026;3;0;PMO Março 2026;26;S;Sul;J.LAC. A1;518.9
2026-02-28;2026-03-06;2026;3;0;PMO Março 2026;156;S;Sul;CANDIOTA_3;519.16
2026-02-28;2026-03-06;2026;3;0;PMO Março 2026;48;S;Sul;ARAUCARIA;900.0
2026-02-28;2026-03-06;2026;3;0;PMO Março 2026;35;S;Sul;URUGUAIANA;1268.92
2026-02-28;2026-03-06;2026;3;0;PMO Março 2026;64;S;Sul;S.TIARAJU;1374.17
2026-02-28;2026-03-06;2026;3;0;PMO Março 2026;383;SE;Sudeste/Centro-Oeste;ATLANTICO;0.0
2026-02-28;2026-03-06;2026;3;0;PMO Março 2026;248;SE;Sudeste/Centro-Oeste;MPPAULINIA;0.0
2026-02-28;2026-03-06;2026;3;0;PMO Março 2026;153;SE;Sudeste/Centro-Oeste;DAIA;0.0
2026-02-28;2026-03-06;2026;3;0;PMO Março 2026;194;SE;Sudeste/Centro-Oeste;TNORTE 2;0.0
2026-02-28;2026-03-06;2026;3;0;PMO Março 2026;108;SE;Sudeste/Centro-Oeste;XAVANTES;0.0
2026-02-28;2026-03-06;2026;3;0;PMO Março 2026;434;SE;Sudeste/Centro-Oeste;W.ARJONA O;0.0
2026-02-28;2026-03-06;2026;3;0;PMO Março 2026;182;SE;Sudeste/Centro-Oeste;PALMEIR_GO;0.0
2026-02-28;2026-03-06;2026;3;0;PMO Março 2026;13;SE;Sudeste/Centro-Oeste;ANGRA 2;20.12
2026-02-28;2026-03-06;2026;3;0;PMO Março 2026;1;SE;Sudeste/Centro-Oeste;ANGRA 1;31.17
2026-02-28;2026-03-06;2026;3;0;PMO Março 2026;236;SE;Sudeste/Centro-Oeste;M.AZUL;133.71
2026-02-28;2026-03-06;2026;3;0;PMO Março 2026;229;SE;Sudeste/Centro-Oeste;O.PINTADA;152.33
2026-02-28;2026-03-06;2026;3;0;PMO Março 2026;146;SE;Sudeste/Centro-Oeste;UTE STA VI;164.56
2026-02-28;2026-03-06;2026;3;0;PMO Março 2026;4;SE;Sudeste/Centro-Oeste;ST.CRUZ 34;310.41
2026-02-28;2026-03-06;2026;3;0;PMO Março 2026;97;SE;Sudeste/Centro-Oeste;CUBATAO;356.45
2026-02-28;2026-03-06;2026;3;0;PMO Março 2026;238;SE;Sudeste/Centro-Oeste;UTE GNA II;464.08
2026-02-28;2026-03-06;2026;3;0;PMO Março 2026;211;SE;Sudeste/Centro-Oeste;BAIXADA FL;482.92
2026-02-28;2026-03-06;2026;3;0;PMO Março 2026;86;SE;Sudeste/Centro-Oeste;SANTA CRUZ;488.96
2026-02-28;2026-03-06;2026;3;0;PMO Março 2026;245;SE;Sudeste/Centro-Oeste;KARKEY 013;730.8
2026-02-28;2026-03-06;2026;3;0;PMO Março 2026;246;SE;Sudeste/Centro-Oeste;KARKEY 019;730.8
2026-02-28;2026-03-06;2026;3;0;PMO Março 2026;68;SE;Sudeste/Centro-Oeste;TRES LAGOA;825.23
2026-02-28;2026-03-06;2026;3;0;PMO Março 2026;12;SE;Sudeste/Centro-Oeste;CUIABA CC;859.98
2026-02-28;2026-03-06;2026;3;0;PMO Março 2026;249;SE;Sudeste/Centro-Oeste;PORSUD I;862.73
2026-02-28;2026-03-06;2026;3;0;PMO Março 2026;250;SE;Sudeste/Centro-Oeste;PORSUD II;864.22
2026-02-28;2026-03-06;2026;3;0;PMO Março 2026;334;SE;Sudeste/Centro-Oeste;W.ARJONA;874.61
2026-02-28;2026-03-06;2026;3;0;PMO Março 2026;63;SE;Sudeste/Centro-Oeste;AUR.CHAVES;874.88
2026-02-28;2026-03-06;2026;3;0;PMO Março 2026;47;SE;Sudeste/Centro-Oeste;TERMORIO;876.22
2026-02-28;2026-03-06;2026;3;0;PMO Março 2026;15;SE;Sudeste/Centro-Oeste;LUIZORMELO;941.79
2026-02-28;2026-03-06;2026;3;0;PMO Março 2026;15;SE;Sudeste/Centro-Oeste;LUIZORMELO;941.79
2026-02-28;2026-03-06;2026;3;0;PMO Março 2026;137;SE;Sudeste/Centro-Oeste;UTE GNA I;956.16
2026-02-28;2026-03-06;2026;3;0;PMO Março 2026;60;SE;Sudeste/Centro-Oeste;NORTEFLU;975.58
2026-02-28;2026-03-06;2026;3;0;PMO Março 2026;251;SE;Sudeste/Centro-Oeste;POVOACAO I;986.05
2026-02-28;2026-03-06;2026;3;0;PMO Março 2026;49;SE;Sudeste/Centro-Oeste;VIANA;990.61
2026-02-28;2026-03-06;2026;3;0;PMO Março 2026;90;SE;Sudeste/Centro-Oeste;M.LAGO;1066.66
2026-02-28;2026-03-06;2026;3;0;PMO Março 2026;253;SE;Sudeste/Centro-Oeste;VIANA I;1124.32
2026-02-28;2026-03-06;2026;3;0;PMO Março 2026;62;SE;Sudeste/Centro-Oeste;SEROPEDICA;1136.9
2026-02-28;2026-03-06;2026;3;0;PMO Março 2026;54;SE;Sudeste/Centro-Oeste;JUIZ DE FO;1146.82
2026-02-28;2026-03-06;2026;3;0;PMO Março 2026;110;SE;Sudeste/Centro-Oeste;FGASPARIAN;1379.23
2026-03-07;2026-03-13;2026;3;1;PMO Março 2026 - Revisão 1;207;N;Norte;PONTA NEGR;103.36
2026-03-07;2026-03-13;2026;3;1;PMO Março 2026 - Revisão 1;209;N;Norte;TAMBAQUI;103.36
2026-03-07;2026-03-13;2026;3;1;PMO Março 2026 - Revisão 1;201;N;Norte;APARECIDA;103.36
2026-03-07;2026-03-13;2026;3;1;PMO Março 2026 - Revisão 1;204;N;Norte;JARAQUI;103.36
2026-03-07;2026-03-13;2026;3;1;PMO Março 2026 - Revisão 1;203;N;Norte;C. ROCHA;103.36
2026-03-07;2026-03-13;2026;3;1;PMO Março 2026 - Revisão 1;140;N;Norte;UTE MAUA 3;103.36
2026-03-07;2026-03-13;2026;3;1;PMO Março 2026 - Revisão 1;205;N;Norte;MANAUARA;103.36
2026-03-07;2026-03-13;2026;3;1;PMO Março 2026 - Revisão 1;212;N;Norte;MARANHAO3;116.1
2026-03-07;2026-03-13;2026;3;1;PMO Março 2026 - Revisão 1;21;N;Norte;MARANHAO V;185.45
2026-03-07;2026-03-13;2026;3;1;PMO Março 2026 - Revisão 1;36;N;Norte;MARANHAOIV;185.45
2026-03-07;2026-03-13;2026;3;1;PMO Março 2026 - Revisão 1;239;N;Norte;PARNAIBA_V;220.51
2026-03-07;2026-03-13;2026;3;1;PMO Março 2026 - Revisão 1;326;N;Norte;JAGUATI II;289.25
2026-03-07;2026-03-13;2026;3;1;PMO Março 2026 - Revisão 1;46;N;Norte;N.VENECIA2;308.35
2026-03-07;2026-03-13;2026;3;1;PMO Março 2026 - Revisão 1;176;N;Norte;P. ITAQUI;322.97
2026-03-07;2026-03-13;2026;3;1;PMO Março 2026 - Revisão 1;329;N;Norte;PAU RAINHA;555.69
2026-03-07;2026-03-13;2026;3;1;PMO Março 2026 - Revisão 1;323;N;Norte;BONFIM;555.69
2026-03-07;2026-03-13;2026;3;1;PMO Março 2026 - Revisão 1;324;N;Norte;CANTA;555.69
2026-03-07;2026-03-13;2026;3;1;PMO Março 2026 - Revisão 1;330;N;Norte;SANTA LUZ;555.69
2026-03-07;2026-03-13;2026;3;1;PMO Março 2026 - Revisão 1;116;N;Norte;PARNAIB_IV;780.4
2026-03-07;2026-03-13;2026;3;1;PMO Março 2026 - Revisão 1;322;N;Norte;BBF BALIZA;876.44
2026-03-07;2026-03-13;2026;3;1;PMO Março 2026 - Revisão 1;70;N;Norte;GERAMAR2;943.82
2026-03-07;2026-03-13;2026;3;1;PMO Março 2026 - Revisão 1;73;N;Norte;GERAMAR1;943.82
2026-03-07;2026-03-13;2026;3;1;PMO Março 2026 - Revisão 1;327;N;Norte;M.C.SUCUBA;1679.44
2026-03-07;2026-03-13;2026;3;1;PMO Março 2026 - Revisão 1;328;N;Norte;PALMAPLAN;1773.63
2026-03-07;2026-03-13;2026;3;1;PMO Março 2026 - Revisão 1;57;NE;Nordeste;MARACANAU;0.0
2026-03-07;2026-03-13;2026;3;1;PMO Março 2026 - Revisão 1;144;NE;Nordeste;PETROLINA;0.0
2026-03-07;2026-03-13;2026;3;1;PMO Março 2026 - Revisão 1;106;NE;Nordeste;ERB CANDEI;118.93
2026-03-07;2026-03-13;2026;3;1;PMO Março 2026 - Revisão 1;147;NE;Nordeste;PROSPERIDA;224.31
2026-03-07;2026-03-13;2026;3;1;PMO Março 2026 - Revisão 1;223;NE;Nordeste;PROSP_III;228.55
2026-03-07;2026-03-13;2026;3;1;PMO Março 2026 - Revisão 1;241;NE;Nordeste;PROSP_II;277.98
2026-03-07;2026-03-13;2026;3;1;PMO Março 2026 - Revisão 1;167;NE;Nordeste;P.PECEM1;321.1
2026-03-07;2026-03-13;2026;3;1;PMO Março 2026 - Revisão 1;224;NE;Nordeste;PSERGIPE I;321.26
2026-03-07;2026-03-13;2026;3;1;PMO Março 2026 - Revisão 1;163;NE;Nordeste;P.PECEM2;331.16
2026-03-07;2026-03-13;2026;3;1;PMO Março 2026 - Revisão 1;83;NE;Nordeste;JS_PEREIRA;450.86
2026-03-07;2026-03-13;2026;3;1;PMO Março 2026 - Revisão 1;98;NE;Nordeste;PERNAMBU_3;780.04
2026-03-07;2026-03-13;2026;3;1;PMO Março 2026 - Revisão 1;96;NE;Nordeste;TERMOPE;819.25
2026-03-07;2026-03-13;2026;3;1;PMO Março 2026 - Revisão 1;170;NE;Nordeste;SUAPE II;922.3
2026-03-07;2026-03-13;2026;3;1;PMO Março 2026 - Revisão 1;43;NE;Nordeste;C.FURTADO;1008.29
2026-03-07;2026-03-13;2026;3;1;PMO Março 2026 - Revisão 1;53;NE;Nordeste;GLOBAL I;1156.76
2026-03-07;2026-03-13;2026;3;1;PMO Março 2026 - Revisão 1;55;NE;Nordeste;GLOBAL II;1156.76
2026-03-07;2026-03-13;2026;3;1;PMO Março 2026 - Revisão 1;152;NE;Nordeste;TERMOCABO;1519.44
2026-03-07;2026-03-13;2026;3;1;PMO Março 2026 - Revisão 1;69;NE;Nordeste;TERMOPB;1693.5
2026-03-07;2026-03-13;2026;3;1;PMO Março 2026 - Revisão 1;67;NE;Nordeste;TERMONE;1693.5
2026-03-07;2026-03-13;2026;3;1;PMO Março 2026 - Revisão 1;161;NE;Nordeste;POTIGUAR_3;1883.63
2026-03-07;2026-03-13;2026;3;1;PMO Março 2026 - Revisão 1;151;NE;Nordeste;POTIGUAR;1883.63
2026-03-07;2026-03-13;2026;3;1;PMO Março 2026 - Revisão 1;52;NE;Nordeste;CAMPINA_GR;1943.48
2026-03-07;2026-03-13;2026;3;1;PMO Março 2026 - Revisão 1;58;NE;Nordeste;TERMOCEARA;2250.81
2026-03-07;2026-03-13;2026;3;1;PMO Março 2026 - Revisão 1;235;NE;Nordeste;C.MURICY 2;2361.0
2026-03-07;2026-03-13;2026;3;1;PMO Março 2026 - Revisão 1;162;NE;Nordeste;PECEM 2;2385.6
2026-03-07;2026-03-13;2026;3;1;PMO Março 2026 - Revisão 1;254;S;Sul;B.BONITA I;0.0
2026-03-07;2026-03-13;2026;3;1;PMO Março 2026 - Revisão 1;107;S;Sul;PAMPA SUL;105.94
2026-03-07;2026-03-13;2026;3;1;PMO Março 2026 - Revisão 1;149;S;Sul;SAO SEPE;118.84
2026-03-07;2026-03-13;2026;3;1;PMO Março 2026 - Revisão 1;24;S;Sul;J.LACER. C;347.2
2026-03-07;2026-03-13;2026;3;1;PMO Março 2026 - Revisão 1;25;S;Sul;J.LACER. B;406.71
2026-03-07;2026-03-13;2026;3;1;PMO Março 2026 - Revisão 1;27;S;Sul;J.LAC. A2;416.39
2026-03-07;2026-03-13;2026;3;1;PMO Março 2026 - Revisão 1;156;S;Sul;CANDIOTA_3;518.84
2026-03-07;2026-03-13;2026;3;1;PMO Março 2026 - Revisão 1;26;S;Sul;J.LAC. A1;518.9
2026-03-07;2026-03-13;2026;3;1;PMO Março 2026 - Revisão 1;48;S;Sul;ARAUCARIA;900.0
2026-03-07;2026-03-13;2026;3;1;PMO Março 2026 - Revisão 1;35;S;Sul;URUGUAIANA;1307.12
2026-03-07;2026-03-13;2026;3;1;PMO Março 2026 - Revisão 1;64;S;Sul;S.TIARAJU;1379.03
2026-03-07;2026-03-13;2026;3;1;PMO Março 2026 - Revisão 1;194;SE;Sudeste/Centro-Oeste;TNORTE 2;0.0
2026-03-07;2026-03-13;2026;3;1;PMO Março 2026 - Revisão 1;108;SE;Sudeste/Centro-Oeste;XAVANTES;0.0
2026-03-07;2026-03-13;2026;3;1;PMO Março 2026 - Revisão 1;248;SE;Sudeste/Centro-Oeste;MPPAULINIA;0.0
2026-03-07;2026-03-13;2026;3;1;PMO Março 2026 - Revisão 1;153;SE;Sudeste/Centro-Oeste;DAIA;0.0
2026-03-07;2026-03-13;2026;3;1;PMO Março 2026 - Revisão 1;182;SE;Sudeste/Centro-Oeste;PALMEIR_GO;0.0
2026-03-07;2026-03-13;2026;3;1;PMO Março 2026 - Revisão 1;383;SE;Sudeste/Centro-Oeste;ATLANTICO;0.0
2026-03-07;2026-03-13;2026;3;1;PMO Março 2026 - Revisão 1;434;SE;Sudeste/Centro-Oeste;W.ARJONA O;0.0
2026-03-07;2026-03-13;2026;3;1;PMO Março 2026 - Revisão 1;13;SE;Sudeste/Centro-Oeste;ANGRA 2;20.12
2026-03-07;2026-03-13;2026;3;1;PMO Março 2026 - Revisão 1;1;SE;Sudeste/Centro-Oeste;ANGRA 1;31.17
2026-03-07;2026-03-13;2026;3;1;PMO Março 2026 - Revisão 1;236;SE;Sudeste/Centro-Oeste;M.AZUL;138.76
2026-03-07;2026-03-13;2026;3;1;PMO Março 2026 - Revisão 1;229;SE;Sudeste/Centro-Oeste;O.PINTADA;152.33
2026-03-07;2026-03-13;2026;3;1;PMO Março 2026 - Revisão 1;146;SE;Sudeste/Centro-Oeste;UTE STA VI;164.56
2026-03-07;2026-03-13;2026;3;1;PMO Março 2026 - Revisão 1;211;SE;Sudeste/Centro-Oeste;BAIXADA FL;195.7
2026-03-07;2026-03-13;2026;3;1;PMO Março 2026 - Revisão 1;86;SE;Sudeste/Centro-Oeste;SANTA CRUZ;199.22
2026-03-07;2026-03-13;2026;3;1;PMO Março 2026 - Revisão 1;4;SE;Sudeste/Centro-Oeste;ST.CRUZ 34;310.41
2026-03-07;2026-03-13;2026;3;1;PMO Março 2026 - Revisão 1;97;SE;Sudeste/Centro-Oeste;CUBATAO;352.71
2026-03-07;2026-03-13;2026;3;1;PMO Março 2026 - Revisão 1;137;SE;Sudeste/Centro-Oeste;UTE GNA I;376.42
2026-03-07;2026-03-13;2026;3;1;PMO Março 2026 - Revisão 1;238;SE;Sudeste/Centro-Oeste;UTE GNA II;459.21
2026-03-07;2026-03-13;2026;3;1;PMO Março 2026 - Revisão 1;246;SE;Sudeste/Centro-Oeste;KARKEY 019;723.37
2026-03-07;2026-03-13;2026;3;1;PMO Março 2026 - Revisão 1;245;SE;Sudeste/Centro-Oeste;KARKEY 013;723.37
2026-03-07;2026-03-13;2026;3;1;PMO Março 2026 - Revisão 1;68;SE;Sudeste/Centro-Oeste;TRES LAGOA;801.3
2026-03-07;2026-03-13;2026;3;1;PMO Março 2026 - Revisão 1;12;SE;Sudeste/Centro-Oeste;CUIABA CC;850.59
2026-03-07;2026-03-13;2026;3;1;PMO Março 2026 - Revisão 1;249;SE;Sudeste/Centro-Oeste;PORSUD I;851.66
2026-03-07;2026-03-13;2026;3;1;PMO Março 2026 - Revisão 1;250;SE;Sudeste/Centro-Oeste;PORSUD II;852.96
2026-03-07;2026-03-13;2026;3;1;PMO Março 2026 - Revisão 1;334;SE;Sudeste/Centro-Oeste;W.ARJONA;865.62
2026-03-07;2026-03-13;2026;3;1;PMO Março 2026 - Revisão 1;63;SE;Sudeste/Centro-Oeste;AUR.CHAVES;865.89
2026-03-07;2026-03-13;2026;3;1;PMO Março 2026 - Revisão 1;47;SE;Sudeste/Centro-Oeste;TERMORIO;867.12
2026-03-07;2026-03-13;2026;3;1;PMO Março 2026 - Revisão 1;15;SE;Sudeste/Centro-Oeste;LUIZORMELO;967.04
2026-03-07;2026-03-13;2026;3;1;PMO Março 2026 - Revisão 1;15;SE;Sudeste/Centro-Oeste;LUIZORMELO;967.04
2026-03-07;2026-03-13;2026;3;1;PMO Março 2026 - Revisão 1;60;SE;Sudeste/Centro-Oeste;NORTEFLU;970.37
2026-03-07;2026-03-13;2026;3;1;PMO Março 2026 - Revisão 1;251;SE;Sudeste/Centro-Oeste;POVOACAO I;1010.89
2026-03-07;2026-03-13;2026;3;1;PMO Março 2026 - Revisão 1;49;SE;Sudeste/Centro-Oeste;VIANA;1025.03
2026-03-07;2026-03-13;2026;3;1;PMO Março 2026 - Revisão 1;90;SE;Sudeste/Centro-Oeste;M.LAGO;1045.61
2026-03-07;2026-03-13;2026;3;1;PMO Março 2026 - Revisão 1;62;SE;Sudeste/Centro-Oeste;SEROPEDICA;1108.96
2026-03-07;2026-03-13;2026;3;1;PMO Março 2026 - Revisão 1;54;SE;Sudeste/Centro-Oeste;JUIZ DE FO;1118.96
2026-03-07;2026-03-13;2026;3;1;PMO Março 2026 - Revisão 1;253;SE;Sudeste/Centro-Oeste;VIANA I;1149.72
2026-03-07;2026-03-13;2026;3;1;PMO Março 2026 - Revisão 1;110;SE;Sudeste/Centro-Oeste;FGASPARIAN;1344.53
2026-03-14;2026-03-20;2026;3;2;PMO Março 2026 - Revisão 2;140;N;Norte;UTE MAUA 3;103.36
2026-03-14;2026-03-20;2026;3;2;PMO Março 2026 - Revisão 2;201;N;Norte;APARECIDA;103.36
2026-03-14;2026-03-20;2026;3;2;PMO Março 2026 - Revisão 2;203;N;Norte;C. ROCHA;103.36
2026-03-14;2026-03-20;2026;3;2;PMO Março 2026 - Revisão 2;204;N;Norte;JARAQUI;103.36
2026-03-14;2026-03-20;2026;3;2;PMO Março 2026 - Revisão 2;205;N;Norte;MANAUARA;103.36
2026-03-14;2026-03-20;2026;3;2;PMO Março 2026 - Revisão 2;207;N;Norte;PONTA NEGR;103.36
2026-03-14;2026-03-20;2026;3;2;PMO Março 2026 - Revisão 2;209;N;Norte;TAMBAQUI;103.36
2026-03-14;2026-03-20;2026;3;2;PMO Março 2026 - Revisão 2;212;N;Norte;MARANHAO3;116.1
2026-03-14;2026-03-20;2026;3;2;PMO Março 2026 - Revisão 2;21;N;Norte;MARANHAO V;185.45
2026-03-14;2026-03-20;2026;3;2;PMO Março 2026 - Revisão 2;36;N;Norte;MARANHAOIV;185.45
2026-03-14;2026-03-20;2026;3;2;PMO Março 2026 - Revisão 2;239;N;Norte;PARNAIBA_V;220.51
2026-03-14;2026-03-20;2026;3;2;PMO Março 2026 - Revisão 2;326;N;Norte;JAGUATI II;289.25
2026-03-14;2026-03-20;2026;3;2;PMO Março 2026 - Revisão 2;46;N;Norte;N.VENECIA2;308.35
2026-03-14;2026-03-20;2026;3;2;PMO Março 2026 - Revisão 2;176;N;Norte;P. ITAQUI;322.97
2026-03-14;2026-03-20;2026;3;2;PMO Março 2026 - Revisão 2;329;N;Norte;PAU RAINHA;555.69
2026-03-14;2026-03-20;2026;3;2;PMO Março 2026 - Revisão 2;324;N;Norte;CANTA;555.69
2026-03-14;2026-03-20;2026;3;2;PMO Março 2026 - Revisão 2;330;N;Norte;SANTA LUZ;555.69
2026-03-14;2026-03-20;2026;3;2;PMO Março 2026 - Revisão 2;323;N;Norte;BONFIM;555.69
2026-03-14;2026-03-20;2026;3;2;PMO Março 2026 - Revisão 2;116;N;Norte;PARNAIB_IV;780.4
2026-03-14;2026-03-20;2026;3;2;PMO Março 2026 - Revisão 2;322;N;Norte;BBF BALIZA;876.44
2026-03-14;2026-03-20;2026;3;2;PMO Março 2026 - Revisão 2;70;N;Norte;GERAMAR2;943.82
2026-03-14;2026-03-20;2026;3;2;PMO Março 2026 - Revisão 2;73;N;Norte;GERAMAR1;943.82
2026-03-14;2026-03-20;2026;3;2;PMO Março 2026 - Revisão 2;327;N;Norte;M.C.SUCUBA;1679.44
2026-03-14;2026-03-20;2026;3;2;PMO Março 2026 - Revisão 2;328;N;Norte;PALMAPLAN;1773.63
2026-03-14;2026-03-20;2026;3;2;PMO Março 2026 - Revisão 2;144;NE;Nordeste;PETROLINA;0.0
2026-03-14;2026-03-20;2026;3;2;PMO Março 2026 - Revisão 2;57;NE;Nordeste;MARACANAU;0.0
2026-03-14;2026-03-20;2026;3;2;PMO Março 2026 - Revisão 2;106;NE;Nordeste;ERB CANDEI;118.93
2026-03-14;2026-03-20;2026;3;2;PMO Março 2026 - Revisão 2;147;NE;Nordeste;PROSPERIDA;224.31
2026-03-14;2026-03-20;2026;3;2;PMO Março 2026 - Revisão 2;223;NE;Nordeste;PROSP_III;228.55
2026-03-14;2026-03-20;2026;3;2;PMO Março 2026 - Revisão 2;241;NE;Nordeste;PROSP_II;277.98
2026-03-14;2026-03-20;2026;3;2;PMO Março 2026 - Revisão 2;167;NE;Nordeste;P.PECEM1;321.1
2026-03-14;2026-03-20;2026;3;2;PMO Março 2026 - Revisão 2;224;NE;Nordeste;PSERGIPE I;321.26
2026-03-14;2026-03-20;2026;3;2;PMO Março 2026 - Revisão 2;163;NE;Nordeste;P.PECEM2;331.16
2026-03-14;2026-03-20;2026;3;2;PMO Março 2026 - Revisão 2;83;NE;Nordeste;JS_PEREIRA;450.86
2026-03-14;2026-03-20;2026;3;2;PMO Março 2026 - Revisão 2;98;NE;Nordeste;PERNAMBU_3;780.04
2026-03-14;2026-03-20;2026;3;2;PMO Março 2026 - Revisão 2;96;NE;Nordeste;TERMOPE;819.25
2026-03-14;2026-03-20;2026;3;2;PMO Março 2026 - Revisão 2;170;NE;Nordeste;SUAPE II;922.3
2026-03-14;2026-03-20;2026;3;2;PMO Março 2026 - Revisão 2;43;NE;Nordeste;C.FURTADO;1008.29
2026-03-14;2026-03-20;2026;3;2;PMO Março 2026 - Revisão 2;55;NE;Nordeste;GLOBAL II;1156.76
2026-03-14;2026-03-20;2026;3;2;PMO Março 2026 - Revisão 2;53;NE;Nordeste;GLOBAL I;1156.76
2026-03-14;2026-03-20;2026;3;2;PMO Março 2026 - Revisão 2;152;NE;Nordeste;TERMOCABO;1519.44
2026-03-14;2026-03-20;2026;3;2;PMO Março 2026 - Revisão 2;69;NE;Nordeste;TERMOPB;1693.5
2026-03-14;2026-03-20;2026;3;2;PMO Março 2026 - Revisão 2;67;NE;Nordeste;TERMONE;1693.5
2026-03-14;2026-03-20;2026;3;2;PMO Março 2026 - Revisão 2;151;NE;Nordeste;POTIGUAR;1883.63
2026-03-14;2026-03-20;2026;3;2;PMO Março 2026 - Revisão 2;161;NE;Nordeste;POTIGUAR_3;1883.63
2026-03-14;2026-03-20;2026;3;2;PMO Março 2026 - Revisão 2;52;NE;Nordeste;CAMPINA_GR;1943.48
2026-03-14;2026-03-20;2026;3;2;PMO Março 2026 - Revisão 2;58;NE;Nordeste;TERMOCEARA;2250.81
2026-03-14;2026-03-20;2026;3;2;PMO Março 2026 - Revisão 2;235;NE;Nordeste;C.MURICY 2;2361.0
2026-03-14;2026-03-20;2026;3;2;PMO Março 2026 - Revisão 2;162;NE;Nordeste;PECEM 2;2385.6
2026-03-14;2026-03-20;2026;3;2;PMO Março 2026 - Revisão 2;254;S;Sul;B.BONITA I;0.0
2026-03-14;2026-03-20;2026;3;2;PMO Março 2026 - Revisão 2;107;S;Sul;PAMPA SUL;105.94
2026-03-14;2026-03-20;2026;3;2;PMO Março 2026 - Revisão 2;149;S;Sul;SAO SEPE;118.84
2026-03-14;2026-03-20;2026;3;2;PMO Março 2026 - Revisão 2;24;S;Sul;J.LACER. C;347.2
2026-03-14;2026-03-20;2026;3;2;PMO Março 2026 - Revisão 2;25;S;Sul;J.LACER. B;406.71
2026-03-14;2026-03-20;2026;3;2;PMO Março 2026 - Revisão 2;27;S;Sul;J.LAC. A2;416.39
2026-03-14;2026-03-20;2026;3;2;PMO Março 2026 - Revisão 2;156;S;Sul;CANDIOTA_3;518.84
2026-03-14;2026-03-20;2026;3;2;PMO Março 2026 - Revisão 2;26;S;Sul;J.LAC. A1;518.9
2026-03-14;2026-03-20;2026;3;2;PMO Março 2026 - Revisão 2;48;S;Sul;ARAUCARIA;1062.91
2026-03-14;2026-03-20;2026;3;2;PMO Março 2026 - Revisão 2;35;S;Sul;URUGUAIANA;1307.12
2026-03-14;2026-03-20;2026;3;2;PMO Março 2026 - Revisão 2;64;S;Sul;S.TIARAJU;1379.03
2026-03-14;2026-03-20;2026;3;2;PMO Março 2026 - Revisão 2;248;SE;Sudeste/Centro-Oeste;MPPAULINIA;0.0
2026-03-14;2026-03-20;2026;3;2;PMO Março 2026 - Revisão 2;153;SE;Sudeste/Centro-Oeste;DAIA;0.0
2026-03-14;2026-03-20;2026;3;2;PMO Março 2026 - Revisão 2;108;SE;Sudeste/Centro-Oeste;XAVANTES;0.0
2026-03-14;2026-03-20;2026;3;2;PMO Março 2026 - Revisão 2;182;SE;Sudeste/Centro-Oeste;PALMEIR_GO;0.0
2026-03-14;2026-03-20;2026;3;2;PMO Março 2026 - Revisão 2;194;SE;Sudeste/Centro-Oeste;TNORTE 2;0.0
2026-03-14;2026-03-20;2026;3;2;PMO Março 2026 - Revisão 2;434;SE;Sudeste/Centro-Oeste;W.ARJONA O;0.0
2026-03-14;2026-03-20;2026;3;2;PMO Março 2026 - Revisão 2;383;SE;Sudeste/Centro-Oeste;ATLANTICO;0.0
2026-03-14;2026-03-20;2026;3;2;PMO Março 2026 - Revisão 2;13;SE;Sudeste/Centro-Oeste;ANGRA 2;20.12
2026-03-14;2026-03-20;2026;3;2;PMO Março 2026 - Revisão 2;1;SE;Sudeste/Centro-Oeste;ANGRA 1;31.17
2026-03-14;2026-03-20;2026;3;2;PMO Março 2026 - Revisão 2;236;SE;Sudeste/Centro-Oeste;M.AZUL;138.76
2026-03-14;2026-03-20;2026;3;2;PMO Março 2026 - Revisão 2;229;SE;Sudeste/Centro-Oeste;O.PINTADA;152.33
2026-03-14;2026-03-20;2026;3;2;PMO Março 2026 - Revisão 2;146;SE;Sudeste/Centro-Oeste;UTE STA VI;164.56
2026-03-14;2026-03-20;2026;3;2;PMO Março 2026 - Revisão 2;211;SE;Sudeste/Centro-Oeste;BAIXADA FL;195.7
2026-03-14;2026-03-20;2026;3;2;PMO Março 2026 - Revisão 2;86;SE;Sudeste/Centro-Oeste;SANTA CRUZ;199.22
2026-03-14;2026-03-20;2026;3;2;PMO Março 2026 - Revisão 2;4;SE;Sudeste/Centro-Oeste;ST.CRUZ 34;310.41
2026-03-14;2026-03-20;2026;3;2;PMO Março 2026 - Revisão 2;97;SE;Sudeste/Centro-Oeste;CUBATAO;352.71
2026-03-14;2026-03-20;2026;3;2;PMO Março 2026 - Revisão 2;137;SE;Sudeste/Centro-Oeste;UTE GNA I;376.42
2026-03-14;2026-03-20;2026;3;2;PMO Março 2026 - Revisão 2;238;SE;Sudeste/Centro-Oeste;UTE GNA II;459.21
2026-03-14;2026-03-20;2026;3;2;PMO Março 2026 - Revisão 2;246;SE;Sudeste/Centro-Oeste;KARKEY 019;723.37
2026-03-14;2026-03-20;2026;3;2;PMO Março 2026 - Revisão 2;245;SE;Sudeste/Centro-Oeste;KARKEY 013;723.37
2026-03-14;2026-03-20;2026;3;2;PMO Março 2026 - Revisão 2;68;SE;Sudeste/Centro-Oeste;TRES LAGOA;801.3
2026-03-14;2026-03-20;2026;3;2;PMO Março 2026 - Revisão 2;12;SE;Sudeste/Centro-Oeste;CUIABA CC;850.59
2026-03-14;2026-03-20;2026;3;2;PMO Março 2026 - Revisão 2;249;SE;Sudeste/Centro-Oeste;PORSUD I;851.66
2026-03-14;2026-03-20;2026;3;2;PMO Março 2026 - Revisão 2;250;SE;Sudeste/Centro-Oeste;PORSUD II;852.96
2026-03-14;2026-03-20;2026;3;2;PMO Março 2026 - Revisão 2;334;SE;Sudeste/Centro-Oeste;W.ARJONA;865.62
2026-03-14;2026-03-20;2026;3;2;PMO Março 2026 - Revisão 2;63;SE;Sudeste/Centro-Oeste;AUR.CHAVES;865.89
2026-03-14;2026-03-20;2026;3;2;PMO Março 2026 - Revisão 2;47;SE;Sudeste/Centro-Oeste;TERMORIO;867.12
2026-03-14;2026-03-20;2026;3;2;PMO Março 2026 - Revisão 2;15;SE;Sudeste/Centro-Oeste;LUIZORMELO;967.04
2026-03-14;2026-03-20;2026;3;2;PMO Março 2026 - Revisão 2;15;SE;Sudeste/Centro-Oeste;LUIZORMELO;967.04
2026-03-14;2026-03-20;2026;3;2;PMO Março 2026 - Revisão 2;251;SE;Sudeste/Centro-Oeste;POVOACAO I;1010.89
2026-03-14;2026-03-20;2026;3;2;PMO Março 2026 - Revisão 2;49;SE;Sudeste/Centro-Oeste;VIANA;1025.03
2026-03-14;2026-03-20;2026;3;2;PMO Março 2026 - Revisão 2;60;SE;Sudeste/Centro-Oeste;NORTEFLU;1028.51
2026-03-14;2026-03-20;2026;3;2;PMO Março 2026 - Revisão 2;90;SE;Sudeste/Centro-Oeste;M.LAGO;1045.61
2026-03-14;2026-03-20;2026;3;2;PMO Março 2026 - Revisão 2;62;SE;Sudeste/Centro-Oeste;SEROPEDICA;1108.96
2026-03-14;2026-03-20;2026;3;2;PMO Março 2026 - Revisão 2;54;SE;Sudeste/Centro-Oeste;JUIZ DE FO;1118.96
2026-03-14;2026-03-20;2026;3;2;PMO Março 2026 - Revisão 2;253;SE;Sudeste/Centro-Oeste;VIANA I;1149.72
2026-03-14;2026-03-20;2026;3;2;PMO Março 2026 - Revisão 2;110;SE;Sudeste/Centro-Oeste;FGASPARIAN;1344.53
2026-03-21;2026-03-27;2026;3;3;PMO Março 2026 - Revisão 3;140;N;Norte;UTE MAUA 3;103.36
2026-03-21;2026-03-27;2026;3;3;PMO Março 2026 - Revisão 3;201;N;Norte;APARECIDA;103.36
2026-03-21;2026-03-27;2026;3;3;PMO Março 2026 - Revisão 3;203;N;Norte;C. ROCHA;103.36
2026-03-21;2026-03-27;2026;3;3;PMO Março 2026 - Revisão 3;204;N;Norte;JARAQUI;103.36
2026-03-21;2026-03-27;2026;3;3;PMO Março 2026 - Revisão 3;205;N;Norte;MANAUARA;103.36
2026-03-21;2026-03-27;2026;3;3;PMO Março 2026 - Revisão 3;207;N;Norte;PONTA NEGR;103.36
2026-03-21;2026-03-27;2026;3;3;PMO Março 2026 - Revisão 3;209;N;Norte;TAMBAQUI;103.36
2026-03-21;2026-03-27;2026;3;3;PMO Março 2026 - Revisão 3;212;N;Norte;MARANHAO3;116.1
2026-03-21;2026-03-27;2026;3;3;PMO Março 2026 - Revisão 3;36;N;Norte;MARANHAOIV;185.45
2026-03-21;2026-03-27;2026;3;3;PMO Março 2026 - Revisão 3;21;N;Norte;MARANHAO V;185.45
2026-03-21;2026-03-27;2026;3;3;PMO Março 2026 - Revisão 3;239;N;Norte;PARNAIBA_V;220.51
2026-03-21;2026-03-27;2026;3;3;PMO Março 2026 - Revisão 3;326;N;Norte;JAGUATI II;289.25
2026-03-21;2026-03-27;2026;3;3;PMO Março 2026 - Revisão 3;46;N;Norte;N.VENECIA2;308.35
2026-03-21;2026-03-27;2026;3;3;PMO Março 2026 - Revisão 3;176;N;Norte;P. ITAQUI;322.97
2026-03-21;2026-03-27;2026;3;3;PMO Março 2026 - Revisão 3;323;N;Norte;BONFIM;555.69
2026-03-21;2026-03-27;2026;3;3;PMO Março 2026 - Revisão 3;324;N;Norte;CANTA;555.69
2026-03-21;2026-03-27;2026;3;3;PMO Março 2026 - Revisão 3;329;N;Norte;PAU RAINHA;555.69
2026-03-21;2026-03-27;2026;3;3;PMO Março 2026 - Revisão 3;330;N;Norte;SANTA LUZ;555.69
2026-03-21;2026-03-27;2026;3;3;PMO Março 2026 - Revisão 3;116;N;Norte;PARNAIB_IV;780.4
2026-03-21;2026-03-27;2026;3;3;PMO Março 2026 - Revisão 3;322;N;Norte;BBF BALIZA;876.44
2026-03-21;2026-03-27;2026;3;3;PMO Março 2026 - Revisão 3;73;N;Norte;GERAMAR1;943.82
2026-03-21;2026-03-27;2026;3;3;PMO Março 2026 - Revisão 3;70;N;Norte;GERAMAR2;943.82
2026-03-21;2026-03-27;2026;3;3;PMO Março 2026 - Revisão 3;327;N;Norte;M.C.SUCUBA;1679.44
2026-03-21;2026-03-27;2026;3;3;PMO Março 2026 - Revisão 3;328;N;Norte;PALMAPLAN;1773.63
2026-03-21;2026-03-27;2026;3;3;PMO Março 2026 - Revisão 3;144;NE;Nordeste;PETROLINA;0.0
2026-03-21;2026-03-27;2026;3;3;PMO Março 2026 - Revisão 3;57;NE;Nordeste;MARACANAU;0.0
2026-03-21;2026-03-27;2026;3;3;PMO Março 2026 - Revisão 3;106;NE;Nordeste;ERB CANDEI;118.93
2026-03-21;2026-03-27;2026;3;3;PMO Março 2026 - Revisão 3;147;NE;Nordeste;PROSPERIDA;224.31
2026-03-21;2026-03-27;2026;3;3;PMO Março 2026 - Revisão 3;223;NE;Nordeste;PROSP_III;228.55
2026-03-21;2026-03-27;2026;3;3;PMO Março 2026 - Revisão 3;241;NE;Nordeste;PROSP_II;277.98
2026-03-21;2026-03-27;2026;3;3;PMO Março 2026 - Revisão 3;167;NE;Nordeste;P.PECEM1;321.1
2026-03-21;2026-03-27;2026;3;3;PMO Março 2026 - Revisão 3;224;NE;Nordeste;PSERGIPE I;321.26
2026-03-21;2026-03-27;2026;3;3;PMO Março 2026 - Revisão 3;163;NE;Nordeste;P.PECEM2;331.16
2026-03-21;2026-03-27;2026;3;3;PMO Março 2026 - Revisão 3;83;NE;Nordeste;JS_PEREIRA;450.86
2026-03-21;2026-03-27;2026;3;3;PMO Março 2026 - Revisão 3;98;NE;Nordeste;PERNAMBU_3;780.04
2026-03-21;2026-03-27;2026;3;3;PMO Março 2026 - Revisão 3;96;NE;Nordeste;TERMOPE;819.25
2026-03-21;2026-03-27;2026;3;3;PMO Março 2026 - Revisão 3;170;NE;Nordeste;SUAPE II;922.3
2026-03-21;2026-03-27;2026;3;3;PMO Março 2026 - Revisão 3;43;NE;Nordeste;C.FURTADO;1008.29
2026-03-21;2026-03-27;2026;3;3;PMO Março 2026 - Revisão 3;55;NE;Nordeste;GLOBAL II;1156.76
2026-03-21;2026-03-27;2026;3;3;PMO Março 2026 - Revisão 3;53;NE;Nordeste;GLOBAL I;1156.76
2026-03-21;2026-03-27;2026;3;3;PMO Março 2026 - Revisão 3;152;NE;Nordeste;TERMOCABO;1519.44
2026-03-21;2026-03-27;2026;3;3;PMO Março 2026 - Revisão 3;69;NE;Nordeste;TERMOPB;1693.5
2026-03-21;2026-03-27;2026;3;3;PMO Março 2026 - Revisão 3;67;NE;Nordeste;TERMONE;1693.5
2026-03-21;2026-03-27;2026;3;3;PMO Março 2026 - Revisão 3;161;NE;Nordeste;POTIGUAR_3;1883.63
2026-03-21;2026-03-27;2026;3;3;PMO Março 2026 - Revisão 3;151;NE;Nordeste;POTIGUAR;1883.63
2026-03-21;2026-03-27;2026;3;3;PMO Março 2026 - Revisão 3;52;NE;Nordeste;CAMPINA_GR;1943.48
2026-03-21;2026-03-27;2026;3;3;PMO Março 2026 - Revisão 3;58;NE;Nordeste;TERMOCEARA;2250.81
2026-03-21;2026-03-27;2026;3;3;PMO Março 2026 - Revisão 3;235;NE;Nordeste;C.MURICY 2;2361.0
2026-03-21;2026-03-27;2026;3;3;PMO Março 2026 - Revisão 3;162;NE;Nordeste;PECEM 2;2385.6
2026-03-21;2026-03-27;2026;3;3;PMO Março 2026 - Revisão 3;254;S;Sul;B.BONITA I;0.0
2026-03-21;2026-03-27;2026;3;3;PMO Março 2026 - Revisão 3;107;S;Sul;PAMPA SUL;105.94
2026-03-21;2026-03-27;2026;3;3;PMO Março 2026 - Revisão 3;149;S;Sul;SAO SEPE;118.84
2026-03-21;2026-03-27;2026;3;3;PMO Março 2026 - Revisão 3;24;S;Sul;J.LACER. C;347.2
2026-03-21;2026-03-27;2026;3;3;PMO Março 2026 - Revisão 3;25;S;Sul;J.LACER. B;406.71
2026-03-21;2026-03-27;2026;3;3;PMO Março 2026 - Revisão 3;27;S;Sul;J.LAC. A2;416.39
2026-03-21;2026-03-27;2026;3;3;PMO Março 2026 - Revisão 3;156;S;Sul;CANDIOTA_3;518.84
2026-03-21;2026-03-27;2026;3;3;PMO Março 2026 - Revisão 3;26;S;Sul;J.LAC. A1;518.9
2026-03-21;2026-03-27;2026;3;3;PMO Março 2026 - Revisão 3;48;S;Sul;ARAUCARIA;1062.91
2026-03-21;2026-03-27;2026;3;3;PMO Março 2026 - Revisão 3;35;S;Sul;URUGUAIANA;1307.12
2026-03-21;2026-03-27;2026;3;3;PMO Março 2026 - Revisão 3;64;S;Sul;S.TIARAJU;1379.03
2026-03-21;2026-03-27;2026;3;3;PMO Março 2026 - Revisão 3;108;SE;Sudeste/Centro-Oeste;XAVANTES;0.0
2026-03-21;2026-03-27;2026;3;3;PMO Março 2026 - Revisão 3;153;SE;Sudeste/Centro-Oeste;DAIA;0.0
2026-03-21;2026-03-27;2026;3;3;PMO Março 2026 - Revisão 3;182;SE;Sudeste/Centro-Oeste;PALMEIR_GO;0.0
2026-03-21;2026-03-27;2026;3;3;PMO Março 2026 - Revisão 3;194;SE;Sudeste/Centro-Oeste;TNORTE 2;0.0
2026-03-21;2026-03-27;2026;3;3;PMO Março 2026 - Revisão 3;248;SE;Sudeste/Centro-Oeste;MPPAULINIA;0.0
2026-03-21;2026-03-27;2026;3;3;PMO Março 2026 - Revisão 3;383;SE;Sudeste/Centro-Oeste;ATLANTICO;0.0
2026-03-21;2026-03-27;2026;3;3;PMO Março 2026 - Revisão 3;434;SE;Sudeste/Centro-Oeste;W.ARJONA O;0.0
2026-03-21;2026-03-27;2026;3;3;PMO Março 2026 - Revisão 3;13;SE;Sudeste/Centro-Oeste;ANGRA 2;20.12
2026-03-21;2026-03-27;2026;3;3;PMO Março 2026 - Revisão 3;1;SE;Sudeste/Centro-Oeste;ANGRA 1;31.17
2026-03-21;2026-03-27;2026;3;3;PMO Março 2026 - Revisão 3;236;SE;Sudeste/Centro-Oeste;M.AZUL;138.76
2026-03-21;2026-03-27;2026;3;3;PMO Março 2026 - Revisão 3;229;SE;Sudeste/Centro-Oeste;O.PINTADA;152.33
2026-03-21;2026-03-27;2026;3;3;PMO Março 2026 - Revisão 3;146;SE;Sudeste/Centro-Oeste;UTE STA VI;164.56
2026-03-21;2026-03-27;2026;3;3;PMO Março 2026 - Revisão 3;211;SE;Sudeste/Centro-Oeste;BAIXADA FL;195.7
2026-03-21;2026-03-27;2026;3;3;PMO Março 2026 - Revisão 3;86;SE;Sudeste/Centro-Oeste;SANTA CRUZ;199.22
2026-03-21;2026-03-27;2026;3;3;PMO Março 2026 - Revisão 3;4;SE;Sudeste/Centro-Oeste;ST.CRUZ 34;310.41
2026-03-21;2026-03-27;2026;3;3;PMO Março 2026 - Revisão 3;97;SE;Sudeste/Centro-Oeste;CUBATAO;352.71
2026-03-21;2026-03-27;2026;3;3;PMO Março 2026 - Revisão 3;137;SE;Sudeste/Centro-Oeste;UTE GNA I;376.42
2026-03-21;2026-03-27;2026;3;3;PMO Março 2026 - Revisão 3;238;SE;Sudeste/Centro-Oeste;UTE GNA II;459.21
2026-03-21;2026-03-27;2026;3;3;PMO Março 2026 - Revisão 3;246;SE;Sudeste/Centro-Oeste;KARKEY 019;723.37
2026-03-21;2026-03-27;2026;3;3;PMO Março 2026 - Revisão 3;245;SE;Sudeste/Centro-Oeste;KARKEY 013;723.37
2026-03-21;2026-03-27;2026;3;3;PMO Março 2026 - Revisão 3;68;SE;Sudeste/Centro-Oeste;TRES LAGOA;801.3
2026-03-21;2026-03-27;2026;3;3;PMO Março 2026 - Revisão 3;12;SE;Sudeste/Centro-Oeste;CUIABA CC;850.59
2026-03-21;2026-03-27;2026;3;3;PMO Março 2026 - Revisão 3;249;SE;Sudeste/Centro-Oeste;PORSUD I;851.66
2026-03-21;2026-03-27;2026;3;3;PMO Março 2026 - Revisão 3;250;SE;Sudeste/Centro-Oeste;PORSUD II;852.96
2026-03-21;2026-03-27;2026;3;3;PMO Março 2026 - Revisão 3;334;SE;Sudeste/Centro-Oeste;W.ARJONA;865.62
2026-03-21;2026-03-27;2026;3;3;PMO Março 2026 - Revisão 3;63;SE;Sudeste/Centro-Oeste;AUR.CHAVES;865.89
2026-03-21;2026-03-27;2026;3;3;PMO Março 2026 - Revisão 3;47;SE;Sudeste/Centro-Oeste;TERMORIO;867.12
2026-03-21;2026-03-27;2026;3;3;PMO Março 2026 - Revisão 3;15;SE;Sudeste/Centro-Oeste;LUIZORMELO;967.04
2026-03-21;2026-03-27;2026;3;3;PMO Março 2026 - Revisão 3;15;SE;Sudeste/Centro-Oeste;LUIZORMELO;967.04
2026-03-21;2026-03-27;2026;3;3;PMO Março 2026 - Revisão 3;251;SE;Sudeste/Centro-Oeste;POVOACAO I;1010.89
2026-03-21;2026-03-27;2026;3;3;PMO Março 2026 - Revisão 3;49;SE;Sudeste/Centro-Oeste;VIANA;1025.03
2026-03-21;2026-03-27;2026;3;3;PMO Março 2026 - Revisão 3;60;SE;Sudeste/Centro-Oeste;NORTEFLU;1028.51
2026-03-21;2026-03-27;2026;3;3;PMO Março 2026 - Revisão 3;90;SE;Sudeste/Centro-Oeste;M.LAGO;1045.61
2026-03-21;2026-03-27;2026;3;3;PMO Março 2026 - Revisão 3;62;SE;Sudeste/Centro-Oeste;SEROPEDICA;1108.96
2026-03-21;2026-03-27;2026;3;3;PMO Março 2026 - Revisão 3;54;SE;Sudeste/Centro-Oeste;JUIZ DE FO;1118.96
2026-03-21;2026-03-27;2026;3;3;PMO Março 2026 - Revisão 3;253;SE;Sudeste/Centro-Oeste;VIANA I;1149.72
2026-03-21;2026-03-27;2026;3;3;PMO Março 2026 - Revisão 3;110;SE;Sudeste/Centro-Oeste;FGASPARIAN;1344.53
2026-03-28;2026-04-03;2026;4;0;PMO Abril 2026;240;N;Norte;BARCARENA;0.0
2026-03-28;2026-04-03;2026;4;0;PMO Abril 2026;209;N;Norte;TAMBAQUI;103.36
2026-03-28;2026-04-03;2026;4;0;PMO Abril 2026;207;N;Norte;PONTA NEGR;103.36
2026-03-28;2026-04-03;2026;4;0;PMO Abril 2026;205;N;Norte;MANAUARA;103.36
2026-03-28;2026-04-03;2026;4;0;PMO Abril 2026;204;N;Norte;JARAQUI;103.36
2026-03-28;2026-04-03;2026;4;0;PMO Abril 2026;140;N;Norte;UTE MAUA 3;103.36
2026-03-28;2026-04-03;2026;4;0;PMO Abril 2026;201;N;Norte;APARECIDA;103.36
2026-03-28;2026-04-03;2026;4;0;PMO Abril 2026;203;N;Norte;C. ROCHA;103.36
2026-03-28;2026-04-03;2026;4;0;PMO Abril 2026;212;N;Norte;MARANHAO3;116.1
2026-03-28;2026-04-03;2026;4;0;PMO Abril 2026;36;N;Norte;MARANHAOIV;185.45
2026-03-28;2026-04-03;2026;4;0;PMO Abril 2026;21;N;Norte;MARANHAO V;185.45
2026-03-28;2026-04-03;2026;4;0;PMO Abril 2026;239;N;Norte;PARNAIBA_V;220.51
2026-03-28;2026-04-03;2026;4;0;PMO Abril 2026;326;N;Norte;JAGUATI II;289.25
2026-03-28;2026-04-03;2026;4;0;PMO Abril 2026;46;N;Norte;N.VENECIA2;308.35
2026-03-28;2026-04-03;2026;4;0;PMO Abril 2026;176;N;Norte;P. ITAQUI;322.97
2026-03-28;2026-04-03;2026;4;0;PMO Abril 2026;329;N;Norte;PAU RAINHA;555.69
2026-03-28;2026-04-03;2026;4;0;PMO Abril 2026;324;N;Norte;CANTA;555.69
2026-03-28;2026-04-03;2026;4;0;PMO Abril 2026;330;N;Norte;SANTA LUZ;555.69
2026-03-28;2026-04-03;2026;4;0;PMO Abril 2026;323;N;Norte;BONFIM;555.69
2026-03-28;2026-04-03;2026;4;0;PMO Abril 2026;116;N;Norte;PARNAIB_IV;780.4
2026-03-28;2026-04-03;2026;4;0;PMO Abril 2026;322;N;Norte;BBF BALIZA;876.44
2026-03-28;2026-04-03;2026;4;0;PMO Abril 2026;73;N;Norte;GERAMAR1;943.82
2026-03-28;2026-04-03;2026;4;0;PMO Abril 2026;70;N;Norte;GERAMAR2;943.82
2026-03-28;2026-04-03;2026;4;0;PMO Abril 2026;327;N;Norte;M.C.SUCUBA;1709.8
2026-03-28;2026-04-03;2026;4;0;PMO Abril 2026;328;N;Norte;PALMAPLAN;1722.5
2026-03-28;2026-04-03;2026;4;0;PMO Abril 2026;552;NE;Nordeste;TERMOCAB_F;0.0
2026-03-28;2026-04-03;2026;4;0;PMO Abril 2026;469;NE;Nordeste;TERMOPB_F;0.0
2026-03-28;2026-04-03;2026;4;0;PMO Abril 2026;467;NE;Nordeste;TERMONE_F;0.0
2026-03-28;2026-04-03;2026;4;0;PMO Abril 2026;452;NE;Nordeste;CAMPINA_F;0.0
2026-03-28;2026-04-03;2026;4;0;PMO Abril 2026;144;NE;Nordeste;PETROLINA;0.0
2026-03-28;2026-04-03;2026;4;0;PMO Abril 2026;443;NE;Nordeste;T.BAHIA_F;0.0
2026-03-28;2026-04-03;2026;4;0;PMO Abril 2026;458;NE;Nordeste;TERMOCE_F;0.0
2026-03-28;2026-04-03;2026;4;0;PMO Abril 2026;57;NE;Nordeste;MARACANAU;0.0
2026-03-28;2026-04-03;2026;4;0;PMO Abril 2026;106;NE;Nordeste;ERB CANDEI;118.93
2026-03-28;2026-04-03;2026;4;0;PMO Abril 2026;147;NE;Nordeste;PROSPERIDA;224.31
2026-03-28;2026-04-03;2026;4;0;PMO Abril 2026;223;NE;Nordeste;PROSP_III;228.55
2026-03-28;2026-04-03;2026;4;0;PMO Abril 2026;241;NE;Nordeste;PROSP_II;277.98
2026-03-28;2026-04-03;2026;4;0;PMO Abril 2026;167;NE;Nordeste;P.PECEM1;321.1
2026-03-28;2026-04-03;2026;4;0;PMO Abril 2026;224;NE;Nordeste;PSERGIPE I;321.26
2026-03-28;2026-04-03;2026;4;0;PMO Abril 2026;163;NE;Nordeste;P.PECEM2;331.16
2026-03-28;2026-04-03;2026;4;0;PMO Abril 2026;83;NE;Nordeste;JS_PEREIRA;450.86
2026-03-28;2026-04-03;2026;4;0;PMO Abril 2026;98;NE;Nordeste;PERNAMBU_3;780.04
2026-03-28;2026-04-03;2026;4;0;PMO Abril 2026;96;NE;Nordeste;TERMOPE;819.25
2026-03-28;2026-04-03;2026;4;0;PMO Abril 2026;170;NE;Nordeste;SUAPE II;922.3
2026-03-28;2026-04-03;2026;4;0;PMO Abril 2026;43;NE;Nordeste;C.FURTADO;1008.29
2026-03-28;2026-04-03;2026;4;0;PMO Abril 2026;53;NE;Nordeste;GLOBAL I;1156.76
2026-03-28;2026-04-03;2026;4;0;PMO Abril 2026;55;NE;Nordeste;GLOBAL II;1156.76
2026-03-28;2026-04-03;2026;4;0;PMO Abril 2026;152;NE;Nordeste;TERMOCABO;1519.44
2026-03-28;2026-04-03;2026;4;0;PMO Abril 2026;67;NE;Nordeste;TERMONE;1693.5
2026-03-28;2026-04-03;2026;4;0;PMO Abril 2026;69;NE;Nordeste;TERMOPB;1693.5
2026-03-28;2026-04-03;2026;4;0;PMO Abril 2026;151;NE;Nordeste;POTIGUAR;1883.63
2026-03-28;2026-04-03;2026;4;0;PMO Abril 2026;161;NE;Nordeste;POTIGUAR_3;1883.63
2026-03-28;2026-04-03;2026;4;0;PMO Abril 2026;52;NE;Nordeste;CAMPINA_GR;1943.48
2026-03-28;2026-04-03;2026;4;0;PMO Abril 2026;58;NE;Nordeste;TERMOCEARA;2250.81
2026-03-28;2026-04-03;2026;4;0;PMO Abril 2026;235;NE;Nordeste;C.MURICY 2;2361.0
2026-03-28;2026-04-03;2026;4;0;PMO Abril 2026;162;NE;Nordeste;PECEM 2;2385.6
2026-03-28;2026-04-03;2026;4;0;PMO Abril 2026;448;S;Sul;ARAUCARIA;0.0
2026-03-28;2026-04-03;2026;4;0;PMO Abril 2026;464;S;Sul;CANOAS_F;0.0
2026-03-28;2026-04-03;2026;4;0;PMO Abril 2026;254;S;Sul;B.BONITA I;0.0
2026-03-28;2026-04-03;2026;4;0;PMO Abril 2026;556;S;Sul;CANDIOTA_F;0.0
2026-03-28;2026-04-03;2026;4;0;PMO Abril 2026;435;S;Sul;URUGUAIA_F;0.0
2026-03-28;2026-04-03;2026;4;0;PMO Abril 2026;107;S;Sul;PAMPA SUL;105.94
2026-03-28;2026-04-03;2026;4;0;PMO Abril 2026;149;S;Sul;SAO SEPE;118.84
2026-03-28;2026-04-03;2026;4;0;PMO Abril 2026;24;S;Sul;J.LACER. C;347.2
2026-03-28;2026-04-03;2026;4;0;PMO Abril 2026;25;S;Sul;J.LACER. B;406.71
2026-03-28;2026-04-03;2026;4;0;PMO Abril 2026;27;S;Sul;J.LAC. A2;416.39
2026-03-28;2026-04-03;2026;4;0;PMO Abril 2026;156;S;Sul;CANDIOTA_3;518.84
2026-03-28;2026-04-03;2026;4;0;PMO Abril 2026;26;S;Sul;J.LAC. A1;518.9
2026-03-28;2026-04-03;2026;4;0;PMO Abril 2026;48;S;Sul;ARAUCARIA;1062.91
2026-03-28;2026-04-03;2026;4;0;PMO Abril 2026;35;S;Sul;URUGUAIANA;1307.12
2026-03-28;2026-04-03;2026;4;0;PMO Abril 2026;64;S;Sul;S.TIARAJU;1379.03
2026-03-28;2026-04-03;2026;4;0;PMO Abril 2026;383;SE;Sudeste/Centro-Oeste;ATLANTICO;0.0
2026-03-28;2026-04-03;2026;4;0;PMO Abril 2026;510;SE;Sudeste/Centro-Oeste;NPIRATINGF;0.0
2026-03-28;2026-04-03;2026;4;0;PMO Abril 2026;248;SE;Sudeste/Centro-Oeste;MPPAULINIA;0.0
2026-03-28;2026-04-03;2026;4;0;PMO Abril 2026;108;SE;Sudeste/Centro-Oeste;XAVANTES;0.0
2026-03-28;2026-04-03;2026;4;0;PMO Abril 2026;415;SE;Sudeste/Centro-Oeste;LORM;0.0
2026-03-28;2026-04-03;2026;4;0;PMO Abril 2026;653;SE;Sudeste/Centro-Oeste;VIANA I_F;0.0
2026-03-28;2026-04-03;2026;4;0;PMO Abril 2026;454;SE;Sudeste/Centro-Oeste;J.FORA_F;0.0
2026-03-28;2026-04-03;2026;4;0;PMO Abril 2026;460;SE;Sudeste/Centro-Oeste;NORTEFLU_F;0.0
2026-03-28;2026-04-03;2026;4;0;PMO Abril 2026;462;SE;Sudeste/Centro-Oeste;SEROPEDI_F;0.0
2026-03-28;2026-04-03;2026;4;0;PMO Abril 2026;434;SE;Sudeste/Centro-Oeste;W.ARJONA O;0.0
2026-03-28;2026-04-03;2026;4;0;PMO Abril 2026;194;SE;Sudeste/Centro-Oeste;TNORTE 2;0.0
2026-03-28;2026-04-03;2026;4;0;PMO Abril 2026;182;SE;Sudeste/Centro-Oeste;PALMEIR_GO;0.0
2026-03-28;2026-04-03;2026;4;0;PMO Abril 2026;153;SE;Sudeste/Centro-Oeste;DAIA;0.0
2026-03-28;2026-04-03;2026;4;0;PMO Abril 2026;468;SE;Sudeste/Centro-Oeste;T.LAGOAS_F;0.0
2026-03-28;2026-04-03;2026;4;0;PMO Abril 2026;490;SE;Sudeste/Centro-Oeste;T.MACAE_F;0.0
2026-03-28;2026-04-03;2026;4;0;PMO Abril 2026;651;SE;Sudeste/Centro-Oeste;POVOAC I_F;0.0
2026-03-28;2026-04-03;2026;4;0;PMO Abril 2026;13;SE;Sudeste/Centro-Oeste;ANGRA 2;20.12
2026-03-28;2026-04-03;2026;4;0;PMO Abril 2026;1;SE;Sudeste/Centro-Oeste;ANGRA 1;31.17
2026-03-28;2026-04-03;2026;4;0;PMO Abril 2026;236;SE;Sudeste/Centro-Oeste;M.AZUL;138.76
2026-03-28;2026-04-03;2026;4;0;PMO Abril 2026;229;SE;Sudeste/Centro-Oeste;O.PINTADA;152.33
2026-03-28;2026-04-03;2026;4;0;PMO Abril 2026;146;SE;Sudeste/Centro-Oeste;UTE STA VI;164.56
2026-03-28;2026-04-03;2026;4;0;PMO Abril 2026;211;SE;Sudeste/Centro-Oeste;BAIXADA FL;195.7
2026-03-28;2026-04-03;2026;4;0;PMO Abril 2026;86;SE;Sudeste/Centro-Oeste;SANTA CRUZ;199.22
2026-03-28;2026-04-03;2026;4;0;PMO Abril 2026;4;SE;Sudeste/Centro-Oeste;ST.CRUZ 34;310.41
2026-03-28;2026-04-03;2026;4;0;PMO Abril 2026;97;SE;Sudeste/Centro-Oeste;CUBATAO;352.71
2026-03-28;2026-04-03;2026;4;0;PMO Abril 2026;137;SE;Sudeste/Centro-Oeste;UTE GNA I;376.42
2026-03-28;2026-04-03;2026;4;0;PMO Abril 2026;238;SE;Sudeste/Centro-Oeste;UTE GNA II;459.21
2026-03-28;2026-04-03;2026;4;0;PMO Abril 2026;245;SE;Sudeste/Centro-Oeste;KARKEY 013;723.37
2026-03-28;2026-04-03;2026;4;0;PMO Abril 2026;246;SE;Sudeste/Centro-Oeste;KARKEY 019;723.37
2026-03-28;2026-04-03;2026;4;0;PMO Abril 2026;68;SE;Sudeste/Centro-Oeste;TRES LAGOA;801.3
2026-03-28;2026-04-03;2026;4;0;PMO Abril 2026;12;SE;Sudeste/Centro-Oeste;CUIABA CC;850.59
2026-03-28;2026-04-03;2026;4;0;PMO Abril 2026;249;SE;Sudeste/Centro-Oeste;PORSUD I;851.66
2026-03-28;2026-04-03;2026;4;0;PMO Abril 2026;250;SE;Sudeste/Centro-Oeste;PORSUD II;852.96
2026-03-28;2026-04-03;2026;4;0;PMO Abril 2026;334;SE;Sudeste/Centro-Oeste;W.ARJONA;865.62
2026-03-28;2026-04-03;2026;4;0;PMO Abril 2026;63;SE;Sudeste/Centro-Oeste;AUR.CHAVES;865.89
2026-03-28;2026-04-03;2026;4;0;PMO Abril 2026;47;SE;Sudeste/Centro-Oeste;TERMORIO;867.12
2026-03-28;2026-04-03;2026;4;0;PMO Abril 2026;15;SE;Sudeste/Centro-Oeste;LUIZORMELO;967.04
2026-03-28;2026-04-03;2026;4;0;PMO Abril 2026;15;SE;Sudeste/Centro-Oeste;LUIZORMELO;967.04
2026-03-28;2026-04-03;2026;4;0;PMO Abril 2026;251;SE;Sudeste/Centro-Oeste;POVOACAO I;1010.89
2026-03-28;2026-04-03;2026;4;0;PMO Abril 2026;49;SE;Sudeste/Centro-Oeste;VIANA;1025.03
2026-03-28;2026-04-03;2026;4;0;PMO Abril 2026;60;SE;Sudeste/Centro-Oeste;NORTEFLU;1028.51
2026-03-28;2026-04-03;2026;4;0;PMO Abril 2026;90;SE;Sudeste/Centro-Oeste;M.LAGO;1045.61
2026-03-28;2026-04-03;2026;4;0;PMO Abril 2026;62;SE;Sudeste/Centro-Oeste;SEROPEDICA;1108.96
2026-03-28;2026-04-03;2026;4;0;PMO Abril 2026;54;SE;Sudeste/Centro-Oeste;JUIZ DE FO;1118.96
2026-03-28;2026-04-03;2026;4;0;PMO Abril 2026;253;SE;Sudeste/Centro-Oeste;VIANA I;1149.72
2026-03-28;2026-04-03;2026;4;0;PMO Abril 2026;110;SE;Sudeste/Centro-Oeste;FGASPARIAN;1344.53
2026-04-04;2026-04-10;2026;4;1;PMO Abril 2026 - Revisão 1;240;N;Norte;BARCARENA;0.0
2026-04-04;2026-04-10;2026;4;1;PMO Abril 2026 - Revisão 1;207;N;Norte;PONTA NEGR;103.36
2026-04-04;2026-04-10;2026;4;1;PMO Abril 2026 - Revisão 1;204;N;Norte;JARAQUI;103.36
2026-04-04;2026-04-10;2026;4;1;PMO Abril 2026 - Revisão 1;201;N;Norte;APARECIDA;103.36
2026-04-04;2026-04-10;2026;4;1;PMO Abril 2026 - Revisão 1;203;N;Norte;C. ROCHA;103.36
2026-04-04;2026-04-10;2026;4;1;PMO Abril 2026 - Revisão 1;209;N;Norte;TAMBAQUI;103.36
2026-04-04;2026-04-10;2026;4;1;PMO Abril 2026 - Revisão 1;205;N;Norte;MANAUARA;103.36
2026-04-04;2026-04-10;2026;4;1;PMO Abril 2026 - Revisão 1;140;N;Norte;UTE MAUA 3;103.36
2026-04-04;2026-04-10;2026;4;1;PMO Abril 2026 - Revisão 1;212;N;Norte;MARANHAO3;116.1
2026-04-04;2026-04-10;2026;4;1;PMO Abril 2026 - Revisão 1;36;N;Norte;MARANHAOIV;185.45
2026-04-04;2026-04-10;2026;4;1;PMO Abril 2026 - Revisão 1;21;N;Norte;MARANHAO V;185.45
2026-04-04;2026-04-10;2026;4;1;PMO Abril 2026 - Revisão 1;239;N;Norte;PARNAIBA_V;220.51
2026-04-04;2026-04-10;2026;4;1;PMO Abril 2026 - Revisão 1;326;N;Norte;JAGUATI II;289.25
2026-04-04;2026-04-10;2026;4;1;PMO Abril 2026 - Revisão 1;46;N;Norte;N.VENECIA2;308.35
2026-04-04;2026-04-10;2026;4;1;PMO Abril 2026 - Revisão 1;176;N;Norte;P. ITAQUI;322.97
2026-04-04;2026-04-10;2026;4;1;PMO Abril 2026 - Revisão 1;329;N;Norte;PAU RAINHA;555.69
2026-04-04;2026-04-10;2026;4;1;PMO Abril 2026 - Revisão 1;324;N;Norte;CANTA;555.69
2026-04-04;2026-04-10;2026;4;1;PMO Abril 2026 - Revisão 1;330;N;Norte;SANTA LUZ;555.69
2026-04-04;2026-04-10;2026;4;1;PMO Abril 2026 - Revisão 1;323;N;Norte;BONFIM;555.69
2026-04-04;2026-04-10;2026;4;1;PMO Abril 2026 - Revisão 1;116;N;Norte;PARNAIB_IV;780.4
2026-04-04;2026-04-10;2026;4;1;PMO Abril 2026 - Revisão 1;322;N;Norte;BBF BALIZA;876.44
2026-04-04;2026-04-10;2026;4;1;PMO Abril 2026 - Revisão 1;70;N;Norte;GERAMAR2;943.82
2026-04-04;2026-04-10;2026;4;1;PMO Abril 2026 - Revisão 1;73;N;Norte;GERAMAR1;943.82
2026-04-04;2026-04-10;2026;4;1;PMO Abril 2026 - Revisão 1;327;N;Norte;M.C.SUCUBA;1709.8
2026-04-04;2026-04-10;2026;4;1;PMO Abril 2026 - Revisão 1;328;N;Norte;PALMAPLAN;1722.5
2026-04-04;2026-04-10;2026;4;1;PMO Abril 2026 - Revisão 1;452;NE;Nordeste;CAMPINA_F;0.0
2026-04-04;2026-04-10;2026;4;1;PMO Abril 2026 - Revisão 1;443;NE;Nordeste;T.BAHIA_F;0.0
2026-04-04;2026-04-10;2026;4;1;PMO Abril 2026 - Revisão 1;144;NE;Nordeste;PETROLINA;0.0
2026-04-04;2026-04-10;2026;4;1;PMO Abril 2026 - Revisão 1;458;NE;Nordeste;TERMOCE_F;0.0
2026-04-04;2026-04-10;2026;4;1;PMO Abril 2026 - Revisão 1;57;NE;Nordeste;MARACANAU;0.0
2026-04-04;2026-04-10;2026;4;1;PMO Abril 2026 - Revisão 1;467;NE;Nordeste;TERMONE_F;0.0
2026-04-04;2026-04-10;2026;4;1;PMO Abril 2026 - Revisão 1;552;NE;Nordeste;TERMOCAB_F;0.0
2026-04-04;2026-04-10;2026;4;1;PMO Abril 2026 - Revisão 1;469;NE;Nordeste;TERMOPB_F;0.0
2026-04-04;2026-04-10;2026;4;1;PMO Abril 2026 - Revisão 1;106;NE;Nordeste;ERB CANDEI;118.93
2026-04-04;2026-04-10;2026;4;1;PMO Abril 2026 - Revisão 1;147;NE;Nordeste;PROSPERIDA;224.31
2026-04-04;2026-04-10;2026;4;1;PMO Abril 2026 - Revisão 1;223;NE;Nordeste;PROSP_III;228.55
2026-04-04;2026-04-10;2026;4;1;PMO Abril 2026 - Revisão 1;241;NE;Nordeste;PROSP_II;277.98
2026-04-04;2026-04-10;2026;4;1;PMO Abril 2026 - Revisão 1;167;NE;Nordeste;P.PECEM1;321.1
2026-04-04;2026-04-10;2026;4;1;PMO Abril 2026 - Revisão 1;224;NE;Nordeste;PSERGIPE I;321.26
2026-04-04;2026-04-10;2026;4;1;PMO Abril 2026 - Revisão 1;163;NE;Nordeste;P.PECEM2;331.16
2026-04-04;2026-04-10;2026;4;1;PMO Abril 2026 - Revisão 1;83;NE;Nordeste;JS_PEREIRA;450.86
2026-04-04;2026-04-10;2026;4;1;PMO Abril 2026 - Revisão 1;98;NE;Nordeste;PERNAMBU_3;780.04
2026-04-04;2026-04-10;2026;4;1;PMO Abril 2026 - Revisão 1;96;NE;Nordeste;TERMOPE;819.25
2026-04-04;2026-04-10;2026;4;1;PMO Abril 2026 - Revisão 1;170;NE;Nordeste;SUAPE II;922.3
2026-04-04;2026-04-10;2026;4;1;PMO Abril 2026 - Revisão 1;43;NE;Nordeste;C.FURTADO;1008.29
2026-04-04;2026-04-10;2026;4;1;PMO Abril 2026 - Revisão 1;53;NE;Nordeste;GLOBAL I;1156.76
2026-04-04;2026-04-10;2026;4;1;PMO Abril 2026 - Revisão 1;55;NE;Nordeste;GLOBAL II;1156.76
2026-04-04;2026-04-10;2026;4;1;PMO Abril 2026 - Revisão 1;152;NE;Nordeste;TERMOCABO;1519.44
2026-04-04;2026-04-10;2026;4;1;PMO Abril 2026 - Revisão 1;67;NE;Nordeste;TERMONE;1693.5
2026-04-04;2026-04-10;2026;4;1;PMO Abril 2026 - Revisão 1;69;NE;Nordeste;TERMOPB;1693.5
2026-04-04;2026-04-10;2026;4;1;PMO Abril 2026 - Revisão 1;151;NE;Nordeste;POTIGUAR;1883.63
2026-04-04;2026-04-10;2026;4;1;PMO Abril 2026 - Revisão 1;161;NE;Nordeste;POTIGUAR_3;1883.63
2026-04-04;2026-04-10;2026;4;1;PMO Abril 2026 - Revisão 1;52;NE;Nordeste;CAMPINA_GR;1943.48
2026-04-04;2026-04-10;2026;4;1;PMO Abril 2026 - Revisão 1;58;NE;Nordeste;TERMOCEARA;2250.81
2026-04-04;2026-04-10;2026;4;1;PMO Abril 2026 - Revisão 1;235;NE;Nordeste;C.MURICY 2;2361.0
2026-04-04;2026-04-10;2026;4;1;PMO Abril 2026 - Revisão 1;162;NE;Nordeste;PECEM 2;2385.6
2026-04-04;2026-04-10;2026;4;1;PMO Abril 2026 - Revisão 1;435;S;Sul;URUGUAIA_F;0.0
2026-04-04;2026-04-10;2026;4;1;PMO Abril 2026 - Revisão 1;464;S;Sul;CANOAS_F;0.0
2026-04-04;2026-04-10;2026;4;1;PMO Abril 2026 - Revisão 1;254;S;Sul;B.BONITA I;0.0
2026-04-04;2026-04-10;2026;4;1;PMO Abril 2026 - Revisão 1;448;S;Sul;ARAUCARIA;0.0
2026-04-04;2026-04-10;2026;4;1;PMO Abril 2026 - Revisão 1;556;S;Sul;CANDIOTA_F;0.0
2026-04-04;2026-04-10;2026;4;1;PMO Abril 2026 - Revisão 1;107;S;Sul;PAMPA SUL;105.94
2026-04-04;2026-04-10;2026;4;1;PMO Abril 2026 - Revisão 1;149;S;Sul;SAO SEPE;118.84
2026-04-04;2026-04-10;2026;4;1;PMO Abril 2026 - Revisão 1;24;S;Sul;J.LACER. C;347.2
2026-04-04;2026-04-10;2026;4;1;PMO Abril 2026 - Revisão 1;25;S;Sul;J.LACER. B;406.71
2026-04-04;2026-04-10;2026;4;1;PMO Abril 2026 - Revisão 1;27;S;Sul;J.LAC. A2;416.39
2026-04-04;2026-04-10;2026;4;1;PMO Abril 2026 - Revisão 1;156;S;Sul;CANDIOTA_3;518.84
2026-04-04;2026-04-10;2026;4;1;PMO Abril 2026 - Revisão 1;26;S;Sul;J.LAC. A1;518.9
2026-04-04;2026-04-10;2026;4;1;PMO Abril 2026 - Revisão 1;48;S;Sul;ARAUCARIA;1062.91
2026-04-04;2026-04-10;2026;4;1;PMO Abril 2026 - Revisão 1;35;S;Sul;URUGUAIANA;1307.12
2026-04-04;2026-04-10;2026;4;1;PMO Abril 2026 - Revisão 1;64;S;Sul;S.TIARAJU;1379.03
2026-04-04;2026-04-10;2026;4;1;PMO Abril 2026 - Revisão 1;194;SE;Sudeste/Centro-Oeste;TNORTE 2;0.0
2026-04-04;2026-04-10;2026;4;1;PMO Abril 2026 - Revisão 1;153;SE;Sudeste/Centro-Oeste;DAIA;0.0
2026-04-04;2026-04-10;2026;4;1;PMO Abril 2026 - Revisão 1;182;SE;Sudeste/Centro-Oeste;PALMEIR_GO;0.0
2026-04-04;2026-04-10;2026;4;1;PMO Abril 2026 - Revisão 1;415;SE;Sudeste/Centro-Oeste;LORM;0.0
2026-04-04;2026-04-10;2026;4;1;PMO Abril 2026 - Revisão 1;434;SE;Sudeste/Centro-Oeste;W.ARJONA O;0.0
2026-04-04;2026-04-10;2026;4;1;PMO Abril 2026 - Revisão 1;383;SE;Sudeste/Centro-Oeste;ATLANTICO;0.0
2026-04-04;2026-04-10;2026;4;1;PMO Abril 2026 - Revisão 1;108;SE;Sudeste/Centro-Oeste;XAVANTES;0.0
2026-04-04;2026-04-10;2026;4;1;PMO Abril 2026 - Revisão 1;490;SE;Sudeste/Centro-Oeste;T.MACAE_F;0.0
2026-04-04;2026-04-10;2026;4;1;PMO Abril 2026 - Revisão 1;653;SE;Sudeste/Centro-Oeste;VIANA I_F;0.0
2026-04-04;2026-04-10;2026;4;1;PMO Abril 2026 - Revisão 1;462;SE;Sudeste/Centro-Oeste;SEROPEDI_F;0.0
2026-04-04;2026-04-10;2026;4;1;PMO Abril 2026 - Revisão 1;651;SE;Sudeste/Centro-Oeste;POVOAC I_F;0.0
2026-04-04;2026-04-10;2026;4;1;PMO Abril 2026 - Revisão 1;454;SE;Sudeste/Centro-Oeste;J.FORA_F;0.0
2026-04-04;2026-04-10;2026;4;1;PMO Abril 2026 - Revisão 1;468;SE;Sudeste/Centro-Oeste;T.LAGOAS_F;0.0
2026-04-04;2026-04-10;2026;4;1;PMO Abril 2026 - Revisão 1;460;SE;Sudeste/Centro-Oeste;NORTEFLU_F;0.0
2026-04-04;2026-04-10;2026;4;1;PMO Abril 2026 - Revisão 1;510;SE;Sudeste/Centro-Oeste;NPIRATINGF;0.0
2026-04-04;2026-04-10;2026;4;1;PMO Abril 2026 - Revisão 1;248;SE;Sudeste/Centro-Oeste;MPPAULINIA;0.0
2026-04-04;2026-04-10;2026;4;1;PMO Abril 2026 - Revisão 1;13;SE;Sudeste/Centro-Oeste;ANGRA 2;20.12
2026-04-04;2026-04-10;2026;4;1;PMO Abril 2026 - Revisão 1;1;SE;Sudeste/Centro-Oeste;ANGRA 1;31.17
2026-04-04;2026-04-10;2026;4;1;PMO Abril 2026 - Revisão 1;236;SE;Sudeste/Centro-Oeste;M.AZUL;138.76
2026-04-04;2026-04-10;2026;4;1;PMO Abril 2026 - Revisão 1;229;SE;Sudeste/Centro-Oeste;O.PINTADA;152.33
2026-04-04;2026-04-10;2026;4;1;PMO Abril 2026 - Revisão 1;146;SE;Sudeste/Centro-Oeste;UTE STA VI;164.56
2026-04-04;2026-04-10;2026;4;1;PMO Abril 2026 - Revisão 1;211;SE;Sudeste/Centro-Oeste;BAIXADA FL;195.7
2026-04-04;2026-04-10;2026;4;1;PMO Abril 2026 - Revisão 1;86;SE;Sudeste/Centro-Oeste;SANTA CRUZ;199.22
2026-04-04;2026-04-10;2026;4;1;PMO Abril 2026 - Revisão 1;4;SE;Sudeste/Centro-Oeste;ST.CRUZ 34;310.41
2026-04-04;2026-04-10;2026;4;1;PMO Abril 2026 - Revisão 1;97;SE;Sudeste/Centro-Oeste;CUBATAO;352.71
2026-04-04;2026-04-10;2026;4;1;PMO Abril 2026 - Revisão 1;137;SE;Sudeste/Centro-Oeste;UTE GNA I;376.42
2026-04-04;2026-04-10;2026;4;1;PMO Abril 2026 - Revisão 1;238;SE;Sudeste/Centro-Oeste;UTE GNA II;459.21
2026-04-04;2026-04-10;2026;4;1;PMO Abril 2026 - Revisão 1;246;SE;Sudeste/Centro-Oeste;KARKEY 019;723.37
2026-04-04;2026-04-10;2026;4;1;PMO Abril 2026 - Revisão 1;245;SE;Sudeste/Centro-Oeste;KARKEY 013;723.37
2026-04-04;2026-04-10;2026;4;1;PMO Abril 2026 - Revisão 1;68;SE;Sudeste/Centro-Oeste;TRES LAGOA;801.3
2026-04-04;2026-04-10;2026;4;1;PMO Abril 2026 - Revisão 1;12;SE;Sudeste/Centro-Oeste;CUIABA CC;850.59
2026-04-04;2026-04-10;2026;4;1;PMO Abril 2026 - Revisão 1;249;SE;Sudeste/Centro-Oeste;PORSUD I;851.66
2026-04-04;2026-04-10;2026;4;1;PMO Abril 2026 - Revisão 1;250;SE;Sudeste/Centro-Oeste;PORSUD II;852.96
2026-04-04;2026-04-10;2026;4;1;PMO Abril 2026 - Revisão 1;334;SE;Sudeste/Centro-Oeste;W.ARJONA;865.62
2026-04-04;2026-04-10;2026;4;1;PMO Abril 2026 - Revisão 1;63;SE;Sudeste/Centro-Oeste;AUR.CHAVES;865.89
2026-04-04;2026-04-10;2026;4;1;PMO Abril 2026 - Revisão 1;47;SE;Sudeste/Centro-Oeste;TERMORIO;867.12
2026-04-04;2026-04-10;2026;4;1;PMO Abril 2026 - Revisão 1;15;SE;Sudeste/Centro-Oeste;LUIZORMELO;967.04
2026-04-04;2026-04-10;2026;4;1;PMO Abril 2026 - Revisão 1;15;SE;Sudeste/Centro-Oeste;LUIZORMELO;967.04
2026-04-04;2026-04-10;2026;4;1;PMO Abril 2026 - Revisão 1;251;SE;Sudeste/Centro-Oeste;POVOACAO I;1010.89
2026-04-04;2026-04-10;2026;4;1;PMO Abril 2026 - Revisão 1;49;SE;Sudeste/Centro-Oeste;VIANA;1025.03
2026-04-04;2026-04-10;2026;4;1;PMO Abril 2026 - Revisão 1;60;SE;Sudeste/Centro-Oeste;NORTEFLU;1028.51
2026-04-04;2026-04-10;2026;4;1;PMO Abril 2026 - Revisão 1;90;SE;Sudeste/Centro-Oeste;M.LAGO;1045.61
2026-04-04;2026-04-10;2026;4;1;PMO Abril 2026 - Revisão 1;62;SE;Sudeste/Centro-Oeste;SEROPEDICA;1108.96
2026-04-04;2026-04-10;2026;4;1;PMO Abril 2026 - Revisão 1;54;SE;Sudeste/Centro-Oeste;JUIZ DE FO;1118.96
2026-04-04;2026-04-10;2026;4;1;PMO Abril 2026 - Revisão 1;253;SE;Sudeste/Centro-Oeste;VIANA I;1149.72
2026-04-04;2026-04-10;2026;4;1;PMO Abril 2026 - Revisão 1;110;SE;Sudeste/Centro-Oeste;FGASPARIAN;1344.53
2026-04-11;2026-04-17;2026;4;2;PMO Abril 2026 - Revisão 2;240;N;Norte;BARCARENA;0.0
2026-04-11;2026-04-17;2026;4;2;PMO Abril 2026 - Revisão 2;207;N;Norte;PONTA NEGR;106.75
2026-04-11;2026-04-17;2026;4;2;PMO Abril 2026 - Revisão 2;140;N;Norte;UTE MAUA 3;106.75
2026-04-11;2026-04-17;2026;4;2;PMO Abril 2026 - Revisão 2;201;N;Norte;APARECIDA;106.75
2026-04-11;2026-04-17;2026;4;2;PMO Abril 2026 - Revisão 2;203;N;Norte;C. ROCHA;106.75
2026-04-11;2026-04-17;2026;4;2;PMO Abril 2026 - Revisão 2;205;N;Norte;MANAUARA;106.75
2026-04-11;2026-04-17;2026;4;2;PMO Abril 2026 - Revisão 2;204;N;Norte;JARAQUI;106.75
2026-04-11;2026-04-17;2026;4;2;PMO Abril 2026 - Revisão 2;209;N;Norte;TAMBAQUI;106.75
2026-04-11;2026-04-17;2026;4;2;PMO Abril 2026 - Revisão 2;212;N;Norte;MARANHAO3;116.1
2026-04-11;2026-04-17;2026;4;2;PMO Abril 2026 - Revisão 2;36;N;Norte;MARANHAOIV;193.5
2026-04-11;2026-04-17;2026;4;2;PMO Abril 2026 - Revisão 2;21;N;Norte;MARANHAO V;193.5
2026-04-11;2026-04-17;2026;4;2;PMO Abril 2026 - Revisão 2;239;N;Norte;PARNAIBA_V;221.83
2026-04-11;2026-04-17;2026;4;2;PMO Abril 2026 - Revisão 2;326;N;Norte;JAGUATI II;289.25
2026-04-11;2026-04-17;2026;4;2;PMO Abril 2026 - Revisão 2;46;N;Norte;N.VENECIA2;308.35
2026-04-11;2026-04-17;2026;4;2;PMO Abril 2026 - Revisão 2;176;N;Norte;P. ITAQUI;359.31
2026-04-11;2026-04-17;2026;4;2;PMO Abril 2026 - Revisão 2;324;N;Norte;CANTA;555.69
2026-04-11;2026-04-17;2026;4;2;PMO Abril 2026 - Revisão 2;323;N;Norte;BONFIM;555.69
2026-04-11;2026-04-17;2026;4;2;PMO Abril 2026 - Revisão 2;330;N;Norte;SANTA LUZ;555.69
2026-04-11;2026-04-17;2026;4;2;PMO Abril 2026 - Revisão 2;329;N;Norte;PAU RAINHA;555.69
2026-04-11;2026-04-17;2026;4;2;PMO Abril 2026 - Revisão 2;322;N;Norte;BBF BALIZA;876.44
2026-04-11;2026-04-17;2026;4;2;PMO Abril 2026 - Revisão 2;73;N;Norte;GERAMAR1;1315.52
2026-04-11;2026-04-17;2026;4;2;PMO Abril 2026 - Revisão 2;70;N;Norte;GERAMAR2;1315.52
2026-04-11;2026-04-17;2026;4;2;PMO Abril 2026 - Revisão 2;116;N;Norte;PARNAIB_IV;1448.17
2026-04-11;2026-04-17;2026;4;2;PMO Abril 2026 - Revisão 2;327;N;Norte;M.C.SUCUBA;1709.8
2026-04-11;2026-04-17;2026;4;2;PMO Abril 2026 - Revisão 2;328;N;Norte;PALMAPLAN;1722.5
2026-04-11;2026-04-17;2026;4;2;PMO Abril 2026 - Revisão 2;144;NE;Nordeste;PETROLINA;0.0
2026-04-11;2026-04-17;2026;4;2;PMO Abril 2026 - Revisão 2;469;NE;Nordeste;TERMOPB_F;0.0
2026-04-11;2026-04-17;2026;4;2;PMO Abril 2026 - Revisão 2;452;NE;Nordeste;CAMPINA_F;0.0
2026-04-11;2026-04-17;2026;4;2;PMO Abril 2026 - Revisão 2;443;NE;Nordeste;T.BAHIA_F;0.0
2026-04-11;2026-04-17;2026;4;2;PMO Abril 2026 - Revisão 2;552;NE;Nordeste;TERMOCAB_F;0.0
2026-04-11;2026-04-17;2026;4;2;PMO Abril 2026 - Revisão 2;458;NE;Nordeste;TERMOCE_F;0.0
2026-04-11;2026-04-17;2026;4;2;PMO Abril 2026 - Revisão 2;467;NE;Nordeste;TERMONE_F;0.0
2026-04-11;2026-04-17;2026;4;2;PMO Abril 2026 - Revisão 2;57;NE;Nordeste;MARACANAU;0.0
2026-04-11;2026-04-17;2026;4;2;PMO Abril 2026 - Revisão 2;106;NE;Nordeste;ERB CANDEI;118.93
2026-04-11;2026-04-17;2026;4;2;PMO Abril 2026 - Revisão 2;147;NE;Nordeste;PROSPERIDA;224.31
2026-04-11;2026-04-17;2026;4;2;PMO Abril 2026 - Revisão 2;223;NE;Nordeste;PROSP_III;228.55
2026-04-11;2026-04-17;2026;4;2;PMO Abril 2026 - Revisão 2;167;NE;Nordeste;P.PECEM1;359.67
2026-04-11;2026-04-17;2026;4;2;PMO Abril 2026 - Revisão 2;163;NE;Nordeste;P.PECEM2;367.67
2026-04-11;2026-04-17;2026;4;2;PMO Abril 2026 - Revisão 2;224;NE;Nordeste;PSERGIPE I;449.56
2026-04-11;2026-04-17;2026;4;2;PMO Abril 2026 - Revisão 2;83;NE;Nordeste;JS_PEREIRA;450.86
2026-04-11;2026-04-17;2026;4;2;PMO Abril 2026 - Revisão 2;241;NE;Nordeste;PROSP_II;493.7
2026-04-11;2026-04-17;2026;4;2;PMO Abril 2026 - Revisão 2;98;NE;Nordeste;PERNAMBU_3;1110.23
2026-04-11;2026-04-17;2026;4;2;PMO Abril 2026 - Revisão 2;96;NE;Nordeste;TERMOPE;1308.37
2026-04-11;2026-04-17;2026;4;2;PMO Abril 2026 - Revisão 2;170;NE;Nordeste;SUAPE II;1316.78
2026-04-11;2026-04-17;2026;4;2;PMO Abril 2026 - Revisão 2;43;NE;Nordeste;C.FURTADO;1361.37
2026-04-11;2026-04-17;2026;4;2;PMO Abril 2026 - Revisão 2;53;NE;Nordeste;GLOBAL I;1597.35
2026-04-11;2026-04-17;2026;4;2;PMO Abril 2026 - Revisão 2;55;NE;Nordeste;GLOBAL II;1597.35
2026-04-11;2026-04-17;2026;4;2;PMO Abril 2026 - Revisão 2;152;NE;Nordeste;TERMOCABO;1662.27
2026-04-11;2026-04-17;2026;4;2;PMO Abril 2026 - Revisão 2;69;NE;Nordeste;TERMOPB;1784.35
2026-04-11;2026-04-17;2026;4;2;PMO Abril 2026 - Revisão 2;67;NE;Nordeste;TERMONE;1784.35
2026-04-11;2026-04-17;2026;4;2;PMO Abril 2026 - Revisão 2;52;NE;Nordeste;CAMPINA_GR;2030.98
2026-04-11;2026-04-17;2026;4;2;PMO Abril 2026 - Revisão 2;58;NE;Nordeste;TERMOCEARA;2244.52
2026-04-11;2026-04-17;2026;4;2;PMO Abril 2026 - Revisão 2;151;NE;Nordeste;POTIGUAR;2994.37
2026-04-11;2026-04-17;2026;4;2;PMO Abril 2026 - Revisão 2;161;NE;Nordeste;POTIGUAR_3;2994.37
2026-04-11;2026-04-17;2026;4;2;PMO Abril 2026 - Revisão 2;235;NE;Nordeste;C.MURICY 2;3956.55
2026-04-11;2026-04-17;2026;4;2;PMO Abril 2026 - Revisão 2;162;NE;Nordeste;PECEM 2;3998.43
2026-04-11;2026-04-17;2026;4;2;PMO Abril 2026 - Revisão 2;254;S;Sul;B.BONITA I;0.0
2026-04-11;2026-04-17;2026;4;2;PMO Abril 2026 - Revisão 2;464;S;Sul;CANOAS_F;0.0
2026-04-11;2026-04-17;2026;4;2;PMO Abril 2026 - Revisão 2;556;S;Sul;CANDIOTA_F;0.0
2026-04-11;2026-04-17;2026;4;2;PMO Abril 2026 - Revisão 2;435;S;Sul;URUGUAIA_F;0.0
2026-04-11;2026-04-17;2026;4;2;PMO Abril 2026 - Revisão 2;448;S;Sul;ARAUCARIA;0.0
2026-04-11;2026-04-17;2026;4;2;PMO Abril 2026 - Revisão 2;107;S;Sul;PAMPA SUL;105.94
2026-04-11;2026-04-17;2026;4;2;PMO Abril 2026 - Revisão 2;149;S;Sul;SAO SEPE;118.84
2026-04-11;2026-04-17;2026;4;2;PMO Abril 2026 - Revisão 2;24;S;Sul;J.LACER. C;347.2
2026-04-11;2026-04-17;2026;4;2;PMO Abril 2026 - Revisão 2;25;S;Sul;J.LACER. B;406.71
2026-04-11;2026-04-17;2026;4;2;PMO Abril 2026 - Revisão 2;27;S;Sul;J.LAC. A2;416.39
2026-04-11;2026-04-17;2026;4;2;PMO Abril 2026 - Revisão 2;26;S;Sul;J.LAC. A1;518.9
2026-04-11;2026-04-17;2026;4;2;PMO Abril 2026 - Revisão 2;156;S;Sul;CANDIOTA_3;520.56
2026-04-11;2026-04-17;2026;4;2;PMO Abril 2026 - Revisão 2;64;S;Sul;S.TIARAJU;1373.76
2026-04-11;2026-04-17;2026;4;2;PMO Abril 2026 - Revisão 2;48;S;Sul;ARAUCARIA;1710.69
2026-04-11;2026-04-17;2026;4;2;PMO Abril 2026 - Revisão 2;35;S;Sul;URUGUAIANA;1798.0
2026-04-11;2026-04-17;2026;4;2;PMO Abril 2026 - Revisão 2;415;SE;Sudeste/Centro-Oeste;LORM;0.0
2026-04-11;2026-04-17;2026;4;2;PMO Abril 2026 - Revisão 2;468;SE;Sudeste/Centro-Oeste;T.LAGOAS_F;0.0
2026-04-11;2026-04-17;2026;4;2;PMO Abril 2026 - Revisão 2;651;SE;Sudeste/Centro-Oeste;POVOAC I_F;0.0
2026-04-11;2026-04-17;2026;4;2;PMO Abril 2026 - Revisão 2;434;SE;Sudeste/Centro-Oeste;W.ARJONA O;0.0
2026-04-11;2026-04-17;2026;4;2;PMO Abril 2026 - Revisão 2;462;SE;Sudeste/Centro-Oeste;SEROPEDI_F;0.0
2026-04-11;2026-04-17;2026;4;2;PMO Abril 2026 - Revisão 2;454;SE;Sudeste/Centro-Oeste;J.FORA_F;0.0
2026-04-11;2026-04-17;2026;4;2;PMO Abril 2026 - Revisão 2;182;SE;Sudeste/Centro-Oeste;PALMEIR_GO;0.0
2026-04-11;2026-04-17;2026;4;2;PMO Abril 2026 - Revisão 2;153;SE;Sudeste/Centro-Oeste;DAIA;0.0
2026-04-11;2026-04-17;2026;4;2;PMO Abril 2026 - Revisão 2;194;SE;Sudeste/Centro-Oeste;TNORTE 2;0.0
2026-04-11;2026-04-17;2026;4;2;PMO Abril 2026 - Revisão 2;510;SE;Sudeste/Centro-Oeste;NPIRATINGF;0.0
2026-04-11;2026-04-17;2026;4;2;PMO Abril 2026 - Revisão 2;460;SE;Sudeste/Centro-Oeste;NORTEFLU_F;0.0
2026-04-11;2026-04-17;2026;4;2;PMO Abril 2026 - Revisão 2;108;SE;Sudeste/Centro-Oeste;XAVANTES;0.0
2026-04-11;2026-04-17;2026;4;2;PMO Abril 2026 - Revisão 2;248;SE;Sudeste/Centro-Oeste;MPPAULINIA;0.0
2026-04-11;2026-04-17;2026;4;2;PMO Abril 2026 - Revisão 2;383;SE;Sudeste/Centro-Oeste;ATLANTICO;0.0
2026-04-11;2026-04-17;2026;4;2;PMO Abril 2026 - Revisão 2;653;SE;Sudeste/Centro-Oeste;VIANA I_F;0.0
2026-04-11;2026-04-17;2026;4;2;PMO Abril 2026 - Revisão 2;490;SE;Sudeste/Centro-Oeste;T.MACAE_F;0.0
2026-04-11;2026-04-17;2026;4;2;PMO Abril 2026 - Revisão 2;13;SE;Sudeste/Centro-Oeste;ANGRA 2;20.12
2026-04-11;2026-04-17;2026;4;2;PMO Abril 2026 - Revisão 2;1;SE;Sudeste/Centro-Oeste;ANGRA 1;31.17
2026-04-11;2026-04-17;2026;4;2;PMO Abril 2026 - Revisão 2;229;SE;Sudeste/Centro-Oeste;O.PINTADA;152.33
2026-04-11;2026-04-17;2026;4;2;PMO Abril 2026 - Revisão 2;146;SE;Sudeste/Centro-Oeste;UTE STA VI;164.56
2026-04-11;2026-04-17;2026;4;2;PMO Abril 2026 - Revisão 2;236;SE;Sudeste/Centro-Oeste;M.AZUL;203.81
2026-04-11;2026-04-17;2026;4;2;PMO Abril 2026 - Revisão 2;211;SE;Sudeste/Centro-Oeste;BAIXADA FL;204.55
2026-04-11;2026-04-17;2026;4;2;PMO Abril 2026 - Revisão 2;86;SE;Sudeste/Centro-Oeste;SANTA CRUZ;208.15
2026-04-11;2026-04-17;2026;4;2;PMO Abril 2026 - Revisão 2;4;SE;Sudeste/Centro-Oeste;ST.CRUZ 34;310.41
2026-04-11;2026-04-17;2026;4;2;PMO Abril 2026 - Revisão 2;137;SE;Sudeste/Centro-Oeste;UTE GNA I;394.28
2026-04-11;2026-04-17;2026;4;2;PMO Abril 2026 - Revisão 2;97;SE;Sudeste/Centro-Oeste;CUBATAO;674.2
2026-04-11;2026-04-17;2026;4;2;PMO Abril 2026 - Revisão 2;238;SE;Sudeste/Centro-Oeste;UTE GNA II;877.58
2026-04-11;2026-04-17;2026;4;2;PMO Abril 2026 - Revisão 2;15;SE;Sudeste/Centro-Oeste;LUIZORMELO;1291.92
2026-04-11;2026-04-17;2026;4;2;PMO Abril 2026 - Revisão 2;15;SE;Sudeste/Centro-Oeste;LUIZORMELO;1291.92
2026-04-11;2026-04-17;2026;4;2;PMO Abril 2026 - Revisão 2;68;SE;Sudeste/Centro-Oeste;TRES LAGOA;1324.29
2026-04-11;2026-04-17;2026;4;2;PMO Abril 2026 - Revisão 2;251;SE;Sudeste/Centro-Oeste;POVOACAO I;1330.29
2026-04-11;2026-04-17;2026;4;2;PMO Abril 2026 - Revisão 2;245;SE;Sudeste/Centro-Oeste;KARKEY 013;1362.8
2026-04-11;2026-04-17;2026;4;2;PMO Abril 2026 - Revisão 2;246;SE;Sudeste/Centro-Oeste;KARKEY 019;1362.8
2026-04-11;2026-04-17;2026;4;2;PMO Abril 2026 - Revisão 2;49;SE;Sudeste/Centro-Oeste;VIANA;1446.41
2026-04-11;2026-04-17;2026;4;2;PMO Abril 2026 - Revisão 2;253;SE;Sudeste/Centro-Oeste;VIANA I;1476.53
2026-04-11;2026-04-17;2026;4;2;PMO Abril 2026 - Revisão 2;250;SE;Sudeste/Centro-Oeste;PORSUD II;1549.27
2026-04-11;2026-04-17;2026;4;2;PMO Abril 2026 - Revisão 2;249;SE;Sudeste/Centro-Oeste;PORSUD I;1557.06
2026-04-11;2026-04-17;2026;4;2;PMO Abril 2026 - Revisão 2;60;SE;Sudeste/Centro-Oeste;NORTEFLU;1627.41
2026-04-11;2026-04-17;2026;4;2;PMO Abril 2026 - Revisão 2;334;SE;Sudeste/Centro-Oeste;W.ARJONA;1638.88
2026-04-11;2026-04-17;2026;4;2;PMO Abril 2026 - Revisão 2;63;SE;Sudeste/Centro-Oeste;AUR.CHAVES;1639.58
2026-04-11;2026-04-17;2026;4;2;PMO Abril 2026 - Revisão 2;47;SE;Sudeste/Centro-Oeste;TERMORIO;1649.7
2026-04-11;2026-04-17;2026;4;2;PMO Abril 2026 - Revisão 2;12;SE;Sudeste/Centro-Oeste;CUIABA CC;1657.59
2026-04-11;2026-04-17;2026;4;2;PMO Abril 2026 - Revisão 2;90;SE;Sudeste/Centro-Oeste;M.LAGO;1672.83
2026-04-11;2026-04-17;2026;4;2;PMO Abril 2026 - Revisão 2;62;SE;Sudeste/Centro-Oeste;SEROPEDICA;1719.52
2026-04-11;2026-04-17;2026;4;2;PMO Abril 2026 - Revisão 2;54;SE;Sudeste/Centro-Oeste;JUIZ DE FO;1727.64
2026-04-11;2026-04-17;2026;4;2;PMO Abril 2026 - Revisão 2;110;SE;Sudeste/Centro-Oeste;FGASPARIAN;2103.21
2026-04-18;2026-04-24;2026;4;3;PMO Abril 2026 - Revisão 3;240;N;Norte;BARCARENA;0.0
2026-04-18;2026-04-24;2026;4;3;PMO Abril 2026 - Revisão 3;203;N;Norte;C. ROCHA;106.75
2026-04-18;2026-04-24;2026;4;3;PMO Abril 2026 - Revisão 3;204;N;Norte;JARAQUI;106.75
2026-04-18;2026-04-24;2026;4;3;PMO Abril 2026 - Revisão 3;209;N;Norte;TAMBAQUI;106.75
2026-04-18;2026-04-24;2026;4;3;PMO Abril 2026 - Revisão 3;207;N;Norte;PONTA NEGR;106.75
2026-04-18;2026-04-24;2026;4;3;PMO Abril 2026 - Revisão 3;205;N;Norte;MANAUARA;106.75
2026-04-18;2026-04-24;2026;4;3;PMO Abril 2026 - Revisão 3;201;N;Norte;APARECIDA;106.75
2026-04-18;2026-04-24;2026;4;3;PMO Abril 2026 - Revisão 3;140;N;Norte;UTE MAUA 3;106.75
2026-04-18;2026-04-24;2026;4;3;PMO Abril 2026 - Revisão 3;212;N;Norte;MARANHAO3;116.1
2026-04-18;2026-04-24;2026;4;3;PMO Abril 2026 - Revisão 3;36;N;Norte;MARANHAOIV;193.5
2026-04-18;2026-04-24;2026;4;3;PMO Abril 2026 - Revisão 3;21;N;Norte;MARANHAO V;193.5
2026-04-18;2026-04-24;2026;4;3;PMO Abril 2026 - Revisão 3;239;N;Norte;PARNAIBA_V;221.83
2026-04-18;2026-04-24;2026;4;3;PMO Abril 2026 - Revisão 3;326;N;Norte;JAGUATI II;289.25
2026-04-18;2026-04-24;2026;4;3;PMO Abril 2026 - Revisão 3;46;N;Norte;N.VENECIA2;308.35
2026-04-18;2026-04-24;2026;4;3;PMO Abril 2026 - Revisão 3;176;N;Norte;P. ITAQUI;359.31
2026-04-18;2026-04-24;2026;4;3;PMO Abril 2026 - Revisão 3;329;N;Norte;PAU RAINHA;555.69
2026-04-18;2026-04-24;2026;4;3;PMO Abril 2026 - Revisão 3;323;N;Norte;BONFIM;555.69
2026-04-18;2026-04-24;2026;4;3;PMO Abril 2026 - Revisão 3;324;N;Norte;CANTA;555.69
2026-04-18;2026-04-24;2026;4;3;PMO Abril 2026 - Revisão 3;330;N;Norte;SANTA LUZ;555.69
2026-04-18;2026-04-24;2026;4;3;PMO Abril 2026 - Revisão 3;322;N;Norte;BBF BALIZA;876.44
2026-04-18;2026-04-24;2026;4;3;PMO Abril 2026 - Revisão 3;70;N;Norte;GERAMAR2;1315.52
2026-04-18;2026-04-24;2026;4;3;PMO Abril 2026 - Revisão 3;73;N;Norte;GERAMAR1;1315.52
2026-04-18;2026-04-24;2026;4;3;PMO Abril 2026 - Revisão 3;116;N;Norte;PARNAIB_IV;1448.17
2026-04-18;2026-04-24;2026;4;3;PMO Abril 2026 - Revisão 3;327;N;Norte;M.C.SUCUBA;1709.8
2026-04-18;2026-04-24;2026;4;3;PMO Abril 2026 - Revisão 3;328;N;Norte;PALMAPLAN;1722.5
2026-04-18;2026-04-24;2026;4;3;PMO Abril 2026 - Revisão 3;458;NE;Nordeste;TERMOCE_F;0.0
2026-04-18;2026-04-24;2026;4;3;PMO Abril 2026 - Revisão 3;57;NE;Nordeste;MARACANAU;0.0
2026-04-18;2026-04-24;2026;4;3;PMO Abril 2026 - Revisão 3;144;NE;Nordeste;PETROLINA;0.0
2026-04-18;2026-04-24;2026;4;3;PMO Abril 2026 - Revisão 3;443;NE;Nordeste;T.BAHIA_F;0.0
2026-04-18;2026-04-24;2026;4;3;PMO Abril 2026 - Revisão 3;467;NE;Nordeste;TERMONE_F;0.0
2026-04-18;2026-04-24;2026;4;3;PMO Abril 2026 - Revisão 3;452;NE;Nordeste;CAMPINA_F;0.0
2026-04-18;2026-04-24;2026;4;3;PMO Abril 2026 - Revisão 3;469;NE;Nordeste;TERMOPB_F;0.0
2026-04-18;2026-04-24;2026;4;3;PMO Abril 2026 - Revisão 3;552;NE;Nordeste;TERMOCAB_F;0.0
2026-04-18;2026-04-24;2026;4;3;PMO Abril 2026 - Revisão 3;106;NE;Nordeste;ERB CANDEI;118.93
2026-04-18;2026-04-24;2026;4;3;PMO Abril 2026 - Revisão 3;147;NE;Nordeste;PROSPERIDA;224.31
2026-04-18;2026-04-24;2026;4;3;PMO Abril 2026 - Revisão 3;223;NE;Nordeste;PROSP_III;228.55
2026-04-18;2026-04-24;2026;4;3;PMO Abril 2026 - Revisão 3;167;NE;Nordeste;P.PECEM1;359.67
2026-04-18;2026-04-24;2026;4;3;PMO Abril 2026 - Revisão 3;163;NE;Nordeste;P.PECEM2;367.67
2026-04-18;2026-04-24;2026;4;3;PMO Abril 2026 - Revisão 3;224;NE;Nordeste;PSERGIPE I;449.56
2026-04-18;2026-04-24;2026;4;3;PMO Abril 2026 - Revisão 3;83;NE;Nordeste;JS_PEREIRA;450.86
2026-04-18;2026-04-24;2026;4;3;PMO Abril 2026 - Revisão 3;241;NE;Nordeste;PROSP_II;493.7
2026-04-18;2026-04-24;2026;4;3;PMO Abril 2026 - Revisão 3;98;NE;Nordeste;PERNAMBU_3;1110.23
2026-04-18;2026-04-24;2026;4;3;PMO Abril 2026 - Revisão 3;96;NE;Nordeste;TERMOPE;1308.37
2026-04-18;2026-04-24;2026;4;3;PMO Abril 2026 - Revisão 3;170;NE;Nordeste;SUAPE II;1316.78
2026-04-18;2026-04-24;2026;4;3;PMO Abril 2026 - Revisão 3;43;NE;Nordeste;C.FURTADO;1361.37
2026-04-18;2026-04-24;2026;4;3;PMO Abril 2026 - Revisão 3;55;NE;Nordeste;GLOBAL II;1597.35
2026-04-18;2026-04-24;2026;4;3;PMO Abril 2026 - Revisão 3;53;NE;Nordeste;GLOBAL I;1597.35
2026-04-18;2026-04-24;2026;4;3;PMO Abril 2026 - Revisão 3;152;NE;Nordeste;TERMOCABO;1662.27
2026-04-18;2026-04-24;2026;4;3;PMO Abril 2026 - Revisão 3;69;NE;Nordeste;TERMOPB;1784.35
2026-04-18;2026-04-24;2026;4;3;PMO Abril 2026 - Revisão 3;67;NE;Nordeste;TERMONE;1784.35
2026-04-18;2026-04-24;2026;4;3;PMO Abril 2026 - Revisão 3;52;NE;Nordeste;CAMPINA_GR;2030.98
2026-04-18;2026-04-24;2026;4;3;PMO Abril 2026 - Revisão 3;58;NE;Nordeste;TERMOCEARA;2244.52
2026-04-18;2026-04-24;2026;4;3;PMO Abril 2026 - Revisão 3;161;NE;Nordeste;POTIGUAR_3;2994.37
2026-04-18;2026-04-24;2026;4;3;PMO Abril 2026 - Revisão 3;151;NE;Nordeste;POTIGUAR;2994.37
2026-04-18;2026-04-24;2026;4;3;PMO Abril 2026 - Revisão 3;235;NE;Nordeste;C.MURICY 2;3956.55
2026-04-18;2026-04-24;2026;4;3;PMO Abril 2026 - Revisão 3;162;NE;Nordeste;PECEM 2;3998.43
2026-04-18;2026-04-24;2026;4;3;PMO Abril 2026 - Revisão 3;435;S;Sul;URUGUAIA_F;0.0
2026-04-18;2026-04-24;2026;4;3;PMO Abril 2026 - Revisão 3;254;S;Sul;B.BONITA I;0.0
2026-04-18;2026-04-24;2026;4;3;PMO Abril 2026 - Revisão 3;448;S;Sul;ARAUCARIA;0.0
2026-04-18;2026-04-24;2026;4;3;PMO Abril 2026 - Revisão 3;556;S;Sul;CANDIOTA_F;0.0
2026-04-18;2026-04-24;2026;4;3;PMO Abril 2026 - Revisão 3;464;S;Sul;CANOAS_F;0.0
2026-04-18;2026-04-24;2026;4;3;PMO Abril 2026 - Revisão 3;107;S;Sul;PAMPA SUL;105.94
2026-04-18;2026-04-24;2026;4;3;PMO Abril 2026 - Revisão 3;149;S;Sul;SAO SEPE;118.84
2026-04-18;2026-04-24;2026;4;3;PMO Abril 2026 - Revisão 3;24;S;Sul;J.LACER. C;347.2
2026-04-18;2026-04-24;2026;4;3;PMO Abril 2026 - Revisão 3;25;S;Sul;J.LACER. B;406.71
2026-04-18;2026-04-24;2026;4;3;PMO Abril 2026 - Revisão 3;27;S;Sul;J.LAC. A2;416.39
2026-04-18;2026-04-24;2026;4;3;PMO Abril 2026 - Revisão 3;26;S;Sul;J.LAC. A1;518.9
2026-04-18;2026-04-24;2026;4;3;PMO Abril 2026 - Revisão 3;156;S;Sul;CANDIOTA_3;520.56
2026-04-18;2026-04-24;2026;4;3;PMO Abril 2026 - Revisão 3;48;S;Sul;ARAUCARIA;850.0
2026-04-18;2026-04-24;2026;4;3;PMO Abril 2026 - Revisão 3;64;S;Sul;S.TIARAJU;1373.76
2026-04-18;2026-04-24;2026;4;3;PMO Abril 2026 - Revisão 3;35;S;Sul;URUGUAIANA;1798.0
2026-04-18;2026-04-24;2026;4;3;PMO Abril 2026 - Revisão 3;460;SE;Sudeste/Centro-Oeste;NORTEFLU_F;0.0
2026-04-18;2026-04-24;2026;4;3;PMO Abril 2026 - Revisão 3;653;SE;Sudeste/Centro-Oeste;VIANA I_F;0.0
2026-04-18;2026-04-24;2026;4;3;PMO Abril 2026 - Revisão 3;415;SE;Sudeste/Centro-Oeste;LORM;0.0
2026-04-18;2026-04-24;2026;4;3;PMO Abril 2026 - Revisão 3;153;SE;Sudeste/Centro-Oeste;DAIA;0.0
2026-04-18;2026-04-24;2026;4;3;PMO Abril 2026 - Revisão 3;182;SE;Sudeste/Centro-Oeste;PALMEIR_GO;0.0
2026-04-18;2026-04-24;2026;4;3;PMO Abril 2026 - Revisão 3;510;SE;Sudeste/Centro-Oeste;NPIRATINGF;0.0
2026-04-18;2026-04-24;2026;4;3;PMO Abril 2026 - Revisão 3;651;SE;Sudeste/Centro-Oeste;POVOAC I_F;0.0
2026-04-18;2026-04-24;2026;4;3;PMO Abril 2026 - Revisão 3;108;SE;Sudeste/Centro-Oeste;XAVANTES;0.0
2026-04-18;2026-04-24;2026;4;3;PMO Abril 2026 - Revisão 3;194;SE;Sudeste/Centro-Oeste;TNORTE 2;0.0
2026-04-18;2026-04-24;2026;4;3;PMO Abril 2026 - Revisão 3;490;SE;Sudeste/Centro-Oeste;T.MACAE_F;0.0
2026-04-18;2026-04-24;2026;4;3;PMO Abril 2026 - Revisão 3;383;SE;Sudeste/Centro-Oeste;ATLANTICO;0.0
2026-04-18;2026-04-24;2026;4;3;PMO Abril 2026 - Revisão 3;468;SE;Sudeste/Centro-Oeste;T.LAGOAS_F;0.0
2026-04-18;2026-04-24;2026;4;3;PMO Abril 2026 - Revisão 3;462;SE;Sudeste/Centro-Oeste;SEROPEDI_F;0.0
2026-04-18;2026-04-24;2026;4;3;PMO Abril 2026 - Revisão 3;434;SE;Sudeste/Centro-Oeste;W.ARJONA O;0.0
2026-04-18;2026-04-24;2026;4;3;PMO Abril 2026 - Revisão 3;454;SE;Sudeste/Centro-Oeste;J.FORA_F;0.0
2026-04-18;2026-04-24;2026;4;3;PMO Abril 2026 - Revisão 3;248;SE;Sudeste/Centro-Oeste;MPPAULINIA;0.0
2026-04-18;2026-04-24;2026;4;3;PMO Abril 2026 - Revisão 3;13;SE;Sudeste/Centro-Oeste;ANGRA 2;20.12
2026-04-18;2026-04-24;2026;4;3;PMO Abril 2026 - Revisão 3;1;SE;Sudeste/Centro-Oeste;ANGRA 1;31.17
2026-04-18;2026-04-24;2026;4;3;PMO Abril 2026 - Revisão 3;229;SE;Sudeste/Centro-Oeste;O.PINTADA;152.33
2026-04-18;2026-04-24;2026;4;3;PMO Abril 2026 - Revisão 3;146;SE;Sudeste/Centro-Oeste;UTE STA VI;164.56
2026-04-18;2026-04-24;2026;4;3;PMO Abril 2026 - Revisão 3;236;SE;Sudeste/Centro-Oeste;M.AZUL;203.81
2026-04-18;2026-04-24;2026;4;3;PMO Abril 2026 - Revisão 3;211;SE;Sudeste/Centro-Oeste;BAIXADA FL;204.55
2026-04-18;2026-04-24;2026;4;3;PMO Abril 2026 - Revisão 3;86;SE;Sudeste/Centro-Oeste;SANTA CRUZ;208.15
2026-04-18;2026-04-24;2026;4;3;PMO Abril 2026 - Revisão 3;4;SE;Sudeste/Centro-Oeste;ST.CRUZ 34;310.41
2026-04-18;2026-04-24;2026;4;3;PMO Abril 2026 - Revisão 3;137;SE;Sudeste/Centro-Oeste;UTE GNA I;394.28
2026-04-18;2026-04-24;2026;4;3;PMO Abril 2026 - Revisão 3;97;SE;Sudeste/Centro-Oeste;CUBATAO;674.2
2026-04-18;2026-04-24;2026;4;3;PMO Abril 2026 - Revisão 3;238;SE;Sudeste/Centro-Oeste;UTE GNA II;877.58
2026-04-18;2026-04-24;2026;4;3;PMO Abril 2026 - Revisão 3;15;SE;Sudeste/Centro-Oeste;LUIZORMELO;1291.92
2026-04-18;2026-04-24;2026;4;3;PMO Abril 2026 - Revisão 3;15;SE;Sudeste/Centro-Oeste;LUIZORMELO;1291.92
2026-04-18;2026-04-24;2026;4;3;PMO Abril 2026 - Revisão 3;68;SE;Sudeste/Centro-Oeste;TRES LAGOA;1324.29
2026-04-18;2026-04-24;2026;4;3;PMO Abril 2026 - Revisão 3;251;SE;Sudeste/Centro-Oeste;POVOACAO I;1330.29
2026-04-18;2026-04-24;2026;4;3;PMO Abril 2026 - Revisão 3;245;SE;Sudeste/Centro-Oeste;KARKEY 013;1362.8
2026-04-18;2026-04-24;2026;4;3;PMO Abril 2026 - Revisão 3;246;SE;Sudeste/Centro-Oeste;KARKEY 019;1362.8
2026-04-18;2026-04-24;2026;4;3;PMO Abril 2026 - Revisão 3;49;SE;Sudeste/Centro-Oeste;VIANA;1446.41
2026-04-18;2026-04-24;2026;4;3;PMO Abril 2026 - Revisão 3;253;SE;Sudeste/Centro-Oeste;VIANA I;1476.53
2026-04-18;2026-04-24;2026;4;3;PMO Abril 2026 - Revisão 3;250;SE;Sudeste/Centro-Oeste;PORSUD II;1549.27
2026-04-18;2026-04-24;2026;4;3;PMO Abril 2026 - Revisão 3;249;SE;Sudeste/Centro-Oeste;PORSUD I;1557.06
2026-04-18;2026-04-24;2026;4;3;PMO Abril 2026 - Revisão 3;60;SE;Sudeste/Centro-Oeste;NORTEFLU;1627.41
2026-04-18;2026-04-24;2026;4;3;PMO Abril 2026 - Revisão 3;334;SE;Sudeste/Centro-Oeste;W.ARJONA;1638.88
2026-04-18;2026-04-24;2026;4;3;PMO Abril 2026 - Revisão 3;63;SE;Sudeste/Centro-Oeste;AUR.CHAVES;1639.58
2026-04-18;2026-04-24;2026;4;3;PMO Abril 2026 - Revisão 3;47;SE;Sudeste/Centro-Oeste;TERMORIO;1649.7
2026-04-18;2026-04-24;2026;4;3;PMO Abril 2026 - Revisão 3;12;SE;Sudeste/Centro-Oeste;CUIABA CC;1657.59
2026-04-18;2026-04-24;2026;4;3;PMO Abril 2026 - Revisão 3;90;SE;Sudeste/Centro-Oeste;M.LAGO;1672.83
2026-04-18;2026-04-24;2026;4;3;PMO Abril 2026 - Revisão 3;62;SE;Sudeste/Centro-Oeste;SEROPEDICA;1719.52
2026-04-18;2026-04-24;2026;4;3;PMO Abril 2026 - Revisão 3;54;SE;Sudeste/Centro-Oeste;JUIZ DE FO;1727.64
2026-04-18;2026-04-24;2026;4;3;PMO Abril 2026 - Revisão 3;110;SE;Sudeste/Centro-Oeste;FGASPARIAN;2103.21
2026-04-25;2026-05-01;2026;5;0;PMO Maio 2026;240;N;Norte;BARCARENA;0.0
2026-04-25;2026-05-01;2026;5;0;PMO Maio 2026;203;N;Norte;C. ROCHA;106.75
2026-04-25;2026-05-01;2026;5;0;PMO Maio 2026;205;N;Norte;MANAUARA;106.75
2026-04-25;2026-05-01;2026;5;0;PMO Maio 2026;204;N;Norte;JARAQUI;106.75
2026-04-25;2026-05-01;2026;5;0;PMO Maio 2026;209;N;Norte;TAMBAQUI;106.75
2026-04-25;2026-05-01;2026;5;0;PMO Maio 2026;207;N;Norte;PONTA NEGR;106.75
2026-04-25;2026-05-01;2026;5;0;PMO Maio 2026;140;N;Norte;UTE MAUA 3;106.75
2026-04-25;2026-05-01;2026;5;0;PMO Maio 2026;201;N;Norte;APARECIDA;106.75
2026-04-25;2026-05-01;2026;5;0;PMO Maio 2026;212;N;Norte;MARANHAO3;116.1
2026-04-25;2026-05-01;2026;5;0;PMO Maio 2026;21;N;Norte;MARANHAO V;193.5
2026-04-25;2026-05-01;2026;5;0;PMO Maio 2026;36;N;Norte;MARANHAOIV;193.5
2026-04-25;2026-05-01;2026;5;0;PMO Maio 2026;239;N;Norte;PARNAIBA_V;221.83
2026-04-25;2026-05-01;2026;5;0;PMO Maio 2026;326;N;Norte;JAGUATI II;289.25
2026-04-25;2026-05-01;2026;5;0;PMO Maio 2026;46;N;Norte;N.VENECIA2;308.35
2026-04-25;2026-05-01;2026;5;0;PMO Maio 2026;176;N;Norte;P. ITAQUI;359.31
2026-04-25;2026-05-01;2026;5;0;PMO Maio 2026;323;N;Norte;BONFIM;555.69
2026-04-25;2026-05-01;2026;5;0;PMO Maio 2026;330;N;Norte;SANTA LUZ;555.69
2026-04-25;2026-05-01;2026;5;0;PMO Maio 2026;324;N;Norte;CANTA;555.69
2026-04-25;2026-05-01;2026;5;0;PMO Maio 2026;329;N;Norte;PAU RAINHA;555.69
2026-04-25;2026-05-01;2026;5;0;PMO Maio 2026;322;N;Norte;BBF BALIZA;876.44
2026-04-25;2026-05-01;2026;5;0;PMO Maio 2026;70;N;Norte;GERAMAR2;1315.52
2026-04-25;2026-05-01;2026;5;0;PMO Maio 2026;73;N;Norte;GERAMAR1;1315.52
2026-04-25;2026-05-01;2026;5;0;PMO Maio 2026;116;N;Norte;PARNAIB_IV;1448.17
2026-04-25;2026-05-01;2026;5;0;PMO Maio 2026;328;N;Norte;PALMAPLAN;1593.84
2026-04-25;2026-05-01;2026;5;0;PMO Maio 2026;327;N;Norte;M.C.SUCUBA;1900.44
2026-04-25;2026-05-01;2026;5;0;PMO Maio 2026;144;NE;Nordeste;PETROLINA;0.0
2026-04-25;2026-05-01;2026;5;0;PMO Maio 2026;57;NE;Nordeste;MARACANAU;0.0
2026-04-25;2026-05-01;2026;5;0;PMO Maio 2026;106;NE;Nordeste;ERB CANDEI;118.93
2026-04-25;2026-05-01;2026;5;0;PMO Maio 2026;147;NE;Nordeste;PROSPERIDA;224.31
2026-04-25;2026-05-01;2026;5;0;PMO Maio 2026;223;NE;Nordeste;PROSP_III;228.55
2026-04-25;2026-05-01;2026;5;0;PMO Maio 2026;167;NE;Nordeste;P.PECEM1;359.67
2026-04-25;2026-05-01;2026;5;0;PMO Maio 2026;163;NE;Nordeste;P.PECEM2;367.67
2026-04-25;2026-05-01;2026;5;0;PMO Maio 2026;224;NE;Nordeste;PSERGIPE I;449.56
2026-04-25;2026-05-01;2026;5;0;PMO Maio 2026;83;NE;Nordeste;JS_PEREIRA;450.86
2026-04-25;2026-05-01;2026;5;0;PMO Maio 2026;241;NE;Nordeste;PROSP_II;493.7
2026-04-25;2026-05-01;2026;5;0;PMO Maio 2026;43;NE;Nordeste;C.FURTADO;927.6
2026-04-25;2026-05-01;2026;5;0;PMO Maio 2026;52;NE;Nordeste;CAMPINA_GR;1060.59
2026-04-25;2026-05-01;2026;5;0;PMO Maio 2026;69;NE;Nordeste;TERMOPB;1107.18
2026-04-25;2026-05-01;2026;5;0;PMO Maio 2026;67;NE;Nordeste;TERMONE;1107.18
2026-04-25;2026-05-01;2026;5;0;PMO Maio 2026;98;NE;Nordeste;PERNAMBU_3;1110.23
2026-04-25;2026-05-01;2026;5;0;PMO Maio 2026;152;NE;Nordeste;TERMOCABO;1237.75
2026-04-25;2026-05-01;2026;5;0;PMO Maio 2026;96;NE;Nordeste;TERMOPE;1308.37
2026-04-25;2026-05-01;2026;5;0;PMO Maio 2026;170;NE;Nordeste;SUAPE II;1316.78
2026-04-25;2026-05-01;2026;5;0;PMO Maio 2026;443;NE;Nordeste;T.BAHIA_F;1361.37
2026-04-25;2026-05-01;2026;5;0;PMO Maio 2026;55;NE;Nordeste;GLOBAL II;1597.35
2026-04-25;2026-05-01;2026;5;0;PMO Maio 2026;53;NE;Nordeste;GLOBAL I;1597.35
2026-04-25;2026-05-01;2026;5;0;PMO Maio 2026;552;NE;Nordeste;TERMOCAB_F;1662.27
2026-04-25;2026-05-01;2026;5;0;PMO Maio 2026;469;NE;Nordeste;TERMOPB_F;1784.35
2026-04-25;2026-05-01;2026;5;0;PMO Maio 2026;467;NE;Nordeste;TERMONE_F;1784.35
2026-04-25;2026-05-01;2026;5;0;PMO Maio 2026;58;NE;Nordeste;TERMOCEARA;1938.19
2026-04-25;2026-05-01;2026;5;0;PMO Maio 2026;452;NE;Nordeste;CAMPINA_F;2030.98
2026-04-25;2026-05-01;2026;5;0;PMO Maio 2026;458;NE;Nordeste;TERMOCE_F;2244.52
2026-04-25;2026-05-01;2026;5;0;PMO Maio 2026;151;NE;Nordeste;POTIGUAR;2994.37
2026-04-25;2026-05-01;2026;5;0;PMO Maio 2026;161;NE;Nordeste;POTIGUAR_3;2994.37
2026-04-25;2026-05-01;2026;5;0;PMO Maio 2026;235;NE;Nordeste;C.MURICY 2;3956.55
2026-04-25;2026-05-01;2026;5;0;PMO Maio 2026;162;NE;Nordeste;PECEM 2;3998.43
2026-04-25;2026-05-01;2026;5;0;PMO Maio 2026;254;S;Sul;B.BONITA I;0.0
2026-04-25;2026-05-01;2026;5;0;PMO Maio 2026;107;S;Sul;PAMPA SUL;105.94
2026-04-25;2026-05-01;2026;5;0;PMO Maio 2026;149;S;Sul;SAO SEPE;118.84
2026-04-25;2026-05-01;2026;5;0;PMO Maio 2026;24;S;Sul;J.LACER. C;347.2
2026-04-25;2026-05-01;2026;5;0;PMO Maio 2026;25;S;Sul;J.LACER. B;406.71
2026-04-25;2026-05-01;2026;5;0;PMO Maio 2026;27;S;Sul;J.LAC. A2;416.39
2026-04-25;2026-05-01;2026;5;0;PMO Maio 2026;156;S;Sul;CANDIOTA_3;423.96
2026-04-25;2026-05-01;2026;5;0;PMO Maio 2026;26;S;Sul;J.LAC. A1;518.9
2026-04-25;2026-05-01;2026;5;0;PMO Maio 2026;556;S;Sul;CANDIOTA_F;520.56
2026-04-25;2026-05-01;2026;5;0;PMO Maio 2026;48;S;Sul;ARAUCARIA;850.0
2026-04-25;2026-05-01;2026;5;0;PMO Maio 2026;64;S;Sul;S.TIARAJU;1245.41
2026-04-25;2026-05-01;2026;5;0;PMO Maio 2026;464;S;Sul;CANOAS_F;1373.76
2026-04-25;2026-05-01;2026;5;0;PMO Maio 2026;35;S;Sul;URUGUAIANA;1723.74
2026-04-25;2026-05-01;2026;5;0;PMO Maio 2026;435;S;Sul;URUGUAIA_F;1798.0
2026-04-25;2026-05-01;2026;5;0;PMO Maio 2026;248;SE;Sudeste/Centro-Oeste;MPPAULINIA;0.0
2026-04-25;2026-05-01;2026;5;0;PMO Maio 2026;434;SE;Sudeste/Centro-Oeste;W.ARJONA O;0.0
2026-04-25;2026-05-01;2026;5;0;PMO Maio 2026;182;SE;Sudeste/Centro-Oeste;PALMEIR_GO;0.0
2026-04-25;2026-05-01;2026;5;0;PMO Maio 2026;108;SE;Sudeste/Centro-Oeste;XAVANTES;0.0
2026-04-25;2026-05-01;2026;5;0;PMO Maio 2026;153;SE;Sudeste/Centro-Oeste;DAIA;0.0
2026-04-25;2026-05-01;2026;5;0;PMO Maio 2026;383;SE;Sudeste/Centro-Oeste;ATLANTICO;0.0
2026-04-25;2026-05-01;2026;5;0;PMO Maio 2026;194;SE;Sudeste/Centro-Oeste;TNORTE 2;0.0
2026-04-25;2026-05-01;2026;5;0;PMO Maio 2026;13;SE;Sudeste/Centro-Oeste;ANGRA 2;20.12
2026-04-25;2026-05-01;2026;5;0;PMO Maio 2026;1;SE;Sudeste/Centro-Oeste;ANGRA 1;31.17
2026-04-25;2026-05-01;2026;5;0;PMO Maio 2026;229;SE;Sudeste/Centro-Oeste;O.PINTADA;152.33
2026-04-25;2026-05-01;2026;5;0;PMO Maio 2026;146;SE;Sudeste/Centro-Oeste;UTE STA VI;164.56
2026-04-25;2026-05-01;2026;5;0;PMO Maio 2026;236;SE;Sudeste/Centro-Oeste;M.AZUL;203.81
2026-04-25;2026-05-01;2026;5;0;PMO Maio 2026;211;SE;Sudeste/Centro-Oeste;BAIXADA FL;204.55
2026-04-25;2026-05-01;2026;5;0;PMO Maio 2026;86;SE;Sudeste/Centro-Oeste;SANTA CRUZ;208.15
2026-04-25;2026-05-01;2026;5;0;PMO Maio 2026;4;SE;Sudeste/Centro-Oeste;ST.CRUZ 34;310.41
2026-04-25;2026-05-01;2026;5;0;PMO Maio 2026;137;SE;Sudeste/Centro-Oeste;UTE GNA I;394.28
2026-04-25;2026-05-01;2026;5;0;PMO Maio 2026;97;SE;Sudeste/Centro-Oeste;CUBATAO;674.2
2026-04-25;2026-05-01;2026;5;0;PMO Maio 2026;238;SE;Sudeste/Centro-Oeste;UTE GNA II;877.58
2026-04-25;2026-05-01;2026;5;0;PMO Maio 2026;15;SE;Sudeste/Centro-Oeste;LUIZORMELO;1083.99
2026-04-25;2026-05-01;2026;5;0;PMO Maio 2026;15;SE;Sudeste/Centro-Oeste;LUIZORMELO;1083.99
2026-04-25;2026-05-01;2026;5;0;PMO Maio 2026;251;SE;Sudeste/Centro-Oeste;POVOACAO I;1096.35
2026-04-25;2026-05-01;2026;5;0;PMO Maio 2026;253;SE;Sudeste/Centro-Oeste;VIANA I;1167.05
2026-04-25;2026-05-01;2026;5;0;PMO Maio 2026;415;SE;Sudeste/Centro-Oeste;LORM;1291.92
2026-04-25;2026-05-01;2026;5;0;PMO Maio 2026;68;SE;Sudeste/Centro-Oeste;TRES LAGOA;1313.84
2026-04-25;2026-05-01;2026;5;0;PMO Maio 2026;468;SE;Sudeste/Centro-Oeste;T.LAGOAS_F;1324.29
2026-04-25;2026-05-01;2026;5;0;PMO Maio 2026;651;SE;Sudeste/Centro-Oeste;POVOAC I_F;1330.29
2026-04-25;2026-05-01;2026;5;0;PMO Maio 2026;245;SE;Sudeste/Centro-Oeste;KARKEY 013;1362.8
2026-04-25;2026-05-01;2026;5;0;PMO Maio 2026;246;SE;Sudeste/Centro-Oeste;KARKEY 019;1362.8
2026-04-25;2026-05-01;2026;5;0;PMO Maio 2026;49;SE;Sudeste/Centro-Oeste;VIANA;1446.41
2026-04-25;2026-05-01;2026;5;0;PMO Maio 2026;653;SE;Sudeste/Centro-Oeste;VIANA I_F;1476.53
2026-04-25;2026-05-01;2026;5;0;PMO Maio 2026;60;SE;Sudeste/Centro-Oeste;NORTEFLU;1488.34
2026-04-25;2026-05-01;2026;5;0;PMO Maio 2026;250;SE;Sudeste/Centro-Oeste;PORSUD II;1549.27
2026-04-25;2026-05-01;2026;5;0;PMO Maio 2026;249;SE;Sudeste/Centro-Oeste;PORSUD I;1557.06
2026-04-25;2026-05-01;2026;5;0;PMO Maio 2026;54;SE;Sudeste/Centro-Oeste;JUIZ DE FO;1575.56
2026-04-25;2026-05-01;2026;5;0;PMO Maio 2026;90;SE;Sudeste/Centro-Oeste;M.LAGO;1591.99
2026-04-25;2026-05-01;2026;5;0;PMO Maio 2026;62;SE;Sudeste/Centro-Oeste;SEROPEDICA;1626.05
2026-04-25;2026-05-01;2026;5;0;PMO Maio 2026;334;SE;Sudeste/Centro-Oeste;W.ARJONA;1638.88
2026-04-25;2026-05-01;2026;5;0;PMO Maio 2026;63;SE;Sudeste/Centro-Oeste;AUR.CHAVES;1639.58
2026-04-25;2026-05-01;2026;5;0;PMO Maio 2026;47;SE;Sudeste/Centro-Oeste;TERMORIO;1649.7
2026-04-25;2026-05-01;2026;5;0;PMO Maio 2026;12;SE;Sudeste/Centro-Oeste;CUIABA CC;1657.59
2026-04-25;2026-05-01;2026;5;0;PMO Maio 2026;490;SE;Sudeste/Centro-Oeste;T.MACAE_F;1672.83
2026-04-25;2026-05-01;2026;5;0;PMO Maio 2026;462;SE;Sudeste/Centro-Oeste;SEROPEDI_F;1719.52
2026-04-25;2026-05-01;2026;5;0;PMO Maio 2026;454;SE;Sudeste/Centro-Oeste;J.FORA_F;1727.64
2026-04-25;2026-05-01;2026;5;0;PMO Maio 2026;110;SE;Sudeste/Centro-Oeste;FGASPARIAN;1898.32
2026-04-25;2026-05-01;2026;5;0;PMO Maio 2026;510;SE;Sudeste/Centro-Oeste;NPIRATINGF;2103.21
2026-05-02;2026-05-08;2026;5;1;PMO Maio 2026 - Revisão 1;240;N;Norte;BARCARENA;0.0
2026-05-02;2026-05-08;2026;5;1;PMO Maio 2026 - Revisão 1;203;N;Norte;C. ROCHA;106.75
2026-05-02;2026-05-08;2026;5;1;PMO Maio 2026 - Revisão 1;201;N;Norte;APARECIDA;106.75
2026-05-02;2026-05-08;2026;5;1;PMO Maio 2026 - Revisão 1;204;N;Norte;JARAQUI;106.75
2026-05-02;2026-05-08;2026;5;1;PMO Maio 2026 - Revisão 1;209;N;Norte;TAMBAQUI;106.75
2026-05-02;2026-05-08;2026;5;1;PMO Maio 2026 - Revisão 1;140;N;Norte;UTE MAUA 3;106.75
2026-05-02;2026-05-08;2026;5;1;PMO Maio 2026 - Revisão 1;207;N;Norte;PONTA NEGR;106.75
2026-05-02;2026-05-08;2026;5;1;PMO Maio 2026 - Revisão 1;205;N;Norte;MANAUARA;106.75
2026-05-02;2026-05-08;2026;5;1;PMO Maio 2026 - Revisão 1;212;N;Norte;MARANHAO3;116.1
2026-05-02;2026-05-08;2026;5;1;PMO Maio 2026 - Revisão 1;21;N;Norte;MARANHAO V;193.5
2026-05-02;2026-05-08;2026;5;1;PMO Maio 2026 - Revisão 1;36;N;Norte;MARANHAOIV;193.5
2026-05-02;2026-05-08;2026;5;1;PMO Maio 2026 - Revisão 1;239;N;Norte;PARNAIBA_V;221.83
2026-05-02;2026-05-08;2026;5;1;PMO Maio 2026 - Revisão 1;326;N;Norte;JAGUATI II;289.25
2026-05-02;2026-05-08;2026;5;1;PMO Maio 2026 - Revisão 1;46;N;Norte;N.VENECIA2;308.35
2026-05-02;2026-05-08;2026;5;1;PMO Maio 2026 - Revisão 1;176;N;Norte;P. ITAQUI;359.31
2026-05-02;2026-05-08;2026;5;1;PMO Maio 2026 - Revisão 1;330;N;Norte;SANTA LUZ;555.69
2026-05-02;2026-05-08;2026;5;1;PMO Maio 2026 - Revisão 1;329;N;Norte;PAU RAINHA;555.69
2026-05-02;2026-05-08;2026;5;1;PMO Maio 2026 - Revisão 1;323;N;Norte;BONFIM;555.69
2026-05-02;2026-05-08;2026;5;1;PMO Maio 2026 - Revisão 1;324;N;Norte;CANTA;555.69
2026-05-02;2026-05-08;2026;5;1;PMO Maio 2026 - Revisão 1;322;N;Norte;BBF BALIZA;876.44
2026-05-02;2026-05-08;2026;5;1;PMO Maio 2026 - Revisão 1;70;N;Norte;GERAMAR2;1315.52
2026-05-02;2026-05-08;2026;5;1;PMO Maio 2026 - Revisão 1;73;N;Norte;GERAMAR1;1315.52
2026-05-02;2026-05-08;2026;5;1;PMO Maio 2026 - Revisão 1;116;N;Norte;PARNAIB_IV;1448.17
2026-05-02;2026-05-08;2026;5;1;PMO Maio 2026 - Revisão 1;328;N;Norte;PALMAPLAN;1593.84
2026-05-02;2026-05-08;2026;5;1;PMO Maio 2026 - Revisão 1;327;N;Norte;M.C.SUCUBA;1900.44
2026-05-02;2026-05-08;2026;5;1;PMO Maio 2026 - Revisão 1;144;NE;Nordeste;PETROLINA;0.0
2026-05-02;2026-05-08;2026;5;1;PMO Maio 2026 - Revisão 1;57;NE;Nordeste;MARACANAU;0.0
2026-05-02;2026-05-08;2026;5;1;PMO Maio 2026 - Revisão 1;106;NE;Nordeste;ERB CANDEI;118.93
2026-05-02;2026-05-08;2026;5;1;PMO Maio 2026 - Revisão 1;147;NE;Nordeste;PROSPERIDA;224.31
2026-05-02;2026-05-08;2026;5;1;PMO Maio 2026 - Revisão 1;223;NE;Nordeste;PROSP_III;228.55
2026-05-02;2026-05-08;2026;5;1;PMO Maio 2026 - Revisão 1;167;NE;Nordeste;P.PECEM1;359.67
2026-05-02;2026-05-08;2026;5;1;PMO Maio 2026 - Revisão 1;163;NE;Nordeste;P.PECEM2;367.67
2026-05-02;2026-05-08;2026;5;1;PMO Maio 2026 - Revisão 1;224;NE;Nordeste;PSERGIPE I;449.56
2026-05-02;2026-05-08;2026;5;1;PMO Maio 2026 - Revisão 1;83;NE;Nordeste;JS_PEREIRA;450.86
2026-05-02;2026-05-08;2026;5;1;PMO Maio 2026 - Revisão 1;241;NE;Nordeste;PROSP_II;493.7
2026-05-02;2026-05-08;2026;5;1;PMO Maio 2026 - Revisão 1;43;NE;Nordeste;C.FURTADO;927.6
2026-05-02;2026-05-08;2026;5;1;PMO Maio 2026 - Revisão 1;52;NE;Nordeste;CAMPINA_GR;1060.59
2026-05-02;2026-05-08;2026;5;1;PMO Maio 2026 - Revisão 1;69;NE;Nordeste;TERMOPB;1107.18
2026-05-02;2026-05-08;2026;5;1;PMO Maio 2026 - Revisão 1;67;NE;Nordeste;TERMONE;1107.18
2026-05-02;2026-05-08;2026;5;1;PMO Maio 2026 - Revisão 1;98;NE;Nordeste;PERNAMBU_3;1110.23
2026-05-02;2026-05-08;2026;5;1;PMO Maio 2026 - Revisão 1;152;NE;Nordeste;TERMOCABO;1237.75
2026-05-02;2026-05-08;2026;5;1;PMO Maio 2026 - Revisão 1;96;NE;Nordeste;TERMOPE;1308.37
2026-05-02;2026-05-08;2026;5;1;PMO Maio 2026 - Revisão 1;170;NE;Nordeste;SUAPE II;1316.78
2026-05-02;2026-05-08;2026;5;1;PMO Maio 2026 - Revisão 1;53;NE;Nordeste;GLOBAL I;1597.35
2026-05-02;2026-05-08;2026;5;1;PMO Maio 2026 - Revisão 1;55;NE;Nordeste;GLOBAL II;1597.35
2026-05-02;2026-05-08;2026;5;1;PMO Maio 2026 - Revisão 1;58;NE;Nordeste;TERMOCEARA;1938.19
2026-05-02;2026-05-08;2026;5;1;PMO Maio 2026 - Revisão 1;151;NE;Nordeste;POTIGUAR;2994.37
2026-05-02;2026-05-08;2026;5;1;PMO Maio 2026 - Revisão 1;161;NE;Nordeste;POTIGUAR_3;2994.37
2026-05-02;2026-05-08;2026;5;1;PMO Maio 2026 - Revisão 1;235;NE;Nordeste;C.MURICY 2;3956.55
2026-05-02;2026-05-08;2026;5;1;PMO Maio 2026 - Revisão 1;162;NE;Nordeste;PECEM 2;3998.43
2026-05-02;2026-05-08;2026;5;1;PMO Maio 2026 - Revisão 1;254;S;Sul;B.BONITA I;0.0
2026-05-02;2026-05-08;2026;5;1;PMO Maio 2026 - Revisão 1;107;S;Sul;PAMPA SUL;105.94
2026-05-02;2026-05-08;2026;5;1;PMO Maio 2026 - Revisão 1;149;S;Sul;SAO SEPE;118.84
2026-05-02;2026-05-08;2026;5;1;PMO Maio 2026 - Revisão 1;24;S;Sul;J.LACER. C;347.2
2026-05-02;2026-05-08;2026;5;1;PMO Maio 2026 - Revisão 1;25;S;Sul;J.LACER. B;406.71
2026-05-02;2026-05-08;2026;5;1;PMO Maio 2026 - Revisão 1;27;S;Sul;J.LAC. A2;416.39
2026-05-02;2026-05-08;2026;5;1;PMO Maio 2026 - Revisão 1;156;S;Sul;CANDIOTA_3;427.95
2026-05-02;2026-05-08;2026;5;1;PMO Maio 2026 - Revisão 1;26;S;Sul;J.LAC. A1;518.9
2026-05-02;2026-05-08;2026;5;1;PMO Maio 2026 - Revisão 1;48;S;Sul;ARAUCARIA;850.0
2026-05-02;2026-05-08;2026;5;1;PMO Maio 2026 - Revisão 1;64;S;Sul;S.TIARAJU;1245.41
2026-05-02;2026-05-08;2026;5;1;PMO Maio 2026 - Revisão 1;35;S;Sul;URUGUAIANA;1723.74
2026-05-02;2026-05-08;2026;5;1;PMO Maio 2026 - Revisão 1;108;SE;Sudeste/Centro-Oeste;XAVANTES;0.0
2026-05-02;2026-05-08;2026;5;1;PMO Maio 2026 - Revisão 1;182;SE;Sudeste/Centro-Oeste;PALMEIR_GO;0.0
2026-05-02;2026-05-08;2026;5;1;PMO Maio 2026 - Revisão 1;153;SE;Sudeste/Centro-Oeste;DAIA;0.0
2026-05-02;2026-05-08;2026;5;1;PMO Maio 2026 - Revisão 1;434;SE;Sudeste/Centro-Oeste;W.ARJONA O;0.0
2026-05-02;2026-05-08;2026;5;1;PMO Maio 2026 - Revisão 1;248;SE;Sudeste/Centro-Oeste;MPPAULINIA;0.0
2026-05-02;2026-05-08;2026;5;1;PMO Maio 2026 - Revisão 1;194;SE;Sudeste/Centro-Oeste;TNORTE 2;0.0
2026-05-02;2026-05-08;2026;5;1;PMO Maio 2026 - Revisão 1;383;SE;Sudeste/Centro-Oeste;ATLANTICO;0.0
2026-05-02;2026-05-08;2026;5;1;PMO Maio 2026 - Revisão 1;13;SE;Sudeste/Centro-Oeste;ANGRA 2;20.12
2026-05-02;2026-05-08;2026;5;1;PMO Maio 2026 - Revisão 1;1;SE;Sudeste/Centro-Oeste;ANGRA 1;31.17
2026-05-02;2026-05-08;2026;5;1;PMO Maio 2026 - Revisão 1;229;SE;Sudeste/Centro-Oeste;O.PINTADA;152.33
2026-05-02;2026-05-08;2026;5;1;PMO Maio 2026 - Revisão 1;146;SE;Sudeste/Centro-Oeste;UTE STA VI;164.56
2026-05-02;2026-05-08;2026;5;1;PMO Maio 2026 - Revisão 1;236;SE;Sudeste/Centro-Oeste;M.AZUL;203.81
2026-05-02;2026-05-08;2026;5;1;PMO Maio 2026 - Revisão 1;211;SE;Sudeste/Centro-Oeste;BAIXADA FL;204.55
2026-05-02;2026-05-08;2026;5;1;PMO Maio 2026 - Revisão 1;86;SE;Sudeste/Centro-Oeste;SANTA CRUZ;208.15
2026-05-02;2026-05-08;2026;5;1;PMO Maio 2026 - Revisão 1;4;SE;Sudeste/Centro-Oeste;ST.CRUZ 34;310.41
2026-05-02;2026-05-08;2026;5;1;PMO Maio 2026 - Revisão 1;137;SE;Sudeste/Centro-Oeste;UTE GNA I;394.28
2026-05-02;2026-05-08;2026;5;1;PMO Maio 2026 - Revisão 1;97;SE;Sudeste/Centro-Oeste;CUBATAO;674.2
2026-05-02;2026-05-08;2026;5;1;PMO Maio 2026 - Revisão 1;238;SE;Sudeste/Centro-Oeste;UTE GNA II;877.58
2026-05-02;2026-05-08;2026;5;1;PMO Maio 2026 - Revisão 1;15;SE;Sudeste/Centro-Oeste;LUIZORMELO;1083.99
2026-05-02;2026-05-08;2026;5;1;PMO Maio 2026 - Revisão 1;15;SE;Sudeste/Centro-Oeste;LUIZORMELO;1083.99
2026-05-02;2026-05-08;2026;5;1;PMO Maio 2026 - Revisão 1;251;SE;Sudeste/Centro-Oeste;POVOACAO I;1096.35
2026-05-02;2026-05-08;2026;5;1;PMO Maio 2026 - Revisão 1;253;SE;Sudeste/Centro-Oeste;VIANA I;1167.05
2026-05-02;2026-05-08;2026;5;1;PMO Maio 2026 - Revisão 1;68;SE;Sudeste/Centro-Oeste;TRES LAGOA;1313.84
2026-05-02;2026-05-08;2026;5;1;PMO Maio 2026 - Revisão 1;245;SE;Sudeste/Centro-Oeste;KARKEY 013;1362.8
2026-05-02;2026-05-08;2026;5;1;PMO Maio 2026 - Revisão 1;246;SE;Sudeste/Centro-Oeste;KARKEY 019;1362.8
2026-05-02;2026-05-08;2026;5;1;PMO Maio 2026 - Revisão 1;49;SE;Sudeste/Centro-Oeste;VIANA;1446.41
2026-05-02;2026-05-08;2026;5;1;PMO Maio 2026 - Revisão 1;60;SE;Sudeste/Centro-Oeste;NORTEFLU;1488.34
2026-05-02;2026-05-08;2026;5;1;PMO Maio 2026 - Revisão 1;250;SE;Sudeste/Centro-Oeste;PORSUD II;1549.27
2026-05-02;2026-05-08;2026;5;1;PMO Maio 2026 - Revisão 1;249;SE;Sudeste/Centro-Oeste;PORSUD I;1557.06
2026-05-02;2026-05-08;2026;5;1;PMO Maio 2026 - Revisão 1;54;SE;Sudeste/Centro-Oeste;JUIZ DE FO;1575.56
2026-05-02;2026-05-08;2026;5;1;PMO Maio 2026 - Revisão 1;90;SE;Sudeste/Centro-Oeste;M.LAGO;1591.99
2026-05-02;2026-05-08;2026;5;1;PMO Maio 2026 - Revisão 1;62;SE;Sudeste/Centro-Oeste;SEROPEDICA;1626.05
2026-05-02;2026-05-08;2026;5;1;PMO Maio 2026 - Revisão 1;334;SE;Sudeste/Centro-Oeste;W.ARJONA;1638.88
2026-05-02;2026-05-08;2026;5;1;PMO Maio 2026 - Revisão 1;63;SE;Sudeste/Centro-Oeste;AUR.CHAVES;1639.58
2026-05-02;2026-05-08;2026;5;1;PMO Maio 2026 - Revisão 1;47;SE;Sudeste/Centro-Oeste;TERMORIO;1649.7
2026-05-02;2026-05-08;2026;5;1;PMO Maio 2026 - Revisão 1;12;SE;Sudeste/Centro-Oeste;CUIABA CC;1657.59
2026-05-02;2026-05-08;2026;5;1;PMO Maio 2026 - Revisão 1;110;SE;Sudeste/Centro-Oeste;FGASPARIAN;1898.32
2026-05-09;2026-05-15;2026;5;2;PMO Maio 2026 - Revisão 2;240;N;Norte;BARCARENA;0.0
2026-05-09;2026-05-15;2026;5;2;PMO Maio 2026 - Revisão 2;205;N;Norte;MANAUARA;91.81
2026-05-09;2026-05-15;2026;5;2;PMO Maio 2026 - Revisão 2;204;N;Norte;JARAQUI;91.81
2026-05-09;2026-05-15;2026;5;2;PMO Maio 2026 - Revisão 2;201;N;Norte;APARECIDA;91.81
2026-05-09;2026-05-15;2026;5;2;PMO Maio 2026 - Revisão 2;209;N;Norte;TAMBAQUI;91.81
2026-05-09;2026-05-15;2026;5;2;PMO Maio 2026 - Revisão 2;203;N;Norte;C. ROCHA;91.81
2026-05-09;2026-05-15;2026;5;2;PMO Maio 2026 - Revisão 2;140;N;Norte;UTE MAUA 3;91.81
2026-05-09;2026-05-15;2026;5;2;PMO Maio 2026 - Revisão 2;207;N;Norte;PONTA NEGR;91.81
2026-05-09;2026-05-15;2026;5;2;PMO Maio 2026 - Revisão 2;212;N;Norte;MARANHAO3;116.1
2026-05-09;2026-05-15;2026;5;2;PMO Maio 2026 - Revisão 2;36;N;Norte;MARANHAOIV;158.0
2026-05-09;2026-05-15;2026;5;2;PMO Maio 2026 - Revisão 2;21;N;Norte;MARANHAO V;158.0
2026-05-09;2026-05-15;2026;5;2;PMO Maio 2026 - Revisão 2;239;N;Norte;PARNAIBA_V;213.41
2026-05-09;2026-05-15;2026;5;2;PMO Maio 2026 - Revisão 2;326;N;Norte;JAGUATI II;289.25
2026-05-09;2026-05-15;2026;5;2;PMO Maio 2026 - Revisão 2;176;N;Norte;P. ITAQUI;297.49
2026-05-09;2026-05-15;2026;5;2;PMO Maio 2026 - Revisão 2;46;N;Norte;N.VENECIA2;308.35
2026-05-09;2026-05-15;2026;5;2;PMO Maio 2026 - Revisão 2;324;N;Norte;CANTA;555.69
2026-05-09;2026-05-15;2026;5;2;PMO Maio 2026 - Revisão 2;323;N;Norte;BONFIM;555.69
2026-05-09;2026-05-15;2026;5;2;PMO Maio 2026 - Revisão 2;330;N;Norte;SANTA LUZ;555.69
2026-05-09;2026-05-15;2026;5;2;PMO Maio 2026 - Revisão 2;329;N;Norte;PAU RAINHA;555.69
2026-05-09;2026-05-15;2026;5;2;PMO Maio 2026 - Revisão 2;322;N;Norte;BBF BALIZA;876.44
2026-05-09;2026-05-15;2026;5;2;PMO Maio 2026 - Revisão 2;116;N;Norte;PARNAIB_IV;1159.28
2026-05-09;2026-05-15;2026;5;2;PMO Maio 2026 - Revisão 2;73;N;Norte;GERAMAR1;1321.11
2026-05-09;2026-05-15;2026;5;2;PMO Maio 2026 - Revisão 2;70;N;Norte;GERAMAR2;1321.11
2026-05-09;2026-05-15;2026;5;2;PMO Maio 2026 - Revisão 2;328;N;Norte;PALMAPLAN;1593.84
2026-05-09;2026-05-15;2026;5;2;PMO Maio 2026 - Revisão 2;327;N;Norte;M.C.SUCUBA;1900.44
2026-05-09;2026-05-15;2026;5;2;PMO Maio 2026 - Revisão 2;144;NE;Nordeste;PETROLINA;0.0
2026-05-09;2026-05-15;2026;5;2;PMO Maio 2026 - Revisão 2;57;NE;Nordeste;MARACANAU;0.0
2026-05-09;2026-05-15;2026;5;2;PMO Maio 2026 - Revisão 2;106;NE;Nordeste;ERB CANDEI;118.93
2026-05-09;2026-05-15;2026;5;2;PMO Maio 2026 - Revisão 2;147;NE;Nordeste;PROSPERIDA;224.31
2026-05-09;2026-05-15;2026;5;2;PMO Maio 2026 - Revisão 2;223;NE;Nordeste;PROSP_III;228.55
2026-05-09;2026-05-15;2026;5;2;PMO Maio 2026 - Revisão 2;167;NE;Nordeste;P.PECEM1;294.05
2026-05-09;2026-05-15;2026;5;2;PMO Maio 2026 - Revisão 2;163;NE;Nordeste;P.PECEM2;305.55
2026-05-09;2026-05-15;2026;5;2;PMO Maio 2026 - Revisão 2;241;NE;Nordeste;PROSP_II;400.38
2026-05-09;2026-05-15;2026;5;2;PMO Maio 2026 - Revisão 2;83;NE;Nordeste;JS_PEREIRA;450.86
2026-05-09;2026-05-15;2026;5;2;PMO Maio 2026 - Revisão 2;224;NE;Nordeste;PSERGIPE I;496.34
2026-05-09;2026-05-15;2026;5;2;PMO Maio 2026 - Revisão 2;43;NE;Nordeste;C.FURTADO;774.22
2026-05-09;2026-05-15;2026;5;2;PMO Maio 2026 - Revisão 2;152;NE;Nordeste;TERMOCABO;961.38
2026-05-09;2026-05-15;2026;5;2;PMO Maio 2026 - Revisão 2;96;NE;Nordeste;TERMOPE;1094.59
2026-05-09;2026-05-15;2026;5;2;PMO Maio 2026 - Revisão 2;98;NE;Nordeste;PERNAMBU_3;1115.19
2026-05-09;2026-05-15;2026;5;2;PMO Maio 2026 - Revisão 2;170;NE;Nordeste;SUAPE II;1322.72
2026-05-09;2026-05-15;2026;5;2;PMO Maio 2026 - Revisão 2;52;NE;Nordeste;CAMPINA_GR;1370.26
2026-05-09;2026-05-15;2026;5;2;PMO Maio 2026 - Revisão 2;67;NE;Nordeste;TERMONE;1428.74
2026-05-09;2026-05-15;2026;5;2;PMO Maio 2026 - Revisão 2;69;NE;Nordeste;TERMOPB;1428.74
2026-05-09;2026-05-15;2026;5;2;PMO Maio 2026 - Revisão 2;53;NE;Nordeste;GLOBAL I;1603.97
2026-05-09;2026-05-15;2026;5;2;PMO Maio 2026 - Revisão 2;55;NE;Nordeste;GLOBAL II;1603.97
2026-05-09;2026-05-15;2026;5;2;PMO Maio 2026 - Revisão 2;58;NE;Nordeste;TERMOCEARA;2167.31
2026-05-09;2026-05-15;2026;5;2;PMO Maio 2026 - Revisão 2;161;NE;Nordeste;POTIGUAR_3;2959.12
2026-05-09;2026-05-15;2026;5;2;PMO Maio 2026 - Revisão 2;151;NE;Nordeste;POTIGUAR;2959.12
2026-05-09;2026-05-15;2026;5;2;PMO Maio 2026 - Revisão 2;235;NE;Nordeste;C.MURICY 2;3905.92
2026-05-09;2026-05-15;2026;5;2;PMO Maio 2026 - Revisão 2;162;NE;Nordeste;PECEM 2;3947.25
2026-05-09;2026-05-15;2026;5;2;PMO Maio 2026 - Revisão 2;254;S;Sul;B.BONITA I;0.0
2026-05-09;2026-05-15;2026;5;2;PMO Maio 2026 - Revisão 2;107;S;Sul;PAMPA SUL;105.94
2026-05-09;2026-05-15;2026;5;2;PMO Maio 2026 - Revisão 2;149;S;Sul;SAO SEPE;118.84
2026-05-09;2026-05-15;2026;5;2;PMO Maio 2026 - Revisão 2;24;S;Sul;J.LACER. C;347.2
2026-05-09;2026-05-15;2026;5;2;PMO Maio 2026 - Revisão 2;25;S;Sul;J.LACER. B;406.71
2026-05-09;2026-05-15;2026;5;2;PMO Maio 2026 - Revisão 2;27;S;Sul;J.LAC. A2;416.39
2026-05-09;2026-05-15;2026;5;2;PMO Maio 2026 - Revisão 2;156;S;Sul;CANDIOTA_3;427.95
2026-05-09;2026-05-15;2026;5;2;PMO Maio 2026 - Revisão 2;26;S;Sul;J.LAC. A1;518.9
2026-05-09;2026-05-15;2026;5;2;PMO Maio 2026 - Revisão 2;48;S;Sul;ARAUCARIA;850.0
2026-05-09;2026-05-15;2026;5;2;PMO Maio 2026 - Revisão 2;64;S;Sul;S.TIARAJU;1383.07
2026-05-09;2026-05-15;2026;5;2;PMO Maio 2026 - Revisão 2;35;S;Sul;URUGUAIANA;1902.74
2026-05-09;2026-05-15;2026;5;2;PMO Maio 2026 - Revisão 2;182;SE;Sudeste/Centro-Oeste;PALMEIR_GO;0.0
2026-05-09;2026-05-15;2026;5;2;PMO Maio 2026 - Revisão 2;248;SE;Sudeste/Centro-Oeste;MPPAULINIA;0.0
2026-05-09;2026-05-15;2026;5;2;PMO Maio 2026 - Revisão 2;194;SE;Sudeste/Centro-Oeste;TNORTE 2;0.0
2026-05-09;2026-05-15;2026;5;2;PMO Maio 2026 - Revisão 2;383;SE;Sudeste/Centro-Oeste;ATLANTICO;0.0
2026-05-09;2026-05-15;2026;5;2;PMO Maio 2026 - Revisão 2;153;SE;Sudeste/Centro-Oeste;DAIA;0.0
2026-05-09;2026-05-15;2026;5;2;PMO Maio 2026 - Revisão 2;108;SE;Sudeste/Centro-Oeste;XAVANTES;0.0
2026-05-09;2026-05-15;2026;5;2;PMO Maio 2026 - Revisão 2;434;SE;Sudeste/Centro-Oeste;W.ARJONA O;0.0
2026-05-09;2026-05-15;2026;5;2;PMO Maio 2026 - Revisão 2;13;SE;Sudeste/Centro-Oeste;ANGRA 2;20.12
2026-05-09;2026-05-15;2026;5;2;PMO Maio 2026 - Revisão 2;1;SE;Sudeste/Centro-Oeste;ANGRA 1;31.17
2026-05-09;2026-05-15;2026;5;2;PMO Maio 2026 - Revisão 2;229;SE;Sudeste/Centro-Oeste;O.PINTADA;152.33
2026-05-09;2026-05-15;2026;5;2;PMO Maio 2026 - Revisão 2;146;SE;Sudeste/Centro-Oeste;UTE STA VI;164.56
2026-05-09;2026-05-15;2026;5;2;PMO Maio 2026 - Revisão 2;211;SE;Sudeste/Centro-Oeste;BAIXADA FL;165.53
2026-05-09;2026-05-15;2026;5;2;PMO Maio 2026 - Revisão 2;86;SE;Sudeste/Centro-Oeste;SANTA CRUZ;168.79
2026-05-09;2026-05-15;2026;5;2;PMO Maio 2026 - Revisão 2;236;SE;Sudeste/Centro-Oeste;M.AZUL;227.52
2026-05-09;2026-05-15;2026;5;2;PMO Maio 2026 - Revisão 2;4;SE;Sudeste/Centro-Oeste;ST.CRUZ 34;310.41
2026-05-09;2026-05-15;2026;5;2;PMO Maio 2026 - Revisão 2;137;SE;Sudeste/Centro-Oeste;UTE GNA I;315.52
2026-05-09;2026-05-15;2026;5;2;PMO Maio 2026 - Revisão 2;97;SE;Sudeste/Centro-Oeste;CUBATAO;535.12
2026-05-09;2026-05-15;2026;5;2;PMO Maio 2026 - Revisão 2;238;SE;Sudeste/Centro-Oeste;UTE GNA II;696.58
2026-05-09;2026-05-15;2026;5;2;PMO Maio 2026 - Revisão 2;245;SE;Sudeste/Centro-Oeste;KARKEY 013;1086.17
2026-05-09;2026-05-15;2026;5;2;PMO Maio 2026 - Revisão 2;246;SE;Sudeste/Centro-Oeste;KARKEY 019;1086.17
2026-05-09;2026-05-15;2026;5;2;PMO Maio 2026 - Revisão 2;68;SE;Sudeste/Centro-Oeste;TRES LAGOA;1086.62
2026-05-09;2026-05-15;2026;5;2;PMO Maio 2026 - Revisão 2;15;SE;Sudeste/Centro-Oeste;LUIZORMELO;1202.45
2026-05-09;2026-05-15;2026;5;2;PMO Maio 2026 - Revisão 2;15;SE;Sudeste/Centro-Oeste;LUIZORMELO;1202.45
2026-05-09;2026-05-15;2026;5;2;PMO Maio 2026 - Revisão 2;251;SE;Sudeste/Centro-Oeste;POVOACAO I;1212.84
2026-05-09;2026-05-15;2026;5;2;PMO Maio 2026 - Revisão 2;60;SE;Sudeste/Centro-Oeste;NORTEFLU;1229.45
2026-05-09;2026-05-15;2026;5;2;PMO Maio 2026 - Revisão 2;250;SE;Sudeste/Centro-Oeste;PORSUD II;1243.77
2026-05-09;2026-05-15;2026;5;2;PMO Maio 2026 - Revisão 2;249;SE;Sudeste/Centro-Oeste;PORSUD I;1248.01
2026-05-09;2026-05-15;2026;5;2;PMO Maio 2026 - Revisão 2;253;SE;Sudeste/Centro-Oeste;VIANA I;1286.23
2026-05-09;2026-05-15;2026;5;2;PMO Maio 2026 - Revisão 2;334;SE;Sudeste/Centro-Oeste;W.ARJONA;1304.35
2026-05-09;2026-05-15;2026;5;2;PMO Maio 2026 - Revisão 2;63;SE;Sudeste/Centro-Oeste;AUR.CHAVES;1304.86
2026-05-09;2026-05-15;2026;5;2;PMO Maio 2026 - Revisão 2;12;SE;Sudeste/Centro-Oeste;CUIABA CC;1308.47
2026-05-09;2026-05-15;2026;5;2;PMO Maio 2026 - Revisão 2;54;SE;Sudeste/Centro-Oeste;JUIZ DE FO;1311.14
2026-05-09;2026-05-15;2026;5;2;PMO Maio 2026 - Revisão 2;47;SE;Sudeste/Centro-Oeste;TERMORIO;1311.14
2026-05-09;2026-05-15;2026;5;2;PMO Maio 2026 - Revisão 2;90;SE;Sudeste/Centro-Oeste;M.LAGO;1319.98
2026-05-09;2026-05-15;2026;5;2;PMO Maio 2026 - Revisão 2;62;SE;Sudeste/Centro-Oeste;SEROPEDICA;1360.82
2026-05-09;2026-05-15;2026;5;2;PMO Maio 2026 - Revisão 2;49;SE;Sudeste/Centro-Oeste;VIANA;1452.75
2026-05-09;2026-05-15;2026;5;2;PMO Maio 2026 - Revisão 2;110;SE;Sudeste/Centro-Oeste;FGASPARIAN;1568.73
2026-05-16;2026-05-22;2026;5;3;PMO Maio 2026 - Revisão 3;240;N;Norte;BARCARENA;0.0
2026-05-16;2026-05-22;2026;5;3;PMO Maio 2026 - Revisão 3;207;N;Norte;PONTA NEGR;91.81
2026-05-16;2026-05-22;2026;5;3;PMO Maio 2026 - Revisão 3;201;N;Norte;APARECIDA;91.81
2026-05-16;2026-05-22;2026;5;3;PMO Maio 2026 - Revisão 3;203;N;Norte;C. ROCHA;91.81
2026-05-16;2026-05-22;2026;5;3;PMO Maio 2026 - Revisão 3;204;N;Norte;JARAQUI;91.81
2026-05-16;2026-05-22;2026;5;3;PMO Maio 2026 - Revisão 3;140;N;Norte;UTE MAUA 3;91.81
2026-05-16;2026-05-22;2026;5;3;PMO Maio 2026 - Revisão 3;205;N;Norte;MANAUARA;91.81
2026-05-16;2026-05-22;2026;5;3;PMO Maio 2026 - Revisão 3;209;N;Norte;TAMBAQUI;91.81
2026-05-16;2026-05-22;2026;5;3;PMO Maio 2026 - Revisão 3;212;N;Norte;MARANHAO3;116.1
2026-05-16;2026-05-22;2026;5;3;PMO Maio 2026 - Revisão 3;36;N;Norte;MARANHAOIV;158.0
2026-05-16;2026-05-22;2026;5;3;PMO Maio 2026 - Revisão 3;21;N;Norte;MARANHAO V;158.0
2026-05-16;2026-05-22;2026;5;3;PMO Maio 2026 - Revisão 3;239;N;Norte;PARNAIBA_V;213.41
2026-05-16;2026-05-22;2026;5;3;PMO Maio 2026 - Revisão 3;326;N;Norte;JAGUATI II;289.25
2026-05-16;2026-05-22;2026;5;3;PMO Maio 2026 - Revisão 3;176;N;Norte;P. ITAQUI;297.49
2026-05-16;2026-05-22;2026;5;3;PMO Maio 2026 - Revisão 3;46;N;Norte;N.VENECIA2;308.35
2026-05-16;2026-05-22;2026;5;3;PMO Maio 2026 - Revisão 3;330;N;Norte;SANTA LUZ;555.69
2026-05-16;2026-05-22;2026;5;3;PMO Maio 2026 - Revisão 3;329;N;Norte;PAU RAINHA;555.69
2026-05-16;2026-05-22;2026;5;3;PMO Maio 2026 - Revisão 3;324;N;Norte;CANTA;555.69
2026-05-16;2026-05-22;2026;5;3;PMO Maio 2026 - Revisão 3;323;N;Norte;BONFIM;555.69
2026-05-16;2026-05-22;2026;5;3;PMO Maio 2026 - Revisão 3;322;N;Norte;BBF BALIZA;876.44
2026-05-16;2026-05-22;2026;5;3;PMO Maio 2026 - Revisão 3;116;N;Norte;PARNAIB_IV;1159.28
2026-05-16;2026-05-22;2026;5;3;PMO Maio 2026 - Revisão 3;70;N;Norte;GERAMAR2;1321.11
2026-05-16;2026-05-22;2026;5;3;PMO Maio 2026 - Revisão 3;73;N;Norte;GERAMAR1;1321.11
2026-05-16;2026-05-22;2026;5;3;PMO Maio 2026 - Revisão 3;328;N;Norte;PALMAPLAN;1593.84
2026-05-16;2026-05-22;2026;5;3;PMO Maio 2026 - Revisão 3;327;N;Norte;M.C.SUCUBA;1900.44
2026-05-16;2026-05-22;2026;5;3;PMO Maio 2026 - Revisão 3;57;NE;Nordeste;MARACANAU;0.0
2026-05-16;2026-05-22;2026;5;3;PMO Maio 2026 - Revisão 3;144;NE;Nordeste;PETROLINA;0.0
2026-05-16;2026-05-22;2026;5;3;PMO Maio 2026 - Revisão 3;106;NE;Nordeste;ERB CANDEI;118.93
2026-05-16;2026-05-22;2026;5;3;PMO Maio 2026 - Revisão 3;147;NE;Nordeste;PROSPERIDA;224.31
2026-05-16;2026-05-22;2026;5;3;PMO Maio 2026 - Revisão 3;223;NE;Nordeste;PROSP_III;228.55
2026-05-16;2026-05-22;2026;5;3;PMO Maio 2026 - Revisão 3;167;NE;Nordeste;P.PECEM1;294.05
2026-05-16;2026-05-22;2026;5;3;PMO Maio 2026 - Revisão 3;163;NE;Nordeste;P.PECEM2;305.55
2026-05-16;2026-05-22;2026;5;3;PMO Maio 2026 - Revisão 3;241;NE;Nordeste;PROSP_II;400.38
2026-05-16;2026-05-22;2026;5;3;PMO Maio 2026 - Revisão 3;83;NE;Nordeste;JS_PEREIRA;450.86
2026-05-16;2026-05-22;2026;5;3;PMO Maio 2026 - Revisão 3;224;NE;Nordeste;PSERGIPE I;496.34
2026-05-16;2026-05-22;2026;5;3;PMO Maio 2026 - Revisão 3;43;NE;Nordeste;C.FURTADO;774.22
2026-05-16;2026-05-22;2026;5;3;PMO Maio 2026 - Revisão 3;152;NE;Nordeste;TERMOCABO;961.38
2026-05-16;2026-05-22;2026;5;3;PMO Maio 2026 - Revisão 3;96;NE;Nordeste;TERMOPE;1094.59
2026-05-16;2026-05-22;2026;5;3;PMO Maio 2026 - Revisão 3;98;NE;Nordeste;PERNAMBU_3;1115.19
2026-05-16;2026-05-22;2026;5;3;PMO Maio 2026 - Revisão 3;170;NE;Nordeste;SUAPE II;1322.72
2026-05-16;2026-05-22;2026;5;3;PMO Maio 2026 - Revisão 3;52;NE;Nordeste;CAMPINA_GR;1370.26
2026-05-16;2026-05-22;2026;5;3;PMO Maio 2026 - Revisão 3;69;NE;Nordeste;TERMOPB;1428.74
2026-05-16;2026-05-22;2026;5;3;PMO Maio 2026 - Revisão 3;67;NE;Nordeste;TERMONE;1428.74
2026-05-16;2026-05-22;2026;5;3;PMO Maio 2026 - Revisão 3;53;NE;Nordeste;GLOBAL I;1603.97
2026-05-16;2026-05-22;2026;5;3;PMO Maio 2026 - Revisão 3;55;NE;Nordeste;GLOBAL II;1603.97
2026-05-16;2026-05-22;2026;5;3;PMO Maio 2026 - Revisão 3;58;NE;Nordeste;TERMOCEARA;2167.31
2026-05-16;2026-05-22;2026;5;3;PMO Maio 2026 - Revisão 3;151;NE;Nordeste;POTIGUAR;2959.12
2026-05-16;2026-05-22;2026;5;3;PMO Maio 2026 - Revisão 3;161;NE;Nordeste;POTIGUAR_3;2959.12
2026-05-16;2026-05-22;2026;5;3;PMO Maio 2026 - Revisão 3;235;NE;Nordeste;C.MURICY 2;3905.92
2026-05-16;2026-05-22;2026;5;3;PMO Maio 2026 - Revisão 3;162;NE;Nordeste;PECEM 2;3947.25
2026-05-16;2026-05-22;2026;5;3;PMO Maio 2026 - Revisão 3;254;S;Sul;B.BONITA I;0.0
2026-05-16;2026-05-22;2026;5;3;PMO Maio 2026 - Revisão 3;107;S;Sul;PAMPA SUL;105.94
2026-05-16;2026-05-22;2026;5;3;PMO Maio 2026 - Revisão 3;149;S;Sul;SAO SEPE;118.84
2026-05-16;2026-05-22;2026;5;3;PMO Maio 2026 - Revisão 3;24;S;Sul;J.LACER. C;347.2
2026-05-16;2026-05-22;2026;5;3;PMO Maio 2026 - Revisão 3;25;S;Sul;J.LACER. B;406.71
2026-05-16;2026-05-22;2026;5;3;PMO Maio 2026 - Revisão 3;27;S;Sul;J.LAC. A2;416.39
2026-05-16;2026-05-22;2026;5;3;PMO Maio 2026 - Revisão 3;156;S;Sul;CANDIOTA_3;427.95
2026-05-16;2026-05-22;2026;5;3;PMO Maio 2026 - Revisão 3;26;S;Sul;J.LAC. A1;518.9
2026-05-16;2026-05-22;2026;5;3;PMO Maio 2026 - Revisão 3;48;S;Sul;ARAUCARIA;850.0
2026-05-16;2026-05-22;2026;5;3;PMO Maio 2026 - Revisão 3;64;S;Sul;S.TIARAJU;1383.07
2026-05-16;2026-05-22;2026;5;3;PMO Maio 2026 - Revisão 3;35;S;Sul;URUGUAIANA;1902.74
2026-05-16;2026-05-22;2026;5;3;PMO Maio 2026 - Revisão 3;194;SE;Sudeste/Centro-Oeste;TNORTE 2;0.0
2026-05-16;2026-05-22;2026;5;3;PMO Maio 2026 - Revisão 3;108;SE;Sudeste/Centro-Oeste;XAVANTES;0.0
2026-05-16;2026-05-22;2026;5;3;PMO Maio 2026 - Revisão 3;182;SE;Sudeste/Centro-Oeste;PALMEIR_GO;0.0
2026-05-16;2026-05-22;2026;5;3;PMO Maio 2026 - Revisão 3;248;SE;Sudeste/Centro-Oeste;MPPAULINIA;0.0
2026-05-16;2026-05-22;2026;5;3;PMO Maio 2026 - Revisão 3;383;SE;Sudeste/Centro-Oeste;ATLANTICO;0.0
2026-05-16;2026-05-22;2026;5;3;PMO Maio 2026 - Revisão 3;434;SE;Sudeste/Centro-Oeste;W.ARJONA O;0.0
2026-05-16;2026-05-22;2026;5;3;PMO Maio 2026 - Revisão 3;153;SE;Sudeste/Centro-Oeste;DAIA;0.0
2026-05-16;2026-05-22;2026;5;3;PMO Maio 2026 - Revisão 3;13;SE;Sudeste/Centro-Oeste;ANGRA 2;20.12
2026-05-16;2026-05-22;2026;5;3;PMO Maio 2026 - Revisão 3;1;SE;Sudeste/Centro-Oeste;ANGRA 1;31.17
2026-05-16;2026-05-22;2026;5;3;PMO Maio 2026 - Revisão 3;229;SE;Sudeste/Centro-Oeste;O.PINTADA;152.33
2026-05-16;2026-05-22;2026;5;3;PMO Maio 2026 - Revisão 3;146;SE;Sudeste/Centro-Oeste;UTE STA VI;164.56
2026-05-16;2026-05-22;2026;5;3;PMO Maio 2026 - Revisão 3;211;SE;Sudeste/Centro-Oeste;BAIXADA FL;165.53
2026-05-16;2026-05-22;2026;5;3;PMO Maio 2026 - Revisão 3;86;SE;Sudeste/Centro-Oeste;SANTA CRUZ;168.79
2026-05-16;2026-05-22;2026;5;3;PMO Maio 2026 - Revisão 3;236;SE;Sudeste/Centro-Oeste;M.AZUL;227.52
2026-05-16;2026-05-22;2026;5;3;PMO Maio 2026 - Revisão 3;4;SE;Sudeste/Centro-Oeste;ST.CRUZ 34;310.41
2026-05-16;2026-05-22;2026;5;3;PMO Maio 2026 - Revisão 3;137;SE;Sudeste/Centro-Oeste;UTE GNA I;315.52
2026-05-16;2026-05-22;2026;5;3;PMO Maio 2026 - Revisão 3;97;SE;Sudeste/Centro-Oeste;CUBATAO;535.12
2026-05-16;2026-05-22;2026;5;3;PMO Maio 2026 - Revisão 3;238;SE;Sudeste/Centro-Oeste;UTE GNA II;696.58
2026-05-16;2026-05-22;2026;5;3;PMO Maio 2026 - Revisão 3;245;SE;Sudeste/Centro-Oeste;KARKEY 013;1086.17
2026-05-16;2026-05-22;2026;5;3;PMO Maio 2026 - Revisão 3;246;SE;Sudeste/Centro-Oeste;KARKEY 019;1086.17
2026-05-16;2026-05-22;2026;5;3;PMO Maio 2026 - Revisão 3;68;SE;Sudeste/Centro-Oeste;TRES LAGOA;1086.62
2026-05-16;2026-05-22;2026;5;3;PMO Maio 2026 - Revisão 3;15;SE;Sudeste/Centro-Oeste;LUIZORMELO;1202.45
2026-05-16;2026-05-22;2026;5;3;PMO Maio 2026 - Revisão 3;15;SE;Sudeste/Centro-Oeste;LUIZORMELO;1202.45
2026-05-16;2026-05-22;2026;5;3;PMO Maio 2026 - Revisão 3;251;SE;Sudeste/Centro-Oeste;POVOACAO I;1212.84
2026-05-16;2026-05-22;2026;5;3;PMO Maio 2026 - Revisão 3;60;SE;Sudeste/Centro-Oeste;NORTEFLU;1229.45
2026-05-16;2026-05-22;2026;5;3;PMO Maio 2026 - Revisão 3;250;SE;Sudeste/Centro-Oeste;PORSUD II;1243.77
2026-05-16;2026-05-22;2026;5;3;PMO Maio 2026 - Revisão 3;249;SE;Sudeste/Centro-Oeste;PORSUD I;1248.01
2026-05-16;2026-05-22;2026;5;3;PMO Maio 2026 - Revisão 3;253;SE;Sudeste/Centro-Oeste;VIANA I;1286.23
2026-05-16;2026-05-22;2026;5;3;PMO Maio 2026 - Revisão 3;334;SE;Sudeste/Centro-Oeste;W.ARJONA;1304.35
2026-05-16;2026-05-22;2026;5;3;PMO Maio 2026 - Revisão 3;63;SE;Sudeste/Centro-Oeste;AUR.CHAVES;1304.86
2026-05-16;2026-05-22;2026;5;3;PMO Maio 2026 - Revisão 3;12;SE;Sudeste/Centro-Oeste;CUIABA CC;1308.47
2026-05-16;2026-05-22;2026;5;3;PMO Maio 2026 - Revisão 3;47;SE;Sudeste/Centro-Oeste;TERMORIO;1311.14
2026-05-16;2026-05-22;2026;5;3;PMO Maio 2026 - Revisão 3;54;SE;Sudeste/Centro-Oeste;JUIZ DE FO;1311.14
2026-05-16;2026-05-22;2026;5;3;PMO Maio 2026 - Revisão 3;90;SE;Sudeste/Centro-Oeste;M.LAGO;1319.98
2026-05-16;2026-05-22;2026;5;3;PMO Maio 2026 - Revisão 3;62;SE;Sudeste/Centro-Oeste;SEROPEDICA;1360.82
2026-05-16;2026-05-22;2026;5;3;PMO Maio 2026 - Revisão 3;49;SE;Sudeste/Centro-Oeste;VIANA;1452.75
2026-05-16;2026-05-22;2026;5;3;PMO Maio 2026 - Revisão 3;110;SE;Sudeste/Centro-Oeste;FGASPARIAN;1568.73
2026-05-23;2026-05-29;2026;5;4;PMO Maio 2026 - Revisão 4;240;N;Norte;BARCARENA;0.0
2026-05-23;2026-05-29;2026;5;4;PMO Maio 2026 - Revisão 4;207;N;Norte;PONTA NEGR;91.81
2026-05-23;2026-05-29;2026;5;4;PMO Maio 2026 - Revisão 4;140;N;Norte;UTE MAUA 3;91.81
2026-05-23;2026-05-29;2026;5;4;PMO Maio 2026 - Revisão 4;203;N;Norte;C. ROCHA;91.81
2026-05-23;2026-05-29;2026;5;4;PMO Maio 2026 - Revisão 4;209;N;Norte;TAMBAQUI;91.81
2026-05-23;2026-05-29;2026;5;4;PMO Maio 2026 - Revisão 4;205;N;Norte;MANAUARA;91.81
2026-05-23;2026-05-29;2026;5;4;PMO Maio 2026 - Revisão 4;204;N;Norte;JARAQUI;91.81
2026-05-23;2026-05-29;2026;5;4;PMO Maio 2026 - Revisão 4;201;N;Norte;APARECIDA;91.81
2026-05-23;2026-05-29;2026;5;4;PMO Maio 2026 - Revisão 4;212;N;Norte;MARANHAO3;116.1
2026-05-23;2026-05-29;2026;5;4;PMO Maio 2026 - Revisão 4;21;N;Norte;MARANHAO V;158.0
2026-05-23;2026-05-29;2026;5;4;PMO Maio 2026 - Revisão 4;36;N;Norte;MARANHAOIV;158.0
2026-05-23;2026-05-29;2026;5;4;PMO Maio 2026 - Revisão 4;239;N;Norte;PARNAIBA_V;213.41
2026-05-23;2026-05-29;2026;5;4;PMO Maio 2026 - Revisão 4;326;N;Norte;JAGUATI II;289.25
2026-05-23;2026-05-29;2026;5;4;PMO Maio 2026 - Revisão 4;176;N;Norte;P. ITAQUI;297.49
2026-05-23;2026-05-29;2026;5;4;PMO Maio 2026 - Revisão 4;46;N;Norte;N.VENECIA2;308.35
2026-05-23;2026-05-29;2026;5;4;PMO Maio 2026 - Revisão 4;329;N;Norte;PAU RAINHA;555.69
2026-05-23;2026-05-29;2026;5;4;PMO Maio 2026 - Revisão 4;330;N;Norte;SANTA LUZ;555.69
2026-05-23;2026-05-29;2026;5;4;PMO Maio 2026 - Revisão 4;323;N;Norte;BONFIM;555.69
2026-05-23;2026-05-29;2026;5;4;PMO Maio 2026 - Revisão 4;324;N;Norte;CANTA;555.69
2026-05-23;2026-05-29;2026;5;4;PMO Maio 2026 - Revisão 4;322;N;Norte;BBF BALIZA;876.44
2026-05-23;2026-05-29;2026;5;4;PMO Maio 2026 - Revisão 4;116;N;Norte;PARNAIB_IV;1159.28
2026-05-23;2026-05-29;2026;5;4;PMO Maio 2026 - Revisão 4;70;N;Norte;GERAMAR2;1321.11
2026-05-23;2026-05-29;2026;5;4;PMO Maio 2026 - Revisão 4;73;N;Norte;GERAMAR1;1321.11
2026-05-23;2026-05-29;2026;5;4;PMO Maio 2026 - Revisão 4;328;N;Norte;PALMAPLAN;1593.84
2026-05-23;2026-05-29;2026;5;4;PMO Maio 2026 - Revisão 4;327;N;Norte;M.C.SUCUBA;1900.44
2026-05-23;2026-05-29;2026;5;4;PMO Maio 2026 - Revisão 4;144;NE;Nordeste;PETROLINA;0.0
2026-05-23;2026-05-29;2026;5;4;PMO Maio 2026 - Revisão 4;57;NE;Nordeste;MARACANAU;0.0
2026-05-23;2026-05-29;2026;5;4;PMO Maio 2026 - Revisão 4;106;NE;Nordeste;ERB CANDEI;118.93
2026-05-23;2026-05-29;2026;5;4;PMO Maio 2026 - Revisão 4;147;NE;Nordeste;PROSPERIDA;224.31
2026-05-23;2026-05-29;2026;5;4;PMO Maio 2026 - Revisão 4;223;NE;Nordeste;PROSP_III;228.55
2026-05-23;2026-05-29;2026;5;4;PMO Maio 2026 - Revisão 4;167;NE;Nordeste;P.PECEM1;294.05
2026-05-23;2026-05-29;2026;5;4;PMO Maio 2026 - Revisão 4;163;NE;Nordeste;P.PECEM2;305.55
2026-05-23;2026-05-29;2026;5;4;PMO Maio 2026 - Revisão 4;241;NE;Nordeste;PROSP_II;400.38
2026-05-23;2026-05-29;2026;5;4;PMO Maio 2026 - Revisão 4;83;NE;Nordeste;JS_PEREIRA;450.86
2026-05-23;2026-05-29;2026;5;4;PMO Maio 2026 - Revisão 4;224;NE;Nordeste;PSERGIPE I;496.34
2026-05-23;2026-05-29;2026;5;4;PMO Maio 2026 - Revisão 4;43;NE;Nordeste;C.FURTADO;904.34
2026-05-23;2026-05-29;2026;5;4;PMO Maio 2026 - Revisão 4;96;NE;Nordeste;TERMOPE;1094.59
2026-05-23;2026-05-29;2026;5;4;PMO Maio 2026 - Revisão 4;98;NE;Nordeste;PERNAMBU_3;1115.19
2026-05-23;2026-05-29;2026;5;4;PMO Maio 2026 - Revisão 4;170;NE;Nordeste;SUAPE II;1322.72
2026-05-23;2026-05-29;2026;5;4;PMO Maio 2026 - Revisão 4;52;NE;Nordeste;CAMPINA_GR;1370.26
2026-05-23;2026-05-29;2026;5;4;PMO Maio 2026 - Revisão 4;69;NE;Nordeste;TERMOPB;1428.74
2026-05-23;2026-05-29;2026;5;4;PMO Maio 2026 - Revisão 4;67;NE;Nordeste;TERMONE;1428.74
2026-05-23;2026-05-29;2026;5;4;PMO Maio 2026 - Revisão 4;152;NE;Nordeste;TERMOCABO;1573.54
2026-05-23;2026-05-29;2026;5;4;PMO Maio 2026 - Revisão 4;53;NE;Nordeste;GLOBAL I;1603.97
2026-05-23;2026-05-29;2026;5;4;PMO Maio 2026 - Revisão 4;55;NE;Nordeste;GLOBAL II;1603.97
2026-05-23;2026-05-29;2026;5;4;PMO Maio 2026 - Revisão 4;58;NE;Nordeste;TERMOCEARA;2167.31
2026-05-23;2026-05-29;2026;5;4;PMO Maio 2026 - Revisão 4;161;NE;Nordeste;POTIGUAR_3;2959.12
2026-05-23;2026-05-29;2026;5;4;PMO Maio 2026 - Revisão 4;151;NE;Nordeste;POTIGUAR;2959.12
2026-05-23;2026-05-29;2026;5;4;PMO Maio 2026 - Revisão 4;235;NE;Nordeste;C.MURICY 2;3905.92
2026-05-23;2026-05-29;2026;5;4;PMO Maio 2026 - Revisão 4;162;NE;Nordeste;PECEM 2;3947.25
2026-05-23;2026-05-29;2026;5;4;PMO Maio 2026 - Revisão 4;254;S;Sul;B.BONITA I;0.0
2026-05-23;2026-05-29;2026;5;4;PMO Maio 2026 - Revisão 4;107;S;Sul;PAMPA SUL;105.94
2026-05-23;2026-05-29;2026;5;4;PMO Maio 2026 - Revisão 4;149;S;Sul;SAO SEPE;118.84
2026-05-23;2026-05-29;2026;5;4;PMO Maio 2026 - Revisão 4;24;S;Sul;J.LACER. C;347.2
2026-05-23;2026-05-29;2026;5;4;PMO Maio 2026 - Revisão 4;25;S;Sul;J.LACER. B;406.71
2026-05-23;2026-05-29;2026;5;4;PMO Maio 2026 - Revisão 4;27;S;Sul;J.LAC. A2;416.39
2026-05-23;2026-05-29;2026;5;4;PMO Maio 2026 - Revisão 4;156;S;Sul;CANDIOTA_3;427.95
2026-05-23;2026-05-29;2026;5;4;PMO Maio 2026 - Revisão 4;26;S;Sul;J.LAC. A1;518.9
2026-05-23;2026-05-29;2026;5;4;PMO Maio 2026 - Revisão 4;48;S;Sul;ARAUCARIA;1200.0
2026-05-23;2026-05-29;2026;5;4;PMO Maio 2026 - Revisão 4;64;S;Sul;S.TIARAJU;1453.1
2026-05-23;2026-05-29;2026;5;4;PMO Maio 2026 - Revisão 4;35;S;Sul;URUGUAIANA;1902.74
2026-05-23;2026-05-29;2026;5;4;PMO Maio 2026 - Revisão 4;182;SE;Sudeste/Centro-Oeste;PALMEIR_GO;0.0
2026-05-23;2026-05-29;2026;5;4;PMO Maio 2026 - Revisão 4;153;SE;Sudeste/Centro-Oeste;DAIA;0.0
2026-05-23;2026-05-29;2026;5;4;PMO Maio 2026 - Revisão 4;383;SE;Sudeste/Centro-Oeste;ATLANTICO;0.0
2026-05-23;2026-05-29;2026;5;4;PMO Maio 2026 - Revisão 4;194;SE;Sudeste/Centro-Oeste;TNORTE 2;0.0
2026-05-23;2026-05-29;2026;5;4;PMO Maio 2026 - Revisão 4;248;SE;Sudeste/Centro-Oeste;MPPAULINIA;0.0
2026-05-23;2026-05-29;2026;5;4;PMO Maio 2026 - Revisão 4;434;SE;Sudeste/Centro-Oeste;W.ARJONA O;0.0
2026-05-23;2026-05-29;2026;5;4;PMO Maio 2026 - Revisão 4;108;SE;Sudeste/Centro-Oeste;XAVANTES;0.0
2026-05-23;2026-05-29;2026;5;4;PMO Maio 2026 - Revisão 4;13;SE;Sudeste/Centro-Oeste;ANGRA 2;20.12
2026-05-23;2026-05-29;2026;5;4;PMO Maio 2026 - Revisão 4;1;SE;Sudeste/Centro-Oeste;ANGRA 1;31.17
2026-05-23;2026-05-29;2026;5;4;PMO Maio 2026 - Revisão 4;229;SE;Sudeste/Centro-Oeste;O.PINTADA;152.33
2026-05-23;2026-05-29;2026;5;4;PMO Maio 2026 - Revisão 4;146;SE;Sudeste/Centro-Oeste;UTE STA VI;164.56
2026-05-23;2026-05-29;2026;5;4;PMO Maio 2026 - Revisão 4;211;SE;Sudeste/Centro-Oeste;BAIXADA FL;165.53
2026-05-23;2026-05-29;2026;5;4;PMO Maio 2026 - Revisão 4;86;SE;Sudeste/Centro-Oeste;SANTA CRUZ;168.79
2026-05-23;2026-05-29;2026;5;4;PMO Maio 2026 - Revisão 4;236;SE;Sudeste/Centro-Oeste;M.AZUL;227.52
2026-05-23;2026-05-29;2026;5;4;PMO Maio 2026 - Revisão 4;4;SE;Sudeste/Centro-Oeste;ST.CRUZ 34;310.41
2026-05-23;2026-05-29;2026;5;4;PMO Maio 2026 - Revisão 4;137;SE;Sudeste/Centro-Oeste;UTE GNA I;315.52
2026-05-23;2026-05-29;2026;5;4;PMO Maio 2026 - Revisão 4;97;SE;Sudeste/Centro-Oeste;CUBATAO;535.12
2026-05-23;2026-05-29;2026;5;4;PMO Maio 2026 - Revisão 4;238;SE;Sudeste/Centro-Oeste;UTE GNA II;696.58
2026-05-23;2026-05-29;2026;5;4;PMO Maio 2026 - Revisão 4;246;SE;Sudeste/Centro-Oeste;KARKEY 019;1086.17
2026-05-23;2026-05-29;2026;5;4;PMO Maio 2026 - Revisão 4;245;SE;Sudeste/Centro-Oeste;KARKEY 013;1086.17
2026-05-23;2026-05-29;2026;5;4;PMO Maio 2026 - Revisão 4;68;SE;Sudeste/Centro-Oeste;TRES LAGOA;1086.62
2026-05-23;2026-05-29;2026;5;4;PMO Maio 2026 - Revisão 4;15;SE;Sudeste/Centro-Oeste;LUIZORMELO;1202.45
2026-05-23;2026-05-29;2026;5;4;PMO Maio 2026 - Revisão 4;15;SE;Sudeste/Centro-Oeste;LUIZORMELO;1202.45
2026-05-23;2026-05-29;2026;5;4;PMO Maio 2026 - Revisão 4;251;SE;Sudeste/Centro-Oeste;POVOACAO I;1212.84
2026-05-23;2026-05-29;2026;5;4;PMO Maio 2026 - Revisão 4;60;SE;Sudeste/Centro-Oeste;NORTEFLU;1229.45
2026-05-23;2026-05-29;2026;5;4;PMO Maio 2026 - Revisão 4;250;SE;Sudeste/Centro-Oeste;PORSUD II;1243.77
2026-05-23;2026-05-29;2026;5;4;PMO Maio 2026 - Revisão 4;249;SE;Sudeste/Centro-Oeste;PORSUD I;1248.01
2026-05-23;2026-05-29;2026;5;4;PMO Maio 2026 - Revisão 4;253;SE;Sudeste/Centro-Oeste;VIANA I;1286.23
2026-05-23;2026-05-29;2026;5;4;PMO Maio 2026 - Revisão 4;334;SE;Sudeste/Centro-Oeste;W.ARJONA;1304.35
2026-05-23;2026-05-29;2026;5;4;PMO Maio 2026 - Revisão 4;63;SE;Sudeste/Centro-Oeste;AUR.CHAVES;1304.86
2026-05-23;2026-05-29;2026;5;4;PMO Maio 2026 - Revisão 4;12;SE;Sudeste/Centro-Oeste;CUIABA CC;1308.47
2026-05-23;2026-05-29;2026;5;4;PMO Maio 2026 - Revisão 4;47;SE;Sudeste/Centro-Oeste;TERMORIO;1311.14
2026-05-23;2026-05-29;2026;5;4;PMO Maio 2026 - Revisão 4;90;SE;Sudeste/Centro-Oeste;M.LAGO;1319.98
2026-05-23;2026-05-29;2026;5;4;PMO Maio 2026 - Revisão 4;54;SE;Sudeste/Centro-Oeste;JUIZ DE FO;1394.1
2026-05-23;2026-05-29;2026;5;4;PMO Maio 2026 - Revisão 4;62;SE;Sudeste/Centro-Oeste;SEROPEDICA;1411.8
2026-05-23;2026-05-29;2026;5;4;PMO Maio 2026 - Revisão 4;49;SE;Sudeste/Centro-Oeste;VIANA;1452.75
2026-05-23;2026-05-29;2026;5;4;PMO Maio 2026 - Revisão 4;110;SE;Sudeste/Centro-Oeste;FGASPARIAN;1680.49
2026-05-30;2026-06-05;2026;6;0;PMO Junho 2026;240;N;Norte;BARCARENA;0.0
2026-05-30;2026-06-05;2026;6;0;PMO Junho 2026;207;N;Norte;PONTA NEGR;91.81
2026-05-30;2026-06-05;2026;6;0;PMO Junho 2026;140;N;Norte;UTE MAUA 3;91.81
2026-05-30;2026-06-05;2026;6;0;PMO Junho 2026;204;N;Norte;JARAQUI;91.81
2026-05-30;2026-06-05;2026;6;0;PMO Junho 2026;205;N;Norte;MANAUARA;91.81
2026-05-30;2026-06-05;2026;6;0;PMO Junho 2026;203;N;Norte;C. ROCHA;91.81
2026-05-30;2026-06-05;2026;6;0;PMO Junho 2026;201;N;Norte;APARECIDA;91.81
2026-05-30;2026-06-05;2026;6;0;PMO Junho 2026;209;N;Norte;TAMBAQUI;91.81
2026-05-30;2026-06-05;2026;6;0;PMO Junho 2026;212;N;Norte;MARANHAO3;116.1
2026-05-30;2026-06-05;2026;6;0;PMO Junho 2026;21;N;Norte;MARANHAO V;158.0
2026-05-30;2026-06-05;2026;6;0;PMO Junho 2026;36;N;Norte;MARANHAOIV;158.0
2026-05-30;2026-06-05;2026;6;0;PMO Junho 2026;239;N;Norte;PARNAIBA_V;213.41
2026-05-30;2026-06-05;2026;6;0;PMO Junho 2026;326;N;Norte;JAGUATI II;289.25
2026-05-30;2026-06-05;2026;6;0;PMO Junho 2026;176;N;Norte;P. ITAQUI;297.49
2026-05-30;2026-06-05;2026;6;0;PMO Junho 2026;46;N;Norte;N.VENECIA2;308.35
2026-05-30;2026-06-05;2026;6;0;PMO Junho 2026;324;N;Norte;CANTA;555.69
2026-05-30;2026-06-05;2026;6;0;PMO Junho 2026;330;N;Norte;SANTA LUZ;555.69
2026-05-30;2026-06-05;2026;6;0;PMO Junho 2026;329;N;Norte;PAU RAINHA;555.69
2026-05-30;2026-06-05;2026;6;0;PMO Junho 2026;323;N;Norte;BONFIM;555.69
2026-05-30;2026-06-05;2026;6;0;PMO Junho 2026;322;N;Norte;BBF BALIZA;876.44
2026-05-30;2026-06-05;2026;6;0;PMO Junho 2026;116;N;Norte;PARNAIB_IV;1159.28
2026-05-30;2026-06-05;2026;6;0;PMO Junho 2026;73;N;Norte;GERAMAR1;1321.11
2026-05-30;2026-06-05;2026;6;0;PMO Junho 2026;70;N;Norte;GERAMAR2;1321.11
2026-05-30;2026-06-05;2026;6;0;PMO Junho 2026;328;N;Norte;PALMAPLAN;1566.47
2026-05-30;2026-06-05;2026;6;0;PMO Junho 2026;327;N;Norte;M.C.SUCUBA;2052.23
2026-05-30;2026-06-05;2026;6;0;PMO Junho 2026;144;NE;Nordeste;PETROLINA;0.0
2026-05-30;2026-06-05;2026;6;0;PMO Junho 2026;57;NE;Nordeste;MARACANAU;0.0
2026-05-30;2026-06-05;2026;6;0;PMO Junho 2026;106;NE;Nordeste;ERB CANDEI;118.93
2026-05-30;2026-06-05;2026;6;0;PMO Junho 2026;147;NE;Nordeste;PROSPERIDA;224.31
2026-05-30;2026-06-05;2026;6;0;PMO Junho 2026;223;NE;Nordeste;PROSP_III;228.55
2026-05-30;2026-06-05;2026;6;0;PMO Junho 2026;167;NE;Nordeste;P.PECEM1;294.05
2026-05-30;2026-06-05;2026;6;0;PMO Junho 2026;163;NE;Nordeste;P.PECEM2;305.55
2026-05-30;2026-06-05;2026;6;0;PMO Junho 2026;241;NE;Nordeste;PROSP_II;400.38
2026-05-30;2026-06-05;2026;6;0;PMO Junho 2026;83;NE;Nordeste;JS_PEREIRA;450.86
2026-05-30;2026-06-05;2026;6;0;PMO Junho 2026;224;NE;Nordeste;PSERGIPE I;496.34
2026-05-30;2026-06-05;2026;6;0;PMO Junho 2026;43;NE;Nordeste;C.FURTADO;904.34
2026-05-30;2026-06-05;2026;6;0;PMO Junho 2026;96;NE;Nordeste;TERMOPE;1094.59
2026-05-30;2026-06-05;2026;6;0;PMO Junho 2026;98;NE;Nordeste;PERNAMBU_3;1115.19
2026-05-30;2026-06-05;2026;6;0;PMO Junho 2026;170;NE;Nordeste;SUAPE II;1322.72
2026-05-30;2026-06-05;2026;6;0;PMO Junho 2026;52;NE;Nordeste;CAMPINA_GR;1370.26
2026-05-30;2026-06-05;2026;6;0;PMO Junho 2026;67;NE;Nordeste;TERMONE;1428.74
2026-05-30;2026-06-05;2026;6;0;PMO Junho 2026;69;NE;Nordeste;TERMOPB;1428.74
2026-05-30;2026-06-05;2026;6;0;PMO Junho 2026;152;NE;Nordeste;TERMOCABO;1573.54
2026-05-30;2026-06-05;2026;6;0;PMO Junho 2026;55;NE;Nordeste;GLOBAL II;1603.97
2026-05-30;2026-06-05;2026;6;0;PMO Junho 2026;53;NE;Nordeste;GLOBAL I;1603.97
2026-05-30;2026-06-05;2026;6;0;PMO Junho 2026;58;NE;Nordeste;TERMOCEARA;2167.31
2026-05-30;2026-06-05;2026;6;0;PMO Junho 2026;161;NE;Nordeste;POTIGUAR_3;2959.12
2026-05-30;2026-06-05;2026;6;0;PMO Junho 2026;151;NE;Nordeste;POTIGUAR;2959.12
2026-05-30;2026-06-05;2026;6;0;PMO Junho 2026;235;NE;Nordeste;C.MURICY 2;3905.92
2026-05-30;2026-06-05;2026;6;0;PMO Junho 2026;162;NE;Nordeste;PECEM 2;3947.25
2026-05-30;2026-06-05;2026;6;0;PMO Junho 2026;254;S;Sul;B.BONITA I;0.0
2026-05-30;2026-06-05;2026;6;0;PMO Junho 2026;107;S;Sul;PAMPA SUL;105.94
2026-05-30;2026-06-05;2026;6;0;PMO Junho 2026;149;S;Sul;SAO SEPE;118.84
2026-05-30;2026-06-05;2026;6;0;PMO Junho 2026;24;S;Sul;J.LACER. C;347.2
2026-05-30;2026-06-05;2026;6;0;PMO Junho 2026;25;S;Sul;J.LACER. B;406.71
2026-05-30;2026-06-05;2026;6;0;PMO Junho 2026;27;S;Sul;J.LAC. A2;416.39
2026-05-30;2026-06-05;2026;6;0;PMO Junho 2026;156;S;Sul;CANDIOTA_3;427.95
2026-05-30;2026-06-05;2026;6;0;PMO Junho 2026;26;S;Sul;J.LAC. A1;518.9
2026-05-30;2026-06-05;2026;6;0;PMO Junho 2026;48;S;Sul;ARAUCARIA;800.0
2026-05-30;2026-06-05;2026;6;0;PMO Junho 2026;64;S;Sul;S.TIARAJU;1453.1
2026-05-30;2026-06-05;2026;6;0;PMO Junho 2026;35;S;Sul;URUGUAIANA;2244.69
2026-05-30;2026-06-05;2026;6;0;PMO Junho 2026;383;SE;Sudeste/Centro-Oeste;ATLANTICO;0.0
2026-05-30;2026-06-05;2026;6;0;PMO Junho 2026;434;SE;Sudeste/Centro-Oeste;W.ARJONA O;0.0
2026-05-30;2026-06-05;2026;6;0;PMO Junho 2026;182;SE;Sudeste/Centro-Oeste;PALMEIR_GO;0.0
2026-05-30;2026-06-05;2026;6;0;PMO Junho 2026;194;SE;Sudeste/Centro-Oeste;TNORTE 2;0.0
2026-05-30;2026-06-05;2026;6;0;PMO Junho 2026;153;SE;Sudeste/Centro-Oeste;DAIA;0.0
2026-05-30;2026-06-05;2026;6;0;PMO Junho 2026;248;SE;Sudeste/Centro-Oeste;MPPAULINIA;0.0
2026-05-30;2026-06-05;2026;6;0;PMO Junho 2026;108;SE;Sudeste/Centro-Oeste;XAVANTES;0.0
2026-05-30;2026-06-05;2026;6;0;PMO Junho 2026;13;SE;Sudeste/Centro-Oeste;ANGRA 2;20.12
2026-05-30;2026-06-05;2026;6;0;PMO Junho 2026;1;SE;Sudeste/Centro-Oeste;ANGRA 1;31.17
2026-05-30;2026-06-05;2026;6;0;PMO Junho 2026;229;SE;Sudeste/Centro-Oeste;O.PINTADA;152.33
2026-05-30;2026-06-05;2026;6;0;PMO Junho 2026;146;SE;Sudeste/Centro-Oeste;UTE STA VI;164.56
2026-05-30;2026-06-05;2026;6;0;PMO Junho 2026;211;SE;Sudeste/Centro-Oeste;BAIXADA FL;165.53
2026-05-30;2026-06-05;2026;6;0;PMO Junho 2026;86;SE;Sudeste/Centro-Oeste;SANTA CRUZ;168.79
2026-05-30;2026-06-05;2026;6;0;PMO Junho 2026;236;SE;Sudeste/Centro-Oeste;M.AZUL;227.52
2026-05-30;2026-06-05;2026;6;0;PMO Junho 2026;4;SE;Sudeste/Centro-Oeste;ST.CRUZ 34;310.41
2026-05-30;2026-06-05;2026;6;0;PMO Junho 2026;137;SE;Sudeste/Centro-Oeste;UTE GNA I;315.52
2026-05-30;2026-06-05;2026;6;0;PMO Junho 2026;97;SE;Sudeste/Centro-Oeste;CUBATAO;535.12
2026-05-30;2026-06-05;2026;6;0;PMO Junho 2026;238;SE;Sudeste/Centro-Oeste;UTE GNA II;696.58
2026-05-30;2026-06-05;2026;6;0;PMO Junho 2026;246;SE;Sudeste/Centro-Oeste;KARKEY 019;1086.17
2026-05-30;2026-06-05;2026;6;0;PMO Junho 2026;245;SE;Sudeste/Centro-Oeste;KARKEY 013;1086.17
2026-05-30;2026-06-05;2026;6;0;PMO Junho 2026;68;SE;Sudeste/Centro-Oeste;TRES LAGOA;1086.62
2026-05-30;2026-06-05;2026;6;0;PMO Junho 2026;15;SE;Sudeste/Centro-Oeste;LUIZORMELO;1202.45
2026-05-30;2026-06-05;2026;6;0;PMO Junho 2026;15;SE;Sudeste/Centro-Oeste;LUIZORMELO;1202.45
2026-05-30;2026-06-05;2026;6;0;PMO Junho 2026;251;SE;Sudeste/Centro-Oeste;POVOACAO I;1212.84
2026-05-30;2026-06-05;2026;6;0;PMO Junho 2026;60;SE;Sudeste/Centro-Oeste;NORTEFLU;1229.45
2026-05-30;2026-06-05;2026;6;0;PMO Junho 2026;250;SE;Sudeste/Centro-Oeste;PORSUD II;1243.77
2026-05-30;2026-06-05;2026;6;0;PMO Junho 2026;249;SE;Sudeste/Centro-Oeste;PORSUD I;1248.01
2026-05-30;2026-06-05;2026;6;0;PMO Junho 2026;253;SE;Sudeste/Centro-Oeste;VIANA I;1286.23
2026-05-30;2026-06-05;2026;6;0;PMO Junho 2026;334;SE;Sudeste/Centro-Oeste;W.ARJONA;1304.35
2026-05-30;2026-06-05;2026;6;0;PMO Junho 2026;63;SE;Sudeste/Centro-Oeste;AUR.CHAVES;1304.86
2026-05-30;2026-06-05;2026;6;0;PMO Junho 2026;12;SE;Sudeste/Centro-Oeste;CUIABA CC;1308.47
2026-05-30;2026-06-05;2026;6;0;PMO Junho 2026;47;SE;Sudeste/Centro-Oeste;TERMORIO;1311.14
2026-05-30;2026-06-05;2026;6;0;PMO Junho 2026;90;SE;Sudeste/Centro-Oeste;M.LAGO;1319.98
2026-05-30;2026-06-05;2026;6;0;PMO Junho 2026;54;SE;Sudeste/Centro-Oeste;JUIZ DE FO;1394.1
2026-05-30;2026-06-05;2026;6;0;PMO Junho 2026;62;SE;Sudeste/Centro-Oeste;SEROPEDICA;1411.8
2026-05-30;2026-06-05;2026;6;0;PMO Junho 2026;49;SE;Sudeste/Centro-Oeste;VIANA;1452.75
2026-05-30;2026-06-05;2026;6;0;PMO Junho 2026;110;SE;Sudeste/Centro-Oeste;FGASPARIAN;1680.49
2026-06-06;2026-06-12;2026;6;1;PMO Junho 2026 - Revisão 1;240;N;Norte;BARCARENA;0.0
2026-06-06;2026-06-12;2026;6;1;PMO Junho 2026 - Revisão 1;201;N;Norte;APARECIDA;91.81
2026-06-06;2026-06-12;2026;6;1;PMO Junho 2026 - Revisão 1;205;N;Norte;MANAUARA;91.81
2026-06-06;2026-06-12;2026;6;1;PMO Junho 2026 - Revisão 1;209;N;Norte;TAMBAQUI;91.81
2026-06-06;2026-06-12;2026;6;1;PMO Junho 2026 - Revisão 1;140;N;Norte;UTE MAUA 3;91.81
2026-06-06;2026-06-12;2026;6;1;PMO Junho 2026 - Revisão 1;203;N;Norte;C. ROCHA;91.81
2026-06-06;2026-06-12;2026;6;1;PMO Junho 2026 - Revisão 1;204;N;Norte;JARAQUI;91.81
2026-06-06;2026-06-12;2026;6;1;PMO Junho 2026 - Revisão 1;207;N;Norte;PONTA NEGR;91.81
2026-06-06;2026-06-12;2026;6;1;PMO Junho 2026 - Revisão 1;212;N;Norte;MARANHAO3;116.1
2026-06-06;2026-06-12;2026;6;1;PMO Junho 2026 - Revisão 1;21;N;Norte;MARANHAO V;158.0
2026-06-06;2026-06-12;2026;6;1;PMO Junho 2026 - Revisão 1;36;N;Norte;MARANHAOIV;158.0
2026-06-06;2026-06-12;2026;6;1;PMO Junho 2026 - Revisão 1;239;N;Norte;PARNAIBA_V;213.41
2026-06-06;2026-06-12;2026;6;1;PMO Junho 2026 - Revisão 1;326;N;Norte;JAGUATI II;289.25
2026-06-06;2026-06-12;2026;6;1;PMO Junho 2026 - Revisão 1;176;N;Norte;P. ITAQUI;297.49
2026-06-06;2026-06-12;2026;6;1;PMO Junho 2026 - Revisão 1;46;N;Norte;N.VENECIA2;308.35
2026-06-06;2026-06-12;2026;6;1;PMO Junho 2026 - Revisão 1;329;N;Norte;PAU RAINHA;555.69
2026-06-06;2026-06-12;2026;6;1;PMO Junho 2026 - Revisão 1;323;N;Norte;BONFIM;555.69
2026-06-06;2026-06-12;2026;6;1;PMO Junho 2026 - Revisão 1;324;N;Norte;CANTA;555.69
2026-06-06;2026-06-12;2026;6;1;PMO Junho 2026 - Revisão 1;330;N;Norte;SANTA LUZ;555.69
2026-06-06;2026-06-12;2026;6;1;PMO Junho 2026 - Revisão 1;322;N;Norte;BBF BALIZA;876.44
2026-06-06;2026-06-12;2026;6;1;PMO Junho 2026 - Revisão 1;116;N;Norte;PARNAIB_IV;1159.28
2026-06-06;2026-06-12;2026;6;1;PMO Junho 2026 - Revisão 1;70;N;Norte;GERAMAR2;1321.11
2026-06-06;2026-06-12;2026;6;1;PMO Junho 2026 - Revisão 1;73;N;Norte;GERAMAR1;1321.11
2026-06-06;2026-06-12;2026;6;1;PMO Junho 2026 - Revisão 1;328;N;Norte;PALMAPLAN;1566.47
2026-06-06;2026-06-12;2026;6;1;PMO Junho 2026 - Revisão 1;327;N;Norte;M.C.SUCUBA;2052.23
2026-06-06;2026-06-12;2026;6;1;PMO Junho 2026 - Revisão 1;144;NE;Nordeste;PETROLINA;0.0
2026-06-06;2026-06-12;2026;6;1;PMO Junho 2026 - Revisão 1;57;NE;Nordeste;MARACANAU;0.0
2026-06-06;2026-06-12;2026;6;1;PMO Junho 2026 - Revisão 1;106;NE;Nordeste;ERB CANDEI;118.93
2026-06-06;2026-06-12;2026;6;1;PMO Junho 2026 - Revisão 1;147;NE;Nordeste;PROSPERIDA;224.31
2026-06-06;2026-06-12;2026;6;1;PMO Junho 2026 - Revisão 1;223;NE;Nordeste;PROSP_III;228.55
2026-06-06;2026-06-12;2026;6;1;PMO Junho 2026 - Revisão 1;167;NE;Nordeste;P.PECEM1;294.05
2026-06-06;2026-06-12;2026;6;1;PMO Junho 2026 - Revisão 1;163;NE;Nordeste;P.PECEM2;305.55
2026-06-06;2026-06-12;2026;6;1;PMO Junho 2026 - Revisão 1;241;NE;Nordeste;PROSP_II;400.38
2026-06-06;2026-06-12;2026;6;1;PMO Junho 2026 - Revisão 1;83;NE;Nordeste;JS_PEREIRA;450.86
2026-06-06;2026-06-12;2026;6;1;PMO Junho 2026 - Revisão 1;224;NE;Nordeste;PSERGIPE I;496.34
2026-06-06;2026-06-12;2026;6;1;PMO Junho 2026 - Revisão 1;43;NE;Nordeste;C.FURTADO;904.34
2026-06-06;2026-06-12;2026;6;1;PMO Junho 2026 - Revisão 1;96;NE;Nordeste;TERMOPE;1094.59
2026-06-06;2026-06-12;2026;6;1;PMO Junho 2026 - Revisão 1;98;NE;Nordeste;PERNAMBU_3;1115.19
2026-06-06;2026-06-12;2026;6;1;PMO Junho 2026 - Revisão 1;170;NE;Nordeste;SUAPE II;1322.72
2026-06-06;2026-06-12;2026;6;1;PMO Junho 2026 - Revisão 1;52;NE;Nordeste;CAMPINA_GR;1370.26
2026-06-06;2026-06-12;2026;6;1;PMO Junho 2026 - Revisão 1;67;NE;Nordeste;TERMONE;1428.74
2026-06-06;2026-06-12;2026;6;1;PMO Junho 2026 - Revisão 1;69;NE;Nordeste;TERMOPB;1428.74
2026-06-06;2026-06-12;2026;6;1;PMO Junho 2026 - Revisão 1;152;NE;Nordeste;TERMOCABO;1573.54
2026-06-06;2026-06-12;2026;6;1;PMO Junho 2026 - Revisão 1;53;NE;Nordeste;GLOBAL I;1603.97
2026-06-06;2026-06-12;2026;6;1;PMO Junho 2026 - Revisão 1;55;NE;Nordeste;GLOBAL II;1603.97
2026-06-06;2026-06-12;2026;6;1;PMO Junho 2026 - Revisão 1;58;NE;Nordeste;TERMOCEARA;2167.31
2026-06-06;2026-06-12;2026;6;1;PMO Junho 2026 - Revisão 1;151;NE;Nordeste;POTIGUAR;2959.12
2026-06-06;2026-06-12;2026;6;1;PMO Junho 2026 - Revisão 1;161;NE;Nordeste;POTIGUAR_3;2959.12
2026-06-06;2026-06-12;2026;6;1;PMO Junho 2026 - Revisão 1;235;NE;Nordeste;C.MURICY 2;3905.92
2026-06-06;2026-06-12;2026;6;1;PMO Junho 2026 - Revisão 1;162;NE;Nordeste;PECEM 2;3947.25
2026-06-06;2026-06-12;2026;6;1;PMO Junho 2026 - Revisão 1;254;S;Sul;B.BONITA I;0.0
2026-06-06;2026-06-12;2026;6;1;PMO Junho 2026 - Revisão 1;107;S;Sul;PAMPA SUL;105.94
2026-06-06;2026-06-12;2026;6;1;PMO Junho 2026 - Revisão 1;149;S;Sul;SAO SEPE;118.84
2026-06-06;2026-06-12;2026;6;1;PMO Junho 2026 - Revisão 1;24;S;Sul;J.LACER. C;347.2
2026-06-06;2026-06-12;2026;6;1;PMO Junho 2026 - Revisão 1;25;S;Sul;J.LACER. B;406.71
2026-06-06;2026-06-12;2026;6;1;PMO Junho 2026 - Revisão 1;27;S;Sul;J.LAC. A2;416.39
2026-06-06;2026-06-12;2026;6;1;PMO Junho 2026 - Revisão 1;156;S;Sul;CANDIOTA_3;427.95
2026-06-06;2026-06-12;2026;6;1;PMO Junho 2026 - Revisão 1;26;S;Sul;J.LAC. A1;518.9
2026-06-06;2026-06-12;2026;6;1;PMO Junho 2026 - Revisão 1;48;S;Sul;ARAUCARIA;800.0
2026-06-06;2026-06-12;2026;6;1;PMO Junho 2026 - Revisão 1;64;S;Sul;S.TIARAJU;1453.1
2026-06-06;2026-06-12;2026;6;1;PMO Junho 2026 - Revisão 1;35;S;Sul;URUGUAIANA;2244.69
2026-06-06;2026-06-12;2026;6;1;PMO Junho 2026 - Revisão 1;194;SE;Sudeste/Centro-Oeste;TNORTE 2;0.0
2026-06-06;2026-06-12;2026;6;1;PMO Junho 2026 - Revisão 1;383;SE;Sudeste/Centro-Oeste;ATLANTICO;0.0
2026-06-06;2026-06-12;2026;6;1;PMO Junho 2026 - Revisão 1;153;SE;Sudeste/Centro-Oeste;DAIA;0.0
2026-06-06;2026-06-12;2026;6;1;PMO Junho 2026 - Revisão 1;249;SE;Sudeste/Centro-Oeste;PORSUD I;0.0
2026-06-06;2026-06-12;2026;6;1;PMO Junho 2026 - Revisão 1;246;SE;Sudeste/Centro-Oeste;KARKEY 019;0.0
2026-06-06;2026-06-12;2026;6;1;PMO Junho 2026 - Revisão 1;250;SE;Sudeste/Centro-Oeste;PORSUD II;0.0
2026-06-06;2026-06-12;2026;6;1;PMO Junho 2026 - Revisão 1;248;SE;Sudeste/Centro-Oeste;MPPAULINIA;0.0
2026-06-06;2026-06-12;2026;6;1;PMO Junho 2026 - Revisão 1;245;SE;Sudeste/Centro-Oeste;KARKEY 013;0.0
2026-06-06;2026-06-12;2026;6;1;PMO Junho 2026 - Revisão 1;434;SE;Sudeste/Centro-Oeste;W.ARJONA O;0.0
2026-06-06;2026-06-12;2026;6;1;PMO Junho 2026 - Revisão 1;108;SE;Sudeste/Centro-Oeste;XAVANTES;0.0
2026-06-06;2026-06-12;2026;6;1;PMO Junho 2026 - Revisão 1;182;SE;Sudeste/Centro-Oeste;PALMEIR_GO;0.0
2026-06-06;2026-06-12;2026;6;1;PMO Junho 2026 - Revisão 1;13;SE;Sudeste/Centro-Oeste;ANGRA 2;20.12
2026-06-06;2026-06-12;2026;6;1;PMO Junho 2026 - Revisão 1;1;SE;Sudeste/Centro-Oeste;ANGRA 1;31.17
2026-06-06;2026-06-12;2026;6;1;PMO Junho 2026 - Revisão 1;229;SE;Sudeste/Centro-Oeste;O.PINTADA;152.33
2026-06-06;2026-06-12;2026;6;1;PMO Junho 2026 - Revisão 1;146;SE;Sudeste/Centro-Oeste;UTE STA VI;164.56
2026-06-06;2026-06-12;2026;6;1;PMO Junho 2026 - Revisão 1;211;SE;Sudeste/Centro-Oeste;BAIXADA FL;165.53
2026-06-06;2026-06-12;2026;6;1;PMO Junho 2026 - Revisão 1;86;SE;Sudeste/Centro-Oeste;SANTA CRUZ;168.79
2026-06-06;2026-06-12;2026;6;1;PMO Junho 2026 - Revisão 1;236;SE;Sudeste/Centro-Oeste;M.AZUL;227.52
2026-06-06;2026-06-12;2026;6;1;PMO Junho 2026 - Revisão 1;4;SE;Sudeste/Centro-Oeste;ST.CRUZ 34;310.41
2026-06-06;2026-06-12;2026;6;1;PMO Junho 2026 - Revisão 1;137;SE;Sudeste/Centro-Oeste;UTE GNA I;315.52
2026-06-06;2026-06-12;2026;6;1;PMO Junho 2026 - Revisão 1;97;SE;Sudeste/Centro-Oeste;CUBATAO;535.12
2026-06-06;2026-06-12;2026;6;1;PMO Junho 2026 - Revisão 1;238;SE;Sudeste/Centro-Oeste;UTE GNA II;696.58
2026-06-06;2026-06-12;2026;6;1;PMO Junho 2026 - Revisão 1;68;SE;Sudeste/Centro-Oeste;TRES LAGOA;1086.62
2026-06-06;2026-06-12;2026;6;1;PMO Junho 2026 - Revisão 1;15;SE;Sudeste/Centro-Oeste;LUIZORMELO;1202.45
2026-06-06;2026-06-12;2026;6;1;PMO Junho 2026 - Revisão 1;15;SE;Sudeste/Centro-Oeste;LUIZORMELO;1202.45
2026-06-06;2026-06-12;2026;6;1;PMO Junho 2026 - Revisão 1;251;SE;Sudeste/Centro-Oeste;POVOACAO I;1212.84
2026-06-06;2026-06-12;2026;6;1;PMO Junho 2026 - Revisão 1;60;SE;Sudeste/Centro-Oeste;NORTEFLU;1229.45
2026-06-06;2026-06-12;2026;6;1;PMO Junho 2026 - Revisão 1;253;SE;Sudeste/Centro-Oeste;VIANA I;1286.23
2026-06-06;2026-06-12;2026;6;1;PMO Junho 2026 - Revisão 1;334;SE;Sudeste/Centro-Oeste;W.ARJONA;1304.35
2026-06-06;2026-06-12;2026;6;1;PMO Junho 2026 - Revisão 1;63;SE;Sudeste/Centro-Oeste;AUR.CHAVES;1304.86
2026-06-06;2026-06-12;2026;6;1;PMO Junho 2026 - Revisão 1;12;SE;Sudeste/Centro-Oeste;CUIABA CC;1308.47
2026-06-06;2026-06-12;2026;6;1;PMO Junho 2026 - Revisão 1;47;SE;Sudeste/Centro-Oeste;TERMORIO;1311.14
2026-06-06;2026-06-12;2026;6;1;PMO Junho 2026 - Revisão 1;90;SE;Sudeste/Centro-Oeste;M.LAGO;1319.98
2026-06-06;2026-06-12;2026;6;1;PMO Junho 2026 - Revisão 1;54;SE;Sudeste/Centro-Oeste;JUIZ DE FO;1394.1
2026-06-06;2026-06-12;2026;6;1;PMO Junho 2026 - Revisão 1;62;SE;Sudeste/Centro-Oeste;SEROPEDICA;1411.8
2026-06-06;2026-06-12;2026;6;1;PMO Junho 2026 - Revisão 1;49;SE;Sudeste/Centro-Oeste;VIANA;1452.75
2026-06-06;2026-06-12;2026;6;1;PMO Junho 2026 - Revisão 1;110;SE;Sudeste/Centro-Oeste;FGASPARIAN;1680.49
2026-06-13;2026-06-19;2026;6;2;PMO Junho 2026 - Revisão 2;240;N;Norte;BARCARENA;0.0
2026-06-13;2026-06-19;2026;6;2;PMO Junho 2026 - Revisão 2;207;N;Norte;PONTA NEGR;102.05
2026-06-13;2026-06-19;2026;6;2;PMO Junho 2026 - Revisão 2;209;N;Norte;TAMBAQUI;102.05
2026-06-13;2026-06-19;2026;6;2;PMO Junho 2026 - Revisão 2;140;N;Norte;UTE MAUA 3;102.05
2026-06-13;2026-06-19;2026;6;2;PMO Junho 2026 - Revisão 2;203;N;Norte;C. ROCHA;102.05
2026-06-13;2026-06-19;2026;6;2;PMO Junho 2026 - Revisão 2;204;N;Norte;JARAQUI;102.05
2026-06-13;2026-06-19;2026;6;2;PMO Junho 2026 - Revisão 2;201;N;Norte;APARECIDA;102.05
2026-06-13;2026-06-19;2026;6;2;PMO Junho 2026 - Revisão 2;205;N;Norte;MANAUARA;102.05
2026-06-13;2026-06-19;2026;6;2;PMO Junho 2026 - Revisão 2;212;N;Norte;MARANHAO3;116.1
2026-06-13;2026-06-19;2026;6;2;PMO Junho 2026 - Revisão 2;21;N;Norte;MARANHAO V;182.34
2026-06-13;2026-06-19;2026;6;2;PMO Junho 2026 - Revisão 2;36;N;Norte;MARANHAOIV;182.34
2026-06-13;2026-06-19;2026;6;2;PMO Junho 2026 - Revisão 2;239;N;Norte;PARNAIBA_V;211.32
2026-06-13;2026-06-19;2026;6;2;PMO Junho 2026 - Revisão 2;326;N;Norte;JAGUATI II;289.25
2026-06-13;2026-06-19;2026;6;2;PMO Junho 2026 - Revisão 2;46;N;Norte;N.VENECIA2;308.35
2026-06-13;2026-06-19;2026;6;2;PMO Junho 2026 - Revisão 2;176;N;Norte;P. ITAQUI;329.26
2026-06-13;2026-06-19;2026;6;2;PMO Junho 2026 - Revisão 2;324;N;Norte;CANTA;555.69
2026-06-13;2026-06-19;2026;6;2;PMO Junho 2026 - Revisão 2;330;N;Norte;SANTA LUZ;555.69
2026-06-13;2026-06-19;2026;6;2;PMO Junho 2026 - Revisão 2;323;N;Norte;BONFIM;555.69
2026-06-13;2026-06-19;2026;6;2;PMO Junho 2026 - Revisão 2;329;N;Norte;PAU RAINHA;555.69
2026-06-13;2026-06-19;2026;6;2;PMO Junho 2026 - Revisão 2;322;N;Norte;BBF BALIZA;876.44
2026-06-13;2026-06-19;2026;6;2;PMO Junho 2026 - Revisão 2;116;N;Norte;PARNAIB_IV;1228.31
2026-06-13;2026-06-19;2026;6;2;PMO Junho 2026 - Revisão 2;70;N;Norte;GERAMAR2;1365.39
2026-06-13;2026-06-19;2026;6;2;PMO Junho 2026 - Revisão 2;73;N;Norte;GERAMAR1;1365.39
2026-06-13;2026-06-19;2026;6;2;PMO Junho 2026 - Revisão 2;328;N;Norte;PALMAPLAN;1566.47
2026-06-13;2026-06-19;2026;6;2;PMO Junho 2026 - Revisão 2;327;N;Norte;M.C.SUCUBA;2052.23
2026-06-13;2026-06-19;2026;6;2;PMO Junho 2026 - Revisão 2;144;NE;Nordeste;PETROLINA;0.0
2026-06-13;2026-06-19;2026;6;2;PMO Junho 2026 - Revisão 2;57;NE;Nordeste;MARACANAU;0.0
2026-06-13;2026-06-19;2026;6;2;PMO Junho 2026 - Revisão 2;106;NE;Nordeste;ERB CANDEI;118.93
2026-06-13;2026-06-19;2026;6;2;PMO Junho 2026 - Revisão 2;147;NE;Nordeste;PROSPERIDA;224.31
2026-06-13;2026-06-19;2026;6;2;PMO Junho 2026 - Revisão 2;223;NE;Nordeste;PROSP_III;228.55
2026-06-13;2026-06-19;2026;6;2;PMO Junho 2026 - Revisão 2;167;NE;Nordeste;P.PECEM1;327.78
2026-06-13;2026-06-19;2026;6;2;PMO Junho 2026 - Revisão 2;163;NE;Nordeste;P.PECEM2;337.48
2026-06-13;2026-06-19;2026;6;2;PMO Junho 2026 - Revisão 2;241;NE;Nordeste;PROSP_II;422.68
2026-06-13;2026-06-19;2026;6;2;PMO Junho 2026 - Revisão 2;224;NE;Nordeste;PSERGIPE I;444.03
2026-06-13;2026-06-19;2026;6;2;PMO Junho 2026 - Revisão 2;83;NE;Nordeste;JS_PEREIRA;450.86
2026-06-13;2026-06-19;2026;6;2;PMO Junho 2026 - Revisão 2;43;NE;Nordeste;C.FURTADO;939.66
2026-06-13;2026-06-19;2026;6;2;PMO Junho 2026 - Revisão 2;96;NE;Nordeste;TERMOPE;1144.53
2026-06-13;2026-06-19;2026;6;2;PMO Junho 2026 - Revisão 2;98;NE;Nordeste;PERNAMBU_3;1154.53
2026-06-13;2026-06-19;2026;6;2;PMO Junho 2026 - Revisão 2;170;NE;Nordeste;SUAPE II;1369.71
2026-06-13;2026-06-19;2026;6;2;PMO Junho 2026 - Revisão 2;52;NE;Nordeste;CAMPINA_GR;1599.27
2026-06-13;2026-06-19;2026;6;2;PMO Junho 2026 - Revisão 2;152;NE;Nordeste;TERMOCABO;1618.72
2026-06-13;2026-06-19;2026;6;2;PMO Junho 2026 - Revisão 2;55;NE;Nordeste;GLOBAL II;1656.46
2026-06-13;2026-06-19;2026;6;2;PMO Junho 2026 - Revisão 2;53;NE;Nordeste;GLOBAL I;1656.46
2026-06-13;2026-06-19;2026;6;2;PMO Junho 2026 - Revisão 2;67;NE;Nordeste;TERMONE;1666.56
2026-06-13;2026-06-19;2026;6;2;PMO Junho 2026 - Revisão 2;69;NE;Nordeste;TERMOPB;1666.56
2026-06-13;2026-06-19;2026;6;2;PMO Junho 2026 - Revisão 2;58;NE;Nordeste;TERMOCEARA;2280.51
2026-06-13;2026-06-19;2026;6;2;PMO Junho 2026 - Revisão 2;161;NE;Nordeste;POTIGUAR_3;2884.75
2026-06-13;2026-06-19;2026;6;2;PMO Junho 2026 - Revisão 2;151;NE;Nordeste;POTIGUAR;2884.75
2026-06-13;2026-06-19;2026;6;2;PMO Junho 2026 - Revisão 2;235;NE;Nordeste;C.MURICY 2;3799.08
2026-06-13;2026-06-19;2026;6;2;PMO Junho 2026 - Revisão 2;162;NE;Nordeste;PECEM 2;3839.26
2026-06-13;2026-06-19;2026;6;2;PMO Junho 2026 - Revisão 2;254;S;Sul;B.BONITA I;0.0
2026-06-13;2026-06-19;2026;6;2;PMO Junho 2026 - Revisão 2;107;S;Sul;PAMPA SUL;105.94
2026-06-13;2026-06-19;2026;6;2;PMO Junho 2026 - Revisão 2;149;S;Sul;SAO SEPE;118.84
2026-06-13;2026-06-19;2026;6;2;PMO Junho 2026 - Revisão 2;24;S;Sul;J.LACER. C;347.2
2026-06-13;2026-06-19;2026;6;2;PMO Junho 2026 - Revisão 2;25;S;Sul;J.LACER. B;406.71
2026-06-13;2026-06-19;2026;6;2;PMO Junho 2026 - Revisão 2;27;S;Sul;J.LAC. A2;416.39
2026-06-13;2026-06-19;2026;6;2;PMO Junho 2026 - Revisão 2;156;S;Sul;CANDIOTA_3;427.95
2026-06-13;2026-06-19;2026;6;2;PMO Junho 2026 - Revisão 2;26;S;Sul;J.LAC. A1;518.91
2026-06-13;2026-06-19;2026;6;2;PMO Junho 2026 - Revisão 2;48;S;Sul;ARAUCARIA;930.0
2026-06-13;2026-06-19;2026;6;2;PMO Junho 2026 - Revisão 2;64;S;Sul;S.TIARAJU;1496.64
2026-06-13;2026-06-19;2026;6;2;PMO Junho 2026 - Revisão 2;35;S;Sul;URUGUAIANA;2044.55
2026-06-13;2026-06-19;2026;6;2;PMO Junho 2026 - Revisão 2;194;SE;Sudeste/Centro-Oeste;TNORTE 2;0.0
2026-06-13;2026-06-19;2026;6;2;PMO Junho 2026 - Revisão 2;153;SE;Sudeste/Centro-Oeste;DAIA;0.0
2026-06-13;2026-06-19;2026;6;2;PMO Junho 2026 - Revisão 2;182;SE;Sudeste/Centro-Oeste;PALMEIR_GO;0.0
2026-06-13;2026-06-19;2026;6;2;PMO Junho 2026 - Revisão 2;249;SE;Sudeste/Centro-Oeste;PORSUD I;0.0
2026-06-13;2026-06-19;2026;6;2;PMO Junho 2026 - Revisão 2;250;SE;Sudeste/Centro-Oeste;PORSUD II;0.0
2026-06-13;2026-06-19;2026;6;2;PMO Junho 2026 - Revisão 2;245;SE;Sudeste/Centro-Oeste;KARKEY 013;0.0
2026-06-13;2026-06-19;2026;6;2;PMO Junho 2026 - Revisão 2;108;SE;Sudeste/Centro-Oeste;XAVANTES;0.0
2026-06-13;2026-06-19;2026;6;2;PMO Junho 2026 - Revisão 2;434;SE;Sudeste/Centro-Oeste;W.ARJONA O;0.0
2026-06-13;2026-06-19;2026;6;2;PMO Junho 2026 - Revisão 2;248;SE;Sudeste/Centro-Oeste;MPPAULINIA;0.0
2026-06-13;2026-06-19;2026;6;2;PMO Junho 2026 - Revisão 2;246;SE;Sudeste/Centro-Oeste;KARKEY 019;0.0
2026-06-13;2026-06-19;2026;6;2;PMO Junho 2026 - Revisão 2;383;SE;Sudeste/Centro-Oeste;ATLANTICO;0.0
2026-06-13;2026-06-19;2026;6;2;PMO Junho 2026 - Revisão 2;13;SE;Sudeste/Centro-Oeste;ANGRA 2;20.12
2026-06-13;2026-06-19;2026;6;2;PMO Junho 2026 - Revisão 2;1;SE;Sudeste/Centro-Oeste;ANGRA 1;31.17
2026-06-13;2026-06-19;2026;6;2;PMO Junho 2026 - Revisão 2;229;SE;Sudeste/Centro-Oeste;O.PINTADA;152.33
2026-06-13;2026-06-19;2026;6;2;PMO Junho 2026 - Revisão 2;146;SE;Sudeste/Centro-Oeste;UTE STA VI;164.56
2026-06-13;2026-06-19;2026;6;2;PMO Junho 2026 - Revisão 2;211;SE;Sudeste/Centro-Oeste;BAIXADA FL;192.28
2026-06-13;2026-06-19;2026;6;2;PMO Junho 2026 - Revisão 2;86;SE;Sudeste/Centro-Oeste;SANTA CRUZ;195.77
2026-06-13;2026-06-19;2026;6;2;PMO Junho 2026 - Revisão 2;236;SE;Sudeste/Centro-Oeste;M.AZUL;201.01
2026-06-13;2026-06-19;2026;6;2;PMO Junho 2026 - Revisão 2;4;SE;Sudeste/Centro-Oeste;ST.CRUZ 34;310.41
2026-06-13;2026-06-19;2026;6;2;PMO Junho 2026 - Revisão 2;137;SE;Sudeste/Centro-Oeste;UTE GNA I;369.51
2026-06-13;2026-06-19;2026;6;2;PMO Junho 2026 - Revisão 2;97;SE;Sudeste/Centro-Oeste;CUBATAO;568.35
2026-06-13;2026-06-19;2026;6;2;PMO Junho 2026 - Revisão 2;238;SE;Sudeste/Centro-Oeste;UTE GNA II;739.83
2026-06-13;2026-06-19;2026;6;2;PMO Junho 2026 - Revisão 2;15;SE;Sudeste/Centro-Oeste;LUIZORMELO;1069.99
2026-06-13;2026-06-19;2026;6;2;PMO Junho 2026 - Revisão 2;15;SE;Sudeste/Centro-Oeste;LUIZORMELO;1069.99
2026-06-13;2026-06-19;2026;6;2;PMO Junho 2026 - Revisão 2;251;SE;Sudeste/Centro-Oeste;POVOACAO I;1082.6
2026-06-13;2026-06-19;2026;6;2;PMO Junho 2026 - Revisão 2;68;SE;Sudeste/Centro-Oeste;TRES LAGOA;1138.94
2026-06-13;2026-06-19;2026;6;2;PMO Junho 2026 - Revisão 2;253;SE;Sudeste/Centro-Oeste;VIANA I;1152.98
2026-06-13;2026-06-19;2026;6;2;PMO Junho 2026 - Revisão 2;60;SE;Sudeste/Centro-Oeste;NORTEFLU;1291.1
2026-06-13;2026-06-19;2026;6;2;PMO Junho 2026 - Revisão 2;90;SE;Sudeste/Centro-Oeste;M.LAGO;1383.39
2026-06-13;2026-06-19;2026;6;2;PMO Junho 2026 - Revisão 2;334;SE;Sudeste/Centro-Oeste;W.ARJONA;1384.29
2026-06-13;2026-06-19;2026;6;2;PMO Junho 2026 - Revisão 2;63;SE;Sudeste/Centro-Oeste;AUR.CHAVES;1384.84
2026-06-13;2026-06-19;2026;6;2;PMO Junho 2026 - Revisão 2;12;SE;Sudeste/Centro-Oeste;CUIABA CC;1391.89
2026-06-13;2026-06-19;2026;6;2;PMO Junho 2026 - Revisão 2;47;SE;Sudeste/Centro-Oeste;TERMORIO;1392.04
2026-06-13;2026-06-19;2026;6;2;PMO Junho 2026 - Revisão 2;54;SE;Sudeste/Centro-Oeste;JUIZ DE FO;1454.98
2026-06-13;2026-06-19;2026;6;2;PMO Junho 2026 - Revisão 2;62;SE;Sudeste/Centro-Oeste;SEROPEDICA;1472.87
2026-06-13;2026-06-19;2026;6;2;PMO Junho 2026 - Revisão 2;49;SE;Sudeste/Centro-Oeste;VIANA;1502.94
2026-06-13;2026-06-19;2026;6;2;PMO Junho 2026 - Revisão 2;110;SE;Sudeste/Centro-Oeste;FGASPARIAN;1756.39
2026-06-20;2026-06-26;2026;6;3;PMO Junho 2026 - Revisão 3;240;N;Norte;BARCARENA;0.0
2026-06-20;2026-06-26;2026;6;3;PMO Junho 2026 - Revisão 3;204;N;Norte;JARAQUI;102.05
2026-06-20;2026-06-26;2026;6;3;PMO Junho 2026 - Revisão 3;203;N;Norte;C. ROCHA;102.05
2026-06-20;2026-06-26;2026;6;3;PMO Junho 2026 - Revisão 3;205;N;Norte;MANAUARA;102.05
2026-06-20;2026-06-26;2026;6;3;PMO Junho 2026 - Revisão 3;201;N;Norte;APARECIDA;102.05
2026-06-20;2026-06-26;2026;6;3;PMO Junho 2026 - Revisão 3;207;N;Norte;PONTA NEGR;102.05
2026-06-20;2026-06-26;2026;6;3;PMO Junho 2026 - Revisão 3;140;N;Norte;UTE MAUA 3;102.05
2026-06-20;2026-06-26;2026;6;3;PMO Junho 2026 - Revisão 3;209;N;Norte;TAMBAQUI;102.05
2026-06-20;2026-06-26;2026;6;3;PMO Junho 2026 - Revisão 3;212;N;Norte;MARANHAO3;116.1
2026-06-20;2026-06-26;2026;6;3;PMO Junho 2026 - Revisão 3;21;N;Norte;MARANHAO V;182.34
2026-06-20;2026-06-26;2026;6;3;PMO Junho 2026 - Revisão 3;36;N;Norte;MARANHAOIV;182.34
2026-06-20;2026-06-26;2026;6;3;PMO Junho 2026 - Revisão 3;239;N;Norte;PARNAIBA_V;211.32
2026-06-20;2026-06-26;2026;6;3;PMO Junho 2026 - Revisão 3;326;N;Norte;JAGUATI II;289.25
2026-06-20;2026-06-26;2026;6;3;PMO Junho 2026 - Revisão 3;46;N;Norte;N.VENECIA2;308.35
2026-06-20;2026-06-26;2026;6;3;PMO Junho 2026 - Revisão 3;176;N;Norte;P. ITAQUI;329.26
2026-06-20;2026-06-26;2026;6;3;PMO Junho 2026 - Revisão 3;329;N;Norte;PAU RAINHA;555.69
2026-06-20;2026-06-26;2026;6;3;PMO Junho 2026 - Revisão 3;330;N;Norte;SANTA LUZ;555.69
2026-06-20;2026-06-26;2026;6;3;PMO Junho 2026 - Revisão 3;323;N;Norte;BONFIM;555.69
2026-06-20;2026-06-26;2026;6;3;PMO Junho 2026 - Revisão 3;324;N;Norte;CANTA;555.69
2026-06-20;2026-06-26;2026;6;3;PMO Junho 2026 - Revisão 3;322;N;Norte;BBF BALIZA;876.44
2026-06-20;2026-06-26;2026;6;3;PMO Junho 2026 - Revisão 3;116;N;Norte;PARNAIB_IV;1228.31
2026-06-20;2026-06-26;2026;6;3;PMO Junho 2026 - Revisão 3;70;N;Norte;GERAMAR2;1365.39
2026-06-20;2026-06-26;2026;6;3;PMO Junho 2026 - Revisão 3;73;N;Norte;GERAMAR1;1365.39
2026-06-20;2026-06-26;2026;6;3;PMO Junho 2026 - Revisão 3;328;N;Norte;PALMAPLAN;1566.47
2026-06-20;2026-06-26;2026;6;3;PMO Junho 2026 - Revisão 3;327;N;Norte;M.C.SUCUBA;2052.23
2026-06-20;2026-06-26;2026;6;3;PMO Junho 2026 - Revisão 3;57;NE;Nordeste;MARACANAU;0.0
2026-06-20;2026-06-26;2026;6;3;PMO Junho 2026 - Revisão 3;144;NE;Nordeste;PETROLINA;0.0
2026-06-20;2026-06-26;2026;6;3;PMO Junho 2026 - Revisão 3;106;NE;Nordeste;ERB CANDEI;118.93
2026-06-20;2026-06-26;2026;6;3;PMO Junho 2026 - Revisão 3;147;NE;Nordeste;PROSPERIDA;224.31
2026-06-20;2026-06-26;2026;6;3;PMO Junho 2026 - Revisão 3;223;NE;Nordeste;PROSP_III;228.55
2026-06-20;2026-06-26;2026;6;3;PMO Junho 2026 - Revisão 3;167;NE;Nordeste;P.PECEM1;327.78
2026-06-20;2026-06-26;2026;6;3;PMO Junho 2026 - Revisão 3;163;NE;Nordeste;P.PECEM2;337.48
2026-06-20;2026-06-26;2026;6;3;PMO Junho 2026 - Revisão 3;241;NE;Nordeste;PROSP_II;422.68
2026-06-20;2026-06-26;2026;6;3;PMO Junho 2026 - Revisão 3;224;NE;Nordeste;PSERGIPE I;444.03
2026-06-20;2026-06-26;2026;6;3;PMO Junho 2026 - Revisão 3;83;NE;Nordeste;JS_PEREIRA;450.86
2026-06-20;2026-06-26;2026;6;3;PMO Junho 2026 - Revisão 3;43;NE;Nordeste;C.FURTADO;939.66
2026-06-20;2026-06-26;2026;6;3;PMO Junho 2026 - Revisão 3;96;NE;Nordeste;TERMOPE;1144.53
2026-06-20;2026-06-26;2026;6;3;PMO Junho 2026 - Revisão 3;98;NE;Nordeste;PERNAMBU_3;1154.53
2026-06-20;2026-06-26;2026;6;3;PMO Junho 2026 - Revisão 3;170;NE;Nordeste;SUAPE II;1369.71
2026-06-20;2026-06-26;2026;6;3;PMO Junho 2026 - Revisão 3;52;NE;Nordeste;CAMPINA_GR;1599.27
2026-06-20;2026-06-26;2026;6;3;PMO Junho 2026 - Revisão 3;152;NE;Nordeste;TERMOCABO;1618.72
2026-06-20;2026-06-26;2026;6;3;PMO Junho 2026 - Revisão 3;53;NE;Nordeste;GLOBAL I;1656.46
2026-06-20;2026-06-26;2026;6;3;PMO Junho 2026 - Revisão 3;55;NE;Nordeste;GLOBAL II;1656.46
2026-06-20;2026-06-26;2026;6;3;PMO Junho 2026 - Revisão 3;67;NE;Nordeste;TERMONE;1666.56
2026-06-20;2026-06-26;2026;6;3;PMO Junho 2026 - Revisão 3;69;NE;Nordeste;TERMOPB;1666.56
2026-06-20;2026-06-26;2026;6;3;PMO Junho 2026 - Revisão 3;58;NE;Nordeste;TERMOCEARA;2280.51
2026-06-20;2026-06-26;2026;6;3;PMO Junho 2026 - Revisão 3;161;NE;Nordeste;POTIGUAR_3;2884.75
2026-06-20;2026-06-26;2026;6;3;PMO Junho 2026 - Revisão 3;151;NE;Nordeste;POTIGUAR;2884.75
2026-06-20;2026-06-26;2026;6;3;PMO Junho 2026 - Revisão 3;235;NE;Nordeste;C.MURICY 2;3799.08
2026-06-20;2026-06-26;2026;6;3;PMO Junho 2026 - Revisão 3;162;NE;Nordeste;PECEM 2;3839.26
2026-06-20;2026-06-26;2026;6;3;PMO Junho 2026 - Revisão 3;254;S;Sul;B.BONITA I;0.0
2026-06-20;2026-06-26;2026;6;3;PMO Junho 2026 - Revisão 3;107;S;Sul;PAMPA SUL;105.94
2026-06-20;2026-06-26;2026;6;3;PMO Junho 2026 - Revisão 3;149;S;Sul;SAO SEPE;118.84
2026-06-20;2026-06-26;2026;6;3;PMO Junho 2026 - Revisão 3;24;S;Sul;J.LACER. C;347.2
2026-06-20;2026-06-26;2026;6;3;PMO Junho 2026 - Revisão 3;25;S;Sul;J.LACER. B;406.71
2026-06-20;2026-06-26;2026;6;3;PMO Junho 2026 - Revisão 3;27;S;Sul;J.LAC. A2;416.39
2026-06-20;2026-06-26;2026;6;3;PMO Junho 2026 - Revisão 3;156;S;Sul;CANDIOTA_3;427.95
2026-06-20;2026-06-26;2026;6;3;PMO Junho 2026 - Revisão 3;26;S;Sul;J.LAC. A1;518.91
2026-06-20;2026-06-26;2026;6;3;PMO Junho 2026 - Revisão 3;48;S;Sul;ARAUCARIA;930.0
2026-06-20;2026-06-26;2026;6;3;PMO Junho 2026 - Revisão 3;64;S;Sul;S.TIARAJU;1496.64
2026-06-20;2026-06-26;2026;6;3;PMO Junho 2026 - Revisão 3;35;S;Sul;URUGUAIANA;2044.55
2026-06-20;2026-06-26;2026;6;3;PMO Junho 2026 - Revisão 3;246;SE;Sudeste/Centro-Oeste;KARKEY 019;0.0
2026-06-20;2026-06-26;2026;6;3;PMO Junho 2026 - Revisão 3;434;SE;Sudeste/Centro-Oeste;W.ARJONA O;0.0
2026-06-20;2026-06-26;2026;6;3;PMO Junho 2026 - Revisão 3;245;SE;Sudeste/Centro-Oeste;KARKEY 013;0.0
2026-06-20;2026-06-26;2026;6;3;PMO Junho 2026 - Revisão 3;194;SE;Sudeste/Centro-Oeste;TNORTE 2;0.0
2026-06-20;2026-06-26;2026;6;3;PMO Junho 2026 - Revisão 3;153;SE;Sudeste/Centro-Oeste;DAIA;0.0
2026-06-20;2026-06-26;2026;6;3;PMO Junho 2026 - Revisão 3;250;SE;Sudeste/Centro-Oeste;PORSUD II;0.0
2026-06-20;2026-06-26;2026;6;3;PMO Junho 2026 - Revisão 3;383;SE;Sudeste/Centro-Oeste;ATLANTICO;0.0
2026-06-20;2026-06-26;2026;6;3;PMO Junho 2026 - Revisão 3;182;SE;Sudeste/Centro-Oeste;PALMEIR_GO;0.0
2026-06-20;2026-06-26;2026;6;3;PMO Junho 2026 - Revisão 3;108;SE;Sudeste/Centro-Oeste;XAVANTES;0.0
2026-06-20;2026-06-26;2026;6;3;PMO Junho 2026 - Revisão 3;248;SE;Sudeste/Centro-Oeste;MPPAULINIA;0.0
2026-06-20;2026-06-26;2026;6;3;PMO Junho 2026 - Revisão 3;249;SE;Sudeste/Centro-Oeste;PORSUD I;0.0
2026-06-20;2026-06-26;2026;6;3;PMO Junho 2026 - Revisão 3;13;SE;Sudeste/Centro-Oeste;ANGRA 2;20.12
2026-06-20;2026-06-26;2026;6;3;PMO Junho 2026 - Revisão 3;1;SE;Sudeste/Centro-Oeste;ANGRA 1;31.17
2026-06-20;2026-06-26;2026;6;3;PMO Junho 2026 - Revisão 3;229;SE;Sudeste/Centro-Oeste;O.PINTADA;152.33
2026-06-20;2026-06-26;2026;6;3;PMO Junho 2026 - Revisão 3;146;SE;Sudeste/Centro-Oeste;UTE STA VI;164.56
2026-06-20;2026-06-26;2026;6;3;PMO Junho 2026 - Revisão 3;211;SE;Sudeste/Centro-Oeste;BAIXADA FL;192.28
2026-06-20;2026-06-26;2026;6;3;PMO Junho 2026 - Revisão 3;86;SE;Sudeste/Centro-Oeste;SANTA CRUZ;195.77
2026-06-20;2026-06-26;2026;6;3;PMO Junho 2026 - Revisão 3;236;SE;Sudeste/Centro-Oeste;M.AZUL;201.01
2026-06-20;2026-06-26;2026;6;3;PMO Junho 2026 - Revisão 3;4;SE;Sudeste/Centro-Oeste;ST.CRUZ 34;310.41
2026-06-20;2026-06-26;2026;6;3;PMO Junho 2026 - Revisão 3;137;SE;Sudeste/Centro-Oeste;UTE GNA I;369.51
2026-06-20;2026-06-26;2026;6;3;PMO Junho 2026 - Revisão 3;97;SE;Sudeste/Centro-Oeste;CUBATAO;568.35
2026-06-20;2026-06-26;2026;6;3;PMO Junho 2026 - Revisão 3;238;SE;Sudeste/Centro-Oeste;UTE GNA II;739.83
2026-06-20;2026-06-26;2026;6;3;PMO Junho 2026 - Revisão 3;15;SE;Sudeste/Centro-Oeste;LUIZORMELO;1069.99
2026-06-20;2026-06-26;2026;6;3;PMO Junho 2026 - Revisão 3;15;SE;Sudeste/Centro-Oeste;LUIZORMELO;1069.99
2026-06-20;2026-06-26;2026;6;3;PMO Junho 2026 - Revisão 3;251;SE;Sudeste/Centro-Oeste;POVOACAO I;1082.6
2026-06-20;2026-06-26;2026;6;3;PMO Junho 2026 - Revisão 3;68;SE;Sudeste/Centro-Oeste;TRES LAGOA;1138.94
2026-06-20;2026-06-26;2026;6;3;PMO Junho 2026 - Revisão 3;253;SE;Sudeste/Centro-Oeste;VIANA I;1152.98
2026-06-20;2026-06-26;2026;6;3;PMO Junho 2026 - Revisão 3;60;SE;Sudeste/Centro-Oeste;NORTEFLU;1291.1
2026-06-20;2026-06-26;2026;6;3;PMO Junho 2026 - Revisão 3;90;SE;Sudeste/Centro-Oeste;M.LAGO;1383.39
2026-06-20;2026-06-26;2026;6;3;PMO Junho 2026 - Revisão 3;334;SE;Sudeste/Centro-Oeste;W.ARJONA;1384.29
2026-06-20;2026-06-26;2026;6;3;PMO Junho 2026 - Revisão 3;63;SE;Sudeste/Centro-Oeste;AUR.CHAVES;1384.84
2026-06-20;2026-06-26;2026;6;3;PMO Junho 2026 - Revisão 3;12;SE;Sudeste/Centro-Oeste;CUIABA CC;1391.89
2026-06-20;2026-06-26;2026;6;3;PMO Junho 2026 - Revisão 3;47;SE;Sudeste/Centro-Oeste;TERMORIO;1392.04
2026-06-20;2026-06-26;2026;6;3;PMO Junho 2026 - Revisão 3;54;SE;Sudeste/Centro-Oeste;JUIZ DE FO;1454.98
2026-06-20;2026-06-26;2026;6;3;PMO Junho 2026 - Revisão 3;62;SE;Sudeste/Centro-Oeste;SEROPEDICA;1472.87
2026-06-20;2026-06-26;2026;6;3;PMO Junho 2026 - Revisão 3;49;SE;Sudeste/Centro-Oeste;VIANA;1502.94
2026-06-20;2026-06-26;2026;6;3;PMO Junho 2026 - Revisão 3;110;SE;Sudeste/Centro-Oeste;FGASPARIAN;1756.39
2026-06-27;2026-07-03;2026;7;0;PMO Julho 2026;240;N;Norte;BARCARENA;0.0
2026-06-27;2026-07-03;2026;7;0;PMO Julho 2026;203;N;Norte;C. ROCHA;102.05
2026-06-27;2026-07-03;2026;7;0;PMO Julho 2026;205;N;Norte;MANAUARA;102.05
2026-06-27;2026-07-03;2026;7;0;PMO Julho 2026;140;N;Norte;UTE MAUA 3;102.05
2026-06-27;2026-07-03;2026;7;0;PMO Julho 2026;201;N;Norte;APARECIDA;102.05
2026-06-27;2026-07-03;2026;7;0;PMO Julho 2026;209;N;Norte;TAMBAQUI;102.05
2026-06-27;2026-07-03;2026;7;0;PMO Julho 2026;204;N;Norte;JARAQUI;102.05
2026-06-27;2026-07-03;2026;7;0;PMO Julho 2026;207;N;Norte;PONTA NEGR;102.05
2026-06-27;2026-07-03;2026;7;0;PMO Julho 2026;212;N;Norte;MARANHAO3;116.1
2026-06-27;2026-07-03;2026;7;0;PMO Julho 2026;36;N;Norte;MARANHAOIV;182.34
2026-06-27;2026-07-03;2026;7;0;PMO Julho 2026;21;N;Norte;MARANHAO V;182.34
2026-06-27;2026-07-03;2026;7;0;PMO Julho 2026;239;N;Norte;PARNAIBA_V;211.32
2026-06-27;2026-07-03;2026;7;0;PMO Julho 2026;326;N;Norte;JAGUATI II;289.25
2026-06-27;2026-07-03;2026;7;0;PMO Julho 2026;46;N;Norte;N.VENECIA2;308.35
2026-06-27;2026-07-03;2026;7;0;PMO Julho 2026;176;N;Norte;P. ITAQUI;329.26
2026-06-27;2026-07-03;2026;7;0;PMO Julho 2026;324;N;Norte;CANTA;555.69
2026-06-27;2026-07-03;2026;7;0;PMO Julho 2026;329;N;Norte;PAU RAINHA;555.69
2026-06-27;2026-07-03;2026;7;0;PMO Julho 2026;330;N;Norte;SANTA LUZ;555.69
2026-06-27;2026-07-03;2026;7;0;PMO Julho 2026;323;N;Norte;BONFIM;555.69
2026-06-27;2026-07-03;2026;7;0;PMO Julho 2026;322;N;Norte;BBF BALIZA;876.44
2026-06-27;2026-07-03;2026;7;0;PMO Julho 2026;116;N;Norte;PARNAIB_IV;1228.31
2026-06-27;2026-07-03;2026;7;0;PMO Julho 2026;73;N;Norte;GERAMAR1;1365.39
2026-06-27;2026-07-03;2026;7;0;PMO Julho 2026;70;N;Norte;GERAMAR2;1365.39
2026-06-27;2026-07-03;2026;7;0;PMO Julho 2026;328;N;Norte;PALMAPLAN;1528.68
2026-06-27;2026-07-03;2026;7;0;PMO Julho 2026;327;N;Norte;M.C.SUCUBA;2016.16
2026-06-27;2026-07-03;2026;7;0;PMO Julho 2026;57;NE;Nordeste;MARACANAU;0.0
2026-06-27;2026-07-03;2026;7;0;PMO Julho 2026;144;NE;Nordeste;PETROLINA;0.0
2026-06-27;2026-07-03;2026;7;0;PMO Julho 2026;106;NE;Nordeste;ERB CANDEI;118.93
2026-06-27;2026-07-03;2026;7;0;PMO Julho 2026;147;NE;Nordeste;PROSPERIDA;224.31
2026-06-27;2026-07-03;2026;7;0;PMO Julho 2026;223;NE;Nordeste;PROSP_III;228.55
2026-06-27;2026-07-03;2026;7;0;PMO Julho 2026;167;NE;Nordeste;P.PECEM1;327.78
2026-06-27;2026-07-03;2026;7;0;PMO Julho 2026;163;NE;Nordeste;P.PECEM2;337.48
2026-06-27;2026-07-03;2026;7;0;PMO Julho 2026;241;NE;Nordeste;PROSP_II;422.68
2026-06-27;2026-07-03;2026;7;0;PMO Julho 2026;224;NE;Nordeste;PSERGIPE I;444.03
2026-06-27;2026-07-03;2026;7;0;PMO Julho 2026;83;NE;Nordeste;JS_PEREIRA;450.86
2026-06-27;2026-07-03;2026;7;0;PMO Julho 2026;43;NE;Nordeste;C.FURTADO;939.66
2026-06-27;2026-07-03;2026;7;0;PMO Julho 2026;96;NE;Nordeste;TERMOPE;1144.53
2026-06-27;2026-07-03;2026;7;0;PMO Julho 2026;98;NE;Nordeste;PERNAMBU_3;1154.53
2026-06-27;2026-07-03;2026;7;0;PMO Julho 2026;170;NE;Nordeste;SUAPE II;1369.71
2026-06-27;2026-07-03;2026;7;0;PMO Julho 2026;52;NE;Nordeste;CAMPINA_GR;1599.27
2026-06-27;2026-07-03;2026;7;0;PMO Julho 2026;152;NE;Nordeste;TERMOCABO;1618.72
2026-06-27;2026-07-03;2026;7;0;PMO Julho 2026;55;NE;Nordeste;GLOBAL II;1656.46
2026-06-27;2026-07-03;2026;7;0;PMO Julho 2026;53;NE;Nordeste;GLOBAL I;1656.46
2026-06-27;2026-07-03;2026;7;0;PMO Julho 2026;69;NE;Nordeste;TERMOPB;1666.56
2026-06-27;2026-07-03;2026;7;0;PMO Julho 2026;67;NE;Nordeste;TERMONE;1666.56
2026-06-27;2026-07-03;2026;7;0;PMO Julho 2026;58;NE;Nordeste;TERMOCEARA;2280.51
2026-06-27;2026-07-03;2026;7;0;PMO Julho 2026;151;NE;Nordeste;POTIGUAR;2884.75
2026-06-27;2026-07-03;2026;7;0;PMO Julho 2026;161;NE;Nordeste;POTIGUAR_3;2884.75
2026-06-27;2026-07-03;2026;7;0;PMO Julho 2026;235;NE;Nordeste;C.MURICY 2;3799.08
2026-06-27;2026-07-03;2026;7;0;PMO Julho 2026;162;NE;Nordeste;PECEM 2;3839.26
2026-06-27;2026-07-03;2026;7;0;PMO Julho 2026;254;S;Sul;B.BONITA I;0.0
2026-06-27;2026-07-03;2026;7;0;PMO Julho 2026;107;S;Sul;PAMPA SUL;105.94
2026-06-27;2026-07-03;2026;7;0;PMO Julho 2026;149;S;Sul;SAO SEPE;118.84
2026-06-27;2026-07-03;2026;7;0;PMO Julho 2026;24;S;Sul;J.LACER. C;347.2
2026-06-27;2026-07-03;2026;7;0;PMO Julho 2026;25;S;Sul;J.LACER. B;406.71
2026-06-27;2026-07-03;2026;7;0;PMO Julho 2026;27;S;Sul;J.LAC. A2;416.39
2026-06-27;2026-07-03;2026;7;0;PMO Julho 2026;156;S;Sul;CANDIOTA_3;427.95
2026-06-27;2026-07-03;2026;7;0;PMO Julho 2026;26;S;Sul;J.LAC. A1;518.9
2026-06-27;2026-07-03;2026;7;0;PMO Julho 2026;48;S;Sul;ARAUCARIA;930.0
2026-06-27;2026-07-03;2026;7;0;PMO Julho 2026;64;S;Sul;S.TIARAJU;1496.64
2026-06-27;2026-07-03;2026;7;0;PMO Julho 2026;35;S;Sul;URUGUAIANA;2044.55
2026-06-27;2026-07-03;2026;7;0;PMO Julho 2026;194;SE;Sudeste/Centro-Oeste;TNORTE 2;0.0
2026-06-27;2026-07-03;2026;7;0;PMO Julho 2026;786;SE;Sudeste/Centro-Oeste;SCRUZ_4LC;0.0
2026-06-27;2026-07-03;2026;7;0;PMO Julho 2026;434;SE;Sudeste/Centro-Oeste;W.ARJONA O;0.0
2026-06-27;2026-07-03;2026;7;0;PMO Julho 2026;182;SE;Sudeste/Centro-Oeste;PALMEIR_GO;0.0
2026-06-27;2026-07-03;2026;7;0;PMO Julho 2026;153;SE;Sudeste/Centro-Oeste;DAIA;0.0
2026-06-27;2026-07-03;2026;7;0;PMO Julho 2026;715;SE;Sudeste/Centro-Oeste;LORM_4LC;0.0
2026-06-27;2026-07-03;2026;7;0;PMO Julho 2026;108;SE;Sudeste/Centro-Oeste;XAVANTES;0.0
2026-06-27;2026-07-03;2026;7;0;PMO Julho 2026;248;SE;Sudeste/Centro-Oeste;MPPAULINIA;0.0
2026-06-27;2026-07-03;2026;7;0;PMO Julho 2026;383;SE;Sudeste/Centro-Oeste;ATLANTICO;0.0
2026-06-27;2026-07-03;2026;7;0;PMO Julho 2026;13;SE;Sudeste/Centro-Oeste;ANGRA 2;20.12
2026-06-27;2026-07-03;2026;7;0;PMO Julho 2026;1;SE;Sudeste/Centro-Oeste;ANGRA 1;31.17
2026-06-27;2026-07-03;2026;7;0;PMO Julho 2026;229;SE;Sudeste/Centro-Oeste;O.PINTADA;152.33
2026-06-27;2026-07-03;2026;7;0;PMO Julho 2026;146;SE;Sudeste/Centro-Oeste;UTE STA VI;164.56
2026-06-27;2026-07-03;2026;7;0;PMO Julho 2026;211;SE;Sudeste/Centro-Oeste;BAIXADA FL;192.28
2026-06-27;2026-07-03;2026;7;0;PMO Julho 2026;86;SE;Sudeste/Centro-Oeste;SANTA CRUZ;195.77
2026-06-27;2026-07-03;2026;7;0;PMO Julho 2026;236;SE;Sudeste/Centro-Oeste;M.AZUL;201.01
2026-06-27;2026-07-03;2026;7;0;PMO Julho 2026;4;SE;Sudeste/Centro-Oeste;ST.CRUZ 34;310.41
2026-06-27;2026-07-03;2026;7;0;PMO Julho 2026;137;SE;Sudeste/Centro-Oeste;UTE GNA I;369.51
2026-06-27;2026-07-03;2026;7;0;PMO Julho 2026;97;SE;Sudeste/Centro-Oeste;CUBATAO;568.35
2026-06-27;2026-07-03;2026;7;0;PMO Julho 2026;238;SE;Sudeste/Centro-Oeste;UTE GNA II;739.83
2026-06-27;2026-07-03;2026;7;0;PMO Julho 2026;251;SE;Sudeste/Centro-Oeste;POVOACAO I;1082.6
2026-06-27;2026-07-03;2026;7;0;PMO Julho 2026;68;SE;Sudeste/Centro-Oeste;TRES LAGOA;1138.94
2026-06-27;2026-07-03;2026;7;0;PMO Julho 2026;253;SE;Sudeste/Centro-Oeste;VIANA I;1152.98
2026-06-27;2026-07-03;2026;7;0;PMO Julho 2026;60;SE;Sudeste/Centro-Oeste;NORTEFLU;1291.1
2026-06-27;2026-07-03;2026;7;0;PMO Julho 2026;90;SE;Sudeste/Centro-Oeste;M.LAGO;1383.39
2026-06-27;2026-07-03;2026;7;0;PMO Julho 2026;334;SE;Sudeste/Centro-Oeste;W.ARJONA;1384.29
2026-06-27;2026-07-03;2026;7;0;PMO Julho 2026;63;SE;Sudeste/Centro-Oeste;AUR.CHAVES;1384.84
2026-06-27;2026-07-03;2026;7;0;PMO Julho 2026;12;SE;Sudeste/Centro-Oeste;CUIABA CC;1391.89
2026-06-27;2026-07-03;2026;7;0;PMO Julho 2026;47;SE;Sudeste/Centro-Oeste;TERMORIO;1392.04
2026-06-27;2026-07-03;2026;7;0;PMO Julho 2026;15;SE;Sudeste/Centro-Oeste;LUIZORMELO;1397.24
2026-06-27;2026-07-03;2026;7;0;PMO Julho 2026;15;SE;Sudeste/Centro-Oeste;LUIZORMELO;1397.24
2026-06-27;2026-07-03;2026;7;0;PMO Julho 2026;54;SE;Sudeste/Centro-Oeste;JUIZ DE FO;1454.98
2026-06-27;2026-07-03;2026;7;0;PMO Julho 2026;62;SE;Sudeste/Centro-Oeste;SEROPEDICA;1472.87
2026-06-27;2026-07-03;2026;7;0;PMO Julho 2026;49;SE;Sudeste/Centro-Oeste;VIANA;1502.94
2026-06-27;2026-07-03;2026;7;0;PMO Julho 2026;110;SE;Sudeste/Centro-Oeste;FGASPARIAN;1756.39
2026-06-27;2026-07-03;2026;7;0;PMO Julho 2026;246;SE;Sudeste/Centro-Oeste;KARKEY 019;2308.27
2026-06-27;2026-07-03;2026;7;0;PMO Julho 2026;249;SE;Sudeste/Centro-Oeste;PORSUD I;2314.54
2026-06-27;2026-07-03;2026;7;0;PMO Julho 2026;245;SE;Sudeste/Centro-Oeste;KARKEY 013;2330.3
2026-06-27;2026-07-03;2026;7;0;PMO Julho 2026;250;SE;Sudeste/Centro-Oeste;PORSUD II;2351.87
2026-07-04;2026-07-10;2026;7;1;PMO Julho 2026 - Revisão 1;240;N;Norte;BARCARENA;0.0
2026-07-04;2026-07-10;2026;7;1;PMO Julho 2026 - Revisão 1;140;N;Norte;UTE MAUA 3;102.05
2026-07-04;2026-07-10;2026;7;1;PMO Julho 2026 - Revisão 1;207;N;Norte;PONTA NEGR;102.05
2026-07-04;2026-07-10;2026;7;1;PMO Julho 2026 - Revisão 1;201;N;Norte;APARECIDA;102.05
2026-07-04;2026-07-10;2026;7;1;PMO Julho 2026 - Revisão 1;204;N;Norte;JARAQUI;102.05
2026-07-04;2026-07-10;2026;7;1;PMO Julho 2026 - Revisão 1;203;N;Norte;C. ROCHA;102.05
2026-07-04;2026-07-10;2026;7;1;PMO Julho 2026 - Revisão 1;209;N;Norte;TAMBAQUI;102.05
2026-07-04;2026-07-10;2026;7;1;PMO Julho 2026 - Revisão 1;205;N;Norte;MANAUARA;102.05
2026-07-04;2026-07-10;2026;7;1;PMO Julho 2026 - Revisão 1;212;N;Norte;MARANHAO3;116.1
2026-07-04;2026-07-10;2026;7;1;PMO Julho 2026 - Revisão 1;21;N;Norte;MARANHAO V;182.34
2026-07-04;2026-07-10;2026;7;1;PMO Julho 2026 - Revisão 1;36;N;Norte;MARANHAOIV;182.34
2026-07-04;2026-07-10;2026;7;1;PMO Julho 2026 - Revisão 1;239;N;Norte;PARNAIBA_V;211.32
2026-07-04;2026-07-10;2026;7;1;PMO Julho 2026 - Revisão 1;326;N;Norte;JAGUATI II;289.25
2026-07-04;2026-07-10;2026;7;1;PMO Julho 2026 - Revisão 1;46;N;Norte;N.VENECIA2;308.35
2026-07-04;2026-07-10;2026;7;1;PMO Julho 2026 - Revisão 1;176;N;Norte;P. ITAQUI;329.26
2026-07-04;2026-07-10;2026;7;1;PMO Julho 2026 - Revisão 1;323;N;Norte;BONFIM;555.69
2026-07-04;2026-07-10;2026;7;1;PMO Julho 2026 - Revisão 1;330;N;Norte;SANTA LUZ;555.69
2026-07-04;2026-07-10;2026;7;1;PMO Julho 2026 - Revisão 1;324;N;Norte;CANTA;555.69
2026-07-04;2026-07-10;2026;7;1;PMO Julho 2026 - Revisão 1;329;N;Norte;PAU RAINHA;555.69
2026-07-04;2026-07-10;2026;7;1;PMO Julho 2026 - Revisão 1;322;N;Norte;BBF BALIZA;876.44
2026-07-04;2026-07-10;2026;7;1;PMO Julho 2026 - Revisão 1;116;N;Norte;PARNAIB_IV;1228.31
2026-07-04;2026-07-10;2026;7;1;PMO Julho 2026 - Revisão 1;73;N;Norte;GERAMAR1;1365.39
2026-07-04;2026-07-10;2026;7;1;PMO Julho 2026 - Revisão 1;70;N;Norte;GERAMAR2;1365.39
2026-07-04;2026-07-10;2026;7;1;PMO Julho 2026 - Revisão 1;328;N;Norte;PALMAPLAN;1528.68
2026-07-04;2026-07-10;2026;7;1;PMO Julho 2026 - Revisão 1;327;N;Norte;M.C.SUCUBA;2016.16
2026-07-04;2026-07-10;2026;7;1;PMO Julho 2026 - Revisão 1;57;NE;Nordeste;MARACANAU;0.0
2026-07-04;2026-07-10;2026;7;1;PMO Julho 2026 - Revisão 1;144;NE;Nordeste;PETROLINA;0.0
2026-07-04;2026-07-10;2026;7;1;PMO Julho 2026 - Revisão 1;106;NE;Nordeste;ERB CANDEI;118.93
2026-07-04;2026-07-10;2026;7;1;PMO Julho 2026 - Revisão 1;147;NE;Nordeste;PROSPERIDA;224.31
2026-07-04;2026-07-10;2026;7;1;PMO Julho 2026 - Revisão 1;223;NE;Nordeste;PROSP_III;228.55
2026-07-04;2026-07-10;2026;7;1;PMO Julho 2026 - Revisão 1;167;NE;Nordeste;P.PECEM1;327.78
2026-07-04;2026-07-10;2026;7;1;PMO Julho 2026 - Revisão 1;163;NE;Nordeste;P.PECEM2;337.48
2026-07-04;2026-07-10;2026;7;1;PMO Julho 2026 - Revisão 1;241;NE;Nordeste;PROSP_II;422.68
2026-07-04;2026-07-10;2026;7;1;PMO Julho 2026 - Revisão 1;224;NE;Nordeste;PSERGIPE I;444.03
2026-07-04;2026-07-10;2026;7;1;PMO Julho 2026 - Revisão 1;83;NE;Nordeste;JS_PEREIRA;450.86
2026-07-04;2026-07-10;2026;7;1;PMO Julho 2026 - Revisão 1;43;NE;Nordeste;C.FURTADO;939.66
2026-07-04;2026-07-10;2026;7;1;PMO Julho 2026 - Revisão 1;96;NE;Nordeste;TERMOPE;1144.53
2026-07-04;2026-07-10;2026;7;1;PMO Julho 2026 - Revisão 1;98;NE;Nordeste;PERNAMBU_3;1154.53
2026-07-04;2026-07-10;2026;7;1;PMO Julho 2026 - Revisão 1;170;NE;Nordeste;SUAPE II;1369.71
2026-07-04;2026-07-10;2026;7;1;PMO Julho 2026 - Revisão 1;52;NE;Nordeste;CAMPINA_GR;1599.27
2026-07-04;2026-07-10;2026;7;1;PMO Julho 2026 - Revisão 1;152;NE;Nordeste;TERMOCABO;1618.72
2026-07-04;2026-07-10;2026;7;1;PMO Julho 2026 - Revisão 1;53;NE;Nordeste;GLOBAL I;1656.46
2026-07-04;2026-07-10;2026;7;1;PMO Julho 2026 - Revisão 1;55;NE;Nordeste;GLOBAL II;1656.46
2026-07-04;2026-07-10;2026;7;1;PMO Julho 2026 - Revisão 1;69;NE;Nordeste;TERMOPB;1666.56
2026-07-04;2026-07-10;2026;7;1;PMO Julho 2026 - Revisão 1;67;NE;Nordeste;TERMONE;1666.56
2026-07-04;2026-07-10;2026;7;1;PMO Julho 2026 - Revisão 1;58;NE;Nordeste;TERMOCEARA;2280.51
2026-07-04;2026-07-10;2026;7;1;PMO Julho 2026 - Revisão 1;151;NE;Nordeste;POTIGUAR;2884.75
2026-07-04;2026-07-10;2026;7;1;PMO Julho 2026 - Revisão 1;161;NE;Nordeste;POTIGUAR_3;2884.75
2026-07-04;2026-07-10;2026;7;1;PMO Julho 2026 - Revisão 1;235;NE;Nordeste;C.MURICY 2;3799.08
2026-07-04;2026-07-10;2026;7;1;PMO Julho 2026 - Revisão 1;162;NE;Nordeste;PECEM 2;3839.26
2026-07-04;2026-07-10;2026;7;1;PMO Julho 2026 - Revisão 1;254;S;Sul;B.BONITA I;0.0
2026-07-04;2026-07-10;2026;7;1;PMO Julho 2026 - Revisão 1;107;S;Sul;PAMPA SUL;105.94
2026-07-04;2026-07-10;2026;7;1;PMO Julho 2026 - Revisão 1;149;S;Sul;SAO SEPE;118.84
2026-07-04;2026-07-10;2026;7;1;PMO Julho 2026 - Revisão 1;24;S;Sul;J.LACER. C;347.2
2026-07-04;2026-07-10;2026;7;1;PMO Julho 2026 - Revisão 1;25;S;Sul;J.LACER. B;406.71
2026-07-04;2026-07-10;2026;7;1;PMO Julho 2026 - Revisão 1;27;S;Sul;J.LAC. A2;416.39
2026-07-04;2026-07-10;2026;7;1;PMO Julho 2026 - Revisão 1;156;S;Sul;CANDIOTA_3;427.95
2026-07-04;2026-07-10;2026;7;1;PMO Julho 2026 - Revisão 1;26;S;Sul;J.LAC. A1;518.9
2026-07-04;2026-07-10;2026;7;1;PMO Julho 2026 - Revisão 1;48;S;Sul;ARAUCARIA;930.0
2026-07-04;2026-07-10;2026;7;1;PMO Julho 2026 - Revisão 1;64;S;Sul;S.TIARAJU;1496.64
2026-07-04;2026-07-10;2026;7;1;PMO Julho 2026 - Revisão 1;35;S;Sul;URUGUAIANA;2044.55
2026-07-04;2026-07-10;2026;7;1;PMO Julho 2026 - Revisão 1;182;SE;Sudeste/Centro-Oeste;PALMEIR_GO;0.0
2026-07-04;2026-07-10;2026;7;1;PMO Julho 2026 - Revisão 1;108;SE;Sudeste/Centro-Oeste;XAVANTES;0.0
2026-07-04;2026-07-10;2026;7;1;PMO Julho 2026 - Revisão 1;248;SE;Sudeste/Centro-Oeste;MPPAULINIA;0.0
2026-07-04;2026-07-10;2026;7;1;PMO Julho 2026 - Revisão 1;434;SE;Sudeste/Centro-Oeste;W.ARJONA O;0.0
2026-07-04;2026-07-10;2026;7;1;PMO Julho 2026 - Revisão 1;194;SE;Sudeste/Centro-Oeste;TNORTE 2;0.0
2026-07-04;2026-07-10;2026;7;1;PMO Julho 2026 - Revisão 1;786;SE;Sudeste/Centro-Oeste;SCRUZ_4LC;0.0
2026-07-04;2026-07-10;2026;7;1;PMO Julho 2026 - Revisão 1;153;SE;Sudeste/Centro-Oeste;DAIA;0.0
2026-07-04;2026-07-10;2026;7;1;PMO Julho 2026 - Revisão 1;715;SE;Sudeste/Centro-Oeste;LORM_4LC;0.0
2026-07-04;2026-07-10;2026;7;1;PMO Julho 2026 - Revisão 1;383;SE;Sudeste/Centro-Oeste;ATLANTICO;0.0
2026-07-04;2026-07-10;2026;7;1;PMO Julho 2026 - Revisão 1;13;SE;Sudeste/Centro-Oeste;ANGRA 2;20.12
2026-07-04;2026-07-10;2026;7;1;PMO Julho 2026 - Revisão 1;1;SE;Sudeste/Centro-Oeste;ANGRA 1;31.17
2026-07-04;2026-07-10;2026;7;1;PMO Julho 2026 - Revisão 1;229;SE;Sudeste/Centro-Oeste;O.PINTADA;152.33
2026-07-04;2026-07-10;2026;7;1;PMO Julho 2026 - Revisão 1;146;SE;Sudeste/Centro-Oeste;UTE STA VI;164.56
2026-07-04;2026-07-10;2026;7;1;PMO Julho 2026 - Revisão 1;211;SE;Sudeste/Centro-Oeste;BAIXADA FL;192.28
2026-07-04;2026-07-10;2026;7;1;PMO Julho 2026 - Revisão 1;86;SE;Sudeste/Centro-Oeste;SANTA CRUZ;195.77
2026-07-04;2026-07-10;2026;7;1;PMO Julho 2026 - Revisão 1;236;SE;Sudeste/Centro-Oeste;M.AZUL;201.01
2026-07-04;2026-07-10;2026;7;1;PMO Julho 2026 - Revisão 1;4;SE;Sudeste/Centro-Oeste;ST.CRUZ 34;310.41
2026-07-04;2026-07-10;2026;7;1;PMO Julho 2026 - Revisão 1;137;SE;Sudeste/Centro-Oeste;UTE GNA I;369.51
2026-07-04;2026-07-10;2026;7;1;PMO Julho 2026 - Revisão 1;97;SE;Sudeste/Centro-Oeste;CUBATAO;568.35
2026-07-04;2026-07-10;2026;7;1;PMO Julho 2026 - Revisão 1;238;SE;Sudeste/Centro-Oeste;UTE GNA II;739.83
2026-07-04;2026-07-10;2026;7;1;PMO Julho 2026 - Revisão 1;251;SE;Sudeste/Centro-Oeste;POVOACAO I;1082.6
2026-07-04;2026-07-10;2026;7;1;PMO Julho 2026 - Revisão 1;68;SE;Sudeste/Centro-Oeste;TRES LAGOA;1138.94
2026-07-04;2026-07-10;2026;7;1;PMO Julho 2026 - Revisão 1;253;SE;Sudeste/Centro-Oeste;VIANA I;1152.98
2026-07-04;2026-07-10;2026;7;1;PMO Julho 2026 - Revisão 1;60;SE;Sudeste/Centro-Oeste;NORTEFLU;1291.1
2026-07-04;2026-07-10;2026;7;1;PMO Julho 2026 - Revisão 1;90;SE;Sudeste/Centro-Oeste;M.LAGO;1383.39
2026-07-04;2026-07-10;2026;7;1;PMO Julho 2026 - Revisão 1;334;SE;Sudeste/Centro-Oeste;W.ARJONA;1384.29
2026-07-04;2026-07-10;2026;7;1;PMO Julho 2026 - Revisão 1;63;SE;Sudeste/Centro-Oeste;AUR.CHAVES;1384.84
2026-07-04;2026-07-10;2026;7;1;PMO Julho 2026 - Revisão 1;12;SE;Sudeste/Centro-Oeste;CUIABA CC;1391.89
2026-07-04;2026-07-10;2026;7;1;PMO Julho 2026 - Revisão 1;47;SE;Sudeste/Centro-Oeste;TERMORIO;1392.04
2026-07-04;2026-07-10;2026;7;1;PMO Julho 2026 - Revisão 1;15;SE;Sudeste/Centro-Oeste;LUIZORMELO;1397.24
2026-07-04;2026-07-10;2026;7;1;PMO Julho 2026 - Revisão 1;15;SE;Sudeste/Centro-Oeste;LUIZORMELO;1397.24
2026-07-04;2026-07-10;2026;7;1;PMO Julho 2026 - Revisão 1;54;SE;Sudeste/Centro-Oeste;JUIZ DE FO;1454.98
2026-07-04;2026-07-10;2026;7;1;PMO Julho 2026 - Revisão 1;62;SE;Sudeste/Centro-Oeste;SEROPEDICA;1472.87
2026-07-04;2026-07-10;2026;7;1;PMO Julho 2026 - Revisão 1;49;SE;Sudeste/Centro-Oeste;VIANA;1502.94
2026-07-04;2026-07-10;2026;7;1;PMO Julho 2026 - Revisão 1;110;SE;Sudeste/Centro-Oeste;FGASPARIAN;1756.39
2026-07-04;2026-07-10;2026;7;1;PMO Julho 2026 - Revisão 1;246;SE;Sudeste/Centro-Oeste;KARKEY 019;2308.27
2026-07-04;2026-07-10;2026;7;1;PMO Julho 2026 - Revisão 1;249;SE;Sudeste/Centro-Oeste;PORSUD I;2314.54
2026-07-04;2026-07-10;2026;7;1;PMO Julho 2026 - Revisão 1;245;SE;Sudeste/Centro-Oeste;KARKEY 013;2330.3
2026-07-04;2026-07-10;2026;7;1;PMO Julho 2026 - Revisão 1;250;SE;Sudeste/Centro-Oeste;PORSUD II;2351.87
2026-07-11;2026-07-17;2026;7;2;PMO Julho 2026 - Revisão 2;240;N;Norte;BARCARENA;0.0
2026-07-11;2026-07-17;2026;7;2;PMO Julho 2026 - Revisão 2;140;N;Norte;UTE MAUA 3;108.44
2026-07-11;2026-07-17;2026;7;2;PMO Julho 2026 - Revisão 2;201;N;Norte;APARECIDA;108.44
2026-07-11;2026-07-17;2026;7;2;PMO Julho 2026 - Revisão 2;205;N;Norte;MANAUARA;108.44
2026-07-11;2026-07-17;2026;7;2;PMO Julho 2026 - Revisão 2;209;N;Norte;TAMBAQUI;108.44
2026-07-11;2026-07-17;2026;7;2;PMO Julho 2026 - Revisão 2;204;N;Norte;JARAQUI;108.44
2026-07-11;2026-07-17;2026;7;2;PMO Julho 2026 - Revisão 2;203;N;Norte;C. ROCHA;108.44
2026-07-11;2026-07-17;2026;7;2;PMO Julho 2026 - Revisão 2;207;N;Norte;PONTA NEGR;108.44
2026-07-11;2026-07-17;2026;7;2;PMO Julho 2026 - Revisão 2;212;N;Norte;MARANHAO3;116.1
2026-07-11;2026-07-17;2026;7;2;PMO Julho 2026 - Revisão 2;21;N;Norte;MARANHAO V;197.52
2026-07-11;2026-07-17;2026;7;2;PMO Julho 2026 - Revisão 2;36;N;Norte;MARANHAOIV;197.52
2026-07-11;2026-07-17;2026;7;2;PMO Julho 2026 - Revisão 2;239;N;Norte;PARNAIBA_V;217.42
2026-07-11;2026-07-17;2026;7;2;PMO Julho 2026 - Revisão 2;326;N;Norte;JAGUATI II;289.25
2026-07-11;2026-07-17;2026;7;2;PMO Julho 2026 - Revisão 2;46;N;Norte;N.VENECIA2;308.35
2026-07-11;2026-07-17;2026;7;2;PMO Julho 2026 - Revisão 2;176;N;Norte;P. ITAQUI;367.55
2026-07-11;2026-07-17;2026;7;2;PMO Julho 2026 - Revisão 2;324;N;Norte;CANTA;555.69
2026-07-11;2026-07-17;2026;7;2;PMO Julho 2026 - Revisão 2;323;N;Norte;BONFIM;555.69
2026-07-11;2026-07-17;2026;7;2;PMO Julho 2026 - Revisão 2;329;N;Norte;PAU RAINHA;555.69
2026-07-11;2026-07-17;2026;7;2;PMO Julho 2026 - Revisão 2;330;N;Norte;SANTA LUZ;555.69
2026-07-11;2026-07-17;2026;7;2;PMO Julho 2026 - Revisão 2;322;N;Norte;BBF BALIZA;876.44
2026-07-11;2026-07-17;2026;7;2;PMO Julho 2026 - Revisão 2;116;N;Norte;PARNAIB_IV;1192.61
2026-07-11;2026-07-17;2026;7;2;PMO Julho 2026 - Revisão 2;70;N;Norte;GERAMAR2;1200.28
2026-07-11;2026-07-17;2026;7;2;PMO Julho 2026 - Revisão 2;73;N;Norte;GERAMAR1;1200.28
2026-07-11;2026-07-17;2026;7;2;PMO Julho 2026 - Revisão 2;328;N;Norte;PALMAPLAN;1528.68
2026-07-11;2026-07-17;2026;7;2;PMO Julho 2026 - Revisão 2;327;N;Norte;M.C.SUCUBA;2016.16
2026-07-11;2026-07-17;2026;7;2;PMO Julho 2026 - Revisão 2;52;NE;Nordeste;CAMPINA_GR;0.0
2026-07-11;2026-07-17;2026;7;2;PMO Julho 2026 - Revisão 2;144;NE;Nordeste;PETROLINA;0.0
2026-07-11;2026-07-17;2026;7;2;PMO Julho 2026 - Revisão 2;57;NE;Nordeste;MARACANAU;0.0
2026-07-11;2026-07-17;2026;7;2;PMO Julho 2026 - Revisão 2;106;NE;Nordeste;ERB CANDEI;118.93
2026-07-11;2026-07-17;2026;7;2;PMO Julho 2026 - Revisão 2;147;NE;Nordeste;PROSPERIDA;224.31
2026-07-11;2026-07-17;2026;7;2;PMO Julho 2026 - Revisão 2;223;NE;Nordeste;PROSP_III;228.55
2026-07-11;2026-07-17;2026;7;2;PMO Julho 2026 - Revisão 2;167;NE;Nordeste;P.PECEM1;368.43
2026-07-11;2026-07-17;2026;7;2;PMO Julho 2026 - Revisão 2;224;NE;Nordeste;PSERGIPE I;371.7
2026-07-11;2026-07-17;2026;7;2;PMO Julho 2026 - Revisão 2;163;NE;Nordeste;P.PECEM2;375.96
2026-07-11;2026-07-17;2026;7;2;PMO Julho 2026 - Revisão 2;241;NE;Nordeste;PROSP_II;411.14
2026-07-11;2026-07-17;2026;7;2;PMO Julho 2026 - Revisão 2;83;NE;Nordeste;JS_PEREIRA;450.86
2026-07-11;2026-07-17;2026;7;2;PMO Julho 2026 - Revisão 2;43;NE;Nordeste;C.FURTADO;918.23
2026-07-11;2026-07-17;2026;7;2;PMO Julho 2026 - Revisão 2;98;NE;Nordeste;PERNAMBU_3;1007.85
2026-07-11;2026-07-17;2026;7;2;PMO Julho 2026 - Revisão 2;96;NE;Nordeste;TERMOPE;1120.1
2026-07-11;2026-07-17;2026;7;2;PMO Julho 2026 - Revisão 2;170;NE;Nordeste;SUAPE II;1194.47
2026-07-11;2026-07-17;2026;7;2;PMO Julho 2026 - Revisão 2;55;NE;Nordeste;GLOBAL II;1460.75
2026-07-11;2026-07-17;2026;7;2;PMO Julho 2026 - Revisão 2;53;NE;Nordeste;GLOBAL I;1460.75
2026-07-11;2026-07-17;2026;7;2;PMO Julho 2026 - Revisão 2;67;NE;Nordeste;TERMONE;1598.66
2026-07-11;2026-07-17;2026;7;2;PMO Julho 2026 - Revisão 2;69;NE;Nordeste;TERMOPB;1598.66
2026-07-11;2026-07-17;2026;7;2;PMO Julho 2026 - Revisão 2;152;NE;Nordeste;TERMOCABO;1711.0
2026-07-11;2026-07-17;2026;7;2;PMO Julho 2026 - Revisão 2;58;NE;Nordeste;TERMOCEARA;2451.29
2026-07-11;2026-07-17;2026;7;2;PMO Julho 2026 - Revisão 2;151;NE;Nordeste;POTIGUAR;2545.52
2026-07-11;2026-07-17;2026;7;2;PMO Julho 2026 - Revisão 2;161;NE;Nordeste;POTIGUAR_3;2545.52
2026-07-11;2026-07-17;2026;7;2;PMO Julho 2026 - Revisão 2;235;NE;Nordeste;C.MURICY 2;3311.79
2026-07-11;2026-07-17;2026;7;2;PMO Julho 2026 - Revisão 2;162;NE;Nordeste;PECEM 2;3346.68
2026-07-11;2026-07-17;2026;7;2;PMO Julho 2026 - Revisão 2;254;S;Sul;B.BONITA I;0.0
2026-07-11;2026-07-17;2026;7;2;PMO Julho 2026 - Revisão 2;107;S;Sul;PAMPA SUL;105.94
2026-07-11;2026-07-17;2026;7;2;PMO Julho 2026 - Revisão 2;149;S;Sul;SAO SEPE;118.84
2026-07-11;2026-07-17;2026;7;2;PMO Julho 2026 - Revisão 2;24;S;Sul;J.LACER. C;347.2
2026-07-11;2026-07-17;2026;7;2;PMO Julho 2026 - Revisão 2;25;S;Sul;J.LACER. B;406.71
2026-07-11;2026-07-17;2026;7;2;PMO Julho 2026 - Revisão 2;27;S;Sul;J.LAC. A2;416.39
2026-07-11;2026-07-17;2026;7;2;PMO Julho 2026 - Revisão 2;156;S;Sul;CANDIOTA_3;427.94
2026-07-11;2026-07-17;2026;7;2;PMO Julho 2026 - Revisão 2;26;S;Sul;J.LAC. A1;518.91
2026-07-11;2026-07-17;2026;7;2;PMO Julho 2026 - Revisão 2;48;S;Sul;ARAUCARIA;830.0
2026-07-11;2026-07-17;2026;7;2;PMO Julho 2026 - Revisão 2;64;S;Sul;S.TIARAJU;1419.04
2026-07-11;2026-07-17;2026;7;2;PMO Julho 2026 - Revisão 2;35;S;Sul;URUGUAIANA;1767.81
2026-07-11;2026-07-17;2026;7;2;PMO Julho 2026 - Revisão 2;108;SE;Sudeste/Centro-Oeste;XAVANTES;0.0
2026-07-11;2026-07-17;2026;7;2;PMO Julho 2026 - Revisão 2;68;SE;Sudeste/Centro-Oeste;TRES LAGOA;0.0
2026-07-11;2026-07-17;2026;7;2;PMO Julho 2026 - Revisão 2;434;SE;Sudeste/Centro-Oeste;W.ARJONA O;0.0
2026-07-11;2026-07-17;2026;7;2;PMO Julho 2026 - Revisão 2;383;SE;Sudeste/Centro-Oeste;ATLANTICO;0.0
2026-07-11;2026-07-17;2026;7;2;PMO Julho 2026 - Revisão 2;715;SE;Sudeste/Centro-Oeste;LORM_4LC;0.0
2026-07-11;2026-07-17;2026;7;2;PMO Julho 2026 - Revisão 2;153;SE;Sudeste/Centro-Oeste;DAIA;0.0
2026-07-11;2026-07-17;2026;7;2;PMO Julho 2026 - Revisão 2;248;SE;Sudeste/Centro-Oeste;MPPAULINIA;0.0
2026-07-11;2026-07-17;2026;7;2;PMO Julho 2026 - Revisão 2;194;SE;Sudeste/Centro-Oeste;TNORTE 2;0.0
2026-07-11;2026-07-17;2026;7;2;PMO Julho 2026 - Revisão 2;786;SE;Sudeste/Centro-Oeste;SCRUZ_4LC;0.0
2026-07-11;2026-07-17;2026;7;2;PMO Julho 2026 - Revisão 2;182;SE;Sudeste/Centro-Oeste;PALMEIR_GO;0.0
2026-07-11;2026-07-17;2026;7;2;PMO Julho 2026 - Revisão 2;13;SE;Sudeste/Centro-Oeste;ANGRA 2;20.12
2026-07-11;2026-07-17;2026;7;2;PMO Julho 2026 - Revisão 2;1;SE;Sudeste/Centro-Oeste;ANGRA 1;31.17
2026-07-11;2026-07-17;2026;7;2;PMO Julho 2026 - Revisão 2;229;SE;Sudeste/Centro-Oeste;O.PINTADA;152.33
2026-07-11;2026-07-17;2026;7;2;PMO Julho 2026 - Revisão 2;236;SE;Sudeste/Centro-Oeste;M.AZUL;164.34
2026-07-11;2026-07-17;2026;7;2;PMO Julho 2026 - Revisão 2;146;SE;Sudeste/Centro-Oeste;UTE STA VI;164.56
2026-07-11;2026-07-17;2026;7;2;PMO Julho 2026 - Revisão 2;211;SE;Sudeste/Centro-Oeste;BAIXADA FL;208.97
2026-07-11;2026-07-17;2026;7;2;PMO Julho 2026 - Revisão 2;86;SE;Sudeste/Centro-Oeste;SANTA CRUZ;212.61
2026-07-11;2026-07-17;2026;7;2;PMO Julho 2026 - Revisão 2;4;SE;Sudeste/Centro-Oeste;ST.CRUZ 34;310.41
2026-07-11;2026-07-17;2026;7;2;PMO Julho 2026 - Revisão 2;137;SE;Sudeste/Centro-Oeste;UTE GNA I;403.2
2026-07-11;2026-07-17;2026;7;2;PMO Julho 2026 - Revisão 2;97;SE;Sudeste/Centro-Oeste;CUBATAO;551.17
2026-07-11;2026-07-17;2026;7;2;PMO Julho 2026 - Revisão 2;238;SE;Sudeste/Centro-Oeste;UTE GNA II;717.47
2026-07-11;2026-07-17;2026;7;2;PMO Julho 2026 - Revisão 2;251;SE;Sudeste/Centro-Oeste;POVOACAO I;902.52
2026-07-11;2026-07-17;2026;7;2;PMO Julho 2026 - Revisão 2;253;SE;Sudeste/Centro-Oeste;VIANA I;968.73
2026-07-11;2026-07-17;2026;7;2;PMO Julho 2026 - Revisão 2;60;SE;Sudeste/Centro-Oeste;NORTEFLU;1259.37
2026-07-11;2026-07-17;2026;7;2;PMO Julho 2026 - Revisão 2;49;SE;Sudeste/Centro-Oeste;VIANA;1315.76
2026-07-11;2026-07-17;2026;7;2;PMO Julho 2026 - Revisão 2;334;SE;Sudeste/Centro-Oeste;W.ARJONA;1342.96
2026-07-11;2026-07-17;2026;7;2;PMO Julho 2026 - Revisão 2;63;SE;Sudeste/Centro-Oeste;AUR.CHAVES;1343.49
2026-07-11;2026-07-17;2026;7;2;PMO Julho 2026 - Revisão 2;12;SE;Sudeste/Centro-Oeste;CUIABA CC;1348.75
2026-07-11;2026-07-17;2026;7;2;PMO Julho 2026 - Revisão 2;47;SE;Sudeste/Centro-Oeste;TERMORIO;1350.21
2026-07-11;2026-07-17;2026;7;2;PMO Julho 2026 - Revisão 2;15;SE;Sudeste/Centro-Oeste;LUIZORMELO;1355.6
2026-07-11;2026-07-17;2026;7;2;PMO Julho 2026 - Revisão 2;15;SE;Sudeste/Centro-Oeste;LUIZORMELO;1355.6
2026-07-11;2026-07-17;2026;7;2;PMO Julho 2026 - Revisão 2;54;SE;Sudeste/Centro-Oeste;JUIZ DE FO;1418.03
2026-07-11;2026-07-17;2026;7;2;PMO Julho 2026 - Revisão 2;62;SE;Sudeste/Centro-Oeste;SEROPEDICA;1435.8
2026-07-11;2026-07-17;2026;7;2;PMO Julho 2026 - Revisão 2;90;SE;Sudeste/Centro-Oeste;M.LAGO;1436.88
2026-07-11;2026-07-17;2026;7;2;PMO Julho 2026 - Revisão 2;110;SE;Sudeste/Centro-Oeste;FGASPARIAN;1710.32
2026-07-11;2026-07-17;2026;7;2;PMO Julho 2026 - Revisão 2;246;SE;Sudeste/Centro-Oeste;KARKEY 019;2276.93
2026-07-11;2026-07-17;2026;7;2;PMO Julho 2026 - Revisão 2;249;SE;Sudeste/Centro-Oeste;PORSUD I;2282.7
2026-07-11;2026-07-17;2026;7;2;PMO Julho 2026 - Revisão 2;245;SE;Sudeste/Centro-Oeste;KARKEY 013;2298.74
2026-07-11;2026-07-17;2026;7;2;PMO Julho 2026 - Revisão 2;250;SE;Sudeste/Centro-Oeste;PORSUD II;2320.09
2026-07-18;2026-07-24;2026;7;3;PMO Julho 2026 - Revisão 3;240;N;Norte;BARCARENA;0.0
2026-07-18;2026-07-24;2026;7;3;PMO Julho 2026 - Revisão 3;203;N;Norte;C. ROCHA;108.44
2026-07-18;2026-07-24;2026;7;3;PMO Julho 2026 - Revisão 3;140;N;Norte;UTE MAUA 3;108.44
2026-07-18;2026-07-24;2026;7;3;PMO Julho 2026 - Revisão 3;207;N;Norte;PONTA NEGR;108.44
2026-07-18;2026-07-24;2026;7;3;PMO Julho 2026 - Revisão 3;209;N;Norte;TAMBAQUI;108.44
2026-07-18;2026-07-24;2026;7;3;PMO Julho 2026 - Revisão 3;205;N;Norte;MANAUARA;108.44
2026-07-18;2026-07-24;2026;7;3;PMO Julho 2026 - Revisão 3;201;N;Norte;APARECIDA;108.44
2026-07-18;2026-07-24;2026;7;3;PMO Julho 2026 - Revisão 3;204;N;Norte;JARAQUI;108.44
2026-07-18;2026-07-24;2026;7;3;PMO Julho 2026 - Revisão 3;212;N;Norte;MARANHAO3;116.1
2026-07-18;2026-07-24;2026;7;3;PMO Julho 2026 - Revisão 3;36;N;Norte;MARANHAOIV;197.52
2026-07-18;2026-07-24;2026;7;3;PMO Julho 2026 - Revisão 3;21;N;Norte;MARANHAO V;197.52
2026-07-18;2026-07-24;2026;7;3;PMO Julho 2026 - Revisão 3;239;N;Norte;PARNAIBA_V;217.42
2026-07-18;2026-07-24;2026;7;3;PMO Julho 2026 - Revisão 3;326;N;Norte;JAGUATI II;289.25
2026-07-18;2026-07-24;2026;7;3;PMO Julho 2026 - Revisão 3;46;N;Norte;N.VENECIA2;308.35
2026-07-18;2026-07-24;2026;7;3;PMO Julho 2026 - Revisão 3;176;N;Norte;P. ITAQUI;367.55
2026-07-18;2026-07-24;2026;7;3;PMO Julho 2026 - Revisão 3;324;N;Norte;CANTA;555.69
2026-07-18;2026-07-24;2026;7;3;PMO Julho 2026 - Revisão 3;329;N;Norte;PAU RAINHA;555.69
2026-07-18;2026-07-24;2026;7;3;PMO Julho 2026 - Revisão 3;330;N;Norte;SANTA LUZ;555.69
2026-07-18;2026-07-24;2026;7;3;PMO Julho 2026 - Revisão 3;323;N;Norte;BONFIM;555.69
2026-07-18;2026-07-24;2026;7;3;PMO Julho 2026 - Revisão 3;322;N;Norte;BBF BALIZA;876.44
2026-07-18;2026-07-24;2026;7;3;PMO Julho 2026 - Revisão 3;116;N;Norte;PARNAIB_IV;1192.61
2026-07-18;2026-07-24;2026;7;3;PMO Julho 2026 - Revisão 3;73;N;Norte;GERAMAR1;1200.28
2026-07-18;2026-07-24;2026;7;3;PMO Julho 2026 - Revisão 3;70;N;Norte;GERAMAR2;1200.28
2026-07-18;2026-07-24;2026;7;3;PMO Julho 2026 - Revisão 3;328;N;Norte;PALMAPLAN;1528.68
2026-07-18;2026-07-24;2026;7;3;PMO Julho 2026 - Revisão 3;327;N;Norte;M.C.SUCUBA;2016.16
2026-07-18;2026-07-24;2026;7;3;PMO Julho 2026 - Revisão 3;57;NE;Nordeste;MARACANAU;0.0
2026-07-18;2026-07-24;2026;7;3;PMO Julho 2026 - Revisão 3;52;NE;Nordeste;CAMPINA_GR;0.0
2026-07-18;2026-07-24;2026;7;3;PMO Julho 2026 - Revisão 3;144;NE;Nordeste;PETROLINA;0.0
2026-07-18;2026-07-24;2026;7;3;PMO Julho 2026 - Revisão 3;106;NE;Nordeste;ERB CANDEI;118.93
2026-07-18;2026-07-24;2026;7;3;PMO Julho 2026 - Revisão 3;147;NE;Nordeste;PROSPERIDA;224.31
2026-07-18;2026-07-24;2026;7;3;PMO Julho 2026 - Revisão 3;223;NE;Nordeste;PROSP_III;228.55
2026-07-18;2026-07-24;2026;7;3;PMO Julho 2026 - Revisão 3;167;NE;Nordeste;P.PECEM1;368.43
2026-07-18;2026-07-24;2026;7;3;PMO Julho 2026 - Revisão 3;224;NE;Nordeste;PSERGIPE I;371.7
2026-07-18;2026-07-24;2026;7;3;PMO Julho 2026 - Revisão 3;163;NE;Nordeste;P.PECEM2;375.96
2026-07-18;2026-07-24;2026;7;3;PMO Julho 2026 - Revisão 3;241;NE;Nordeste;PROSP_II;411.14
2026-07-18;2026-07-24;2026;7;3;PMO Julho 2026 - Revisão 3;83;NE;Nordeste;JS_PEREIRA;450.86
2026-07-18;2026-07-24;2026;7;3;PMO Julho 2026 - Revisão 3;43;NE;Nordeste;C.FURTADO;918.23
2026-07-18;2026-07-24;2026;7;3;PMO Julho 2026 - Revisão 3;98;NE;Nordeste;PERNAMBU_3;1007.85
2026-07-18;2026-07-24;2026;7;3;PMO Julho 2026 - Revisão 3;96;NE;Nordeste;TERMOPE;1120.1
2026-07-18;2026-07-24;2026;7;3;PMO Julho 2026 - Revisão 3;170;NE;Nordeste;SUAPE II;1194.47
2026-07-18;2026-07-24;2026;7;3;PMO Julho 2026 - Revisão 3;53;NE;Nordeste;GLOBAL I;1460.75
2026-07-18;2026-07-24;2026;7;3;PMO Julho 2026 - Revisão 3;55;NE;Nordeste;GLOBAL II;1460.75
2026-07-18;2026-07-24;2026;7;3;PMO Julho 2026 - Revisão 3;69;NE;Nordeste;TERMOPB;1598.66
2026-07-18;2026-07-24;2026;7;3;PMO Julho 2026 - Revisão 3;67;NE;Nordeste;TERMONE;1598.66
2026-07-18;2026-07-24;2026;7;3;PMO Julho 2026 - Revisão 3;152;NE;Nordeste;TERMOCABO;1711.0
2026-07-18;2026-07-24;2026;7;3;PMO Julho 2026 - Revisão 3;58;NE;Nordeste;TERMOCEARA;2451.29
2026-07-18;2026-07-24;2026;7;3;PMO Julho 2026 - Revisão 3;161;NE;Nordeste;POTIGUAR_3;2545.52
2026-07-18;2026-07-24;2026;7;3;PMO Julho 2026 - Revisão 3;151;NE;Nordeste;POTIGUAR;2545.52
2026-07-18;2026-07-24;2026;7;3;PMO Julho 2026 - Revisão 3;235;NE;Nordeste;C.MURICY 2;3311.79
2026-07-18;2026-07-24;2026;7;3;PMO Julho 2026 - Revisão 3;162;NE;Nordeste;PECEM 2;3346.68
2026-07-18;2026-07-24;2026;7;3;PMO Julho 2026 - Revisão 3;254;S;Sul;B.BONITA I;0.0
2026-07-18;2026-07-24;2026;7;3;PMO Julho 2026 - Revisão 3;107;S;Sul;PAMPA SUL;105.94
2026-07-18;2026-07-24;2026;7;3;PMO Julho 2026 - Revisão 3;149;S;Sul;SAO SEPE;118.84
2026-07-18;2026-07-24;2026;7;3;PMO Julho 2026 - Revisão 3;24;S;Sul;J.LACER. C;347.2
2026-07-18;2026-07-24;2026;7;3;PMO Julho 2026 - Revisão 3;25;S;Sul;J.LACER. B;406.71
2026-07-18;2026-07-24;2026;7;3;PMO Julho 2026 - Revisão 3;27;S;Sul;J.LAC. A2;416.39
2026-07-18;2026-07-24;2026;7;3;PMO Julho 2026 - Revisão 3;156;S;Sul;CANDIOTA_3;427.94
2026-07-18;2026-07-24;2026;7;3;PMO Julho 2026 - Revisão 3;26;S;Sul;J.LAC. A1;518.91
2026-07-18;2026-07-24;2026;7;3;PMO Julho 2026 - Revisão 3;48;S;Sul;ARAUCARIA;780.0
2026-07-18;2026-07-24;2026;7;3;PMO Julho 2026 - Revisão 3;64;S;Sul;S.TIARAJU;1419.04
2026-07-18;2026-07-24;2026;7;3;PMO Julho 2026 - Revisão 3;35;S;Sul;URUGUAIANA;1767.81
2026-07-18;2026-07-24;2026;7;3;PMO Julho 2026 - Revisão 3;383;SE;Sudeste/Centro-Oeste;ATLANTICO;0.0
2026-07-18;2026-07-24;2026;7;3;PMO Julho 2026 - Revisão 3;182;SE;Sudeste/Centro-Oeste;PALMEIR_GO;0.0
2026-07-18;2026-07-24;2026;7;3;PMO Julho 2026 - Revisão 3;715;SE;Sudeste/Centro-Oeste;LORM_4LC;0.0
2026-07-18;2026-07-24;2026;7;3;PMO Julho 2026 - Revisão 3;248;SE;Sudeste/Centro-Oeste;MPPAULINIA;0.0
2026-07-18;2026-07-24;2026;7;3;PMO Julho 2026 - Revisão 3;786;SE;Sudeste/Centro-Oeste;SCRUZ_4LC;0.0
2026-07-18;2026-07-24;2026;7;3;PMO Julho 2026 - Revisão 3;68;SE;Sudeste/Centro-Oeste;TRES LAGOA;0.0
2026-07-18;2026-07-24;2026;7;3;PMO Julho 2026 - Revisão 3;153;SE;Sudeste/Centro-Oeste;DAIA;0.0
2026-07-18;2026-07-24;2026;7;3;PMO Julho 2026 - Revisão 3;194;SE;Sudeste/Centro-Oeste;TNORTE 2;0.0
2026-07-18;2026-07-24;2026;7;3;PMO Julho 2026 - Revisão 3;108;SE;Sudeste/Centro-Oeste;XAVANTES;0.0
2026-07-18;2026-07-24;2026;7;3;PMO Julho 2026 - Revisão 3;434;SE;Sudeste/Centro-Oeste;W.ARJONA O;0.0
2026-07-18;2026-07-24;2026;7;3;PMO Julho 2026 - Revisão 3;13;SE;Sudeste/Centro-Oeste;ANGRA 2;20.12
2026-07-18;2026-07-24;2026;7;3;PMO Julho 2026 - Revisão 3;1;SE;Sudeste/Centro-Oeste;ANGRA 1;31.17
2026-07-18;2026-07-24;2026;7;3;PMO Julho 2026 - Revisão 3;229;SE;Sudeste/Centro-Oeste;O.PINTADA;152.33
2026-07-18;2026-07-24;2026;7;3;PMO Julho 2026 - Revisão 3;236;SE;Sudeste/Centro-Oeste;M.AZUL;164.34
2026-07-18;2026-07-24;2026;7;3;PMO Julho 2026 - Revisão 3;146;SE;Sudeste/Centro-Oeste;UTE STA VI;164.56
2026-07-18;2026-07-24;2026;7;3;PMO Julho 2026 - Revisão 3;211;SE;Sudeste/Centro-Oeste;BAIXADA FL;208.97
2026-07-18;2026-07-24;2026;7;3;PMO Julho 2026 - Revisão 3;86;SE;Sudeste/Centro-Oeste;SANTA CRUZ;212.61
2026-07-18;2026-07-24;2026;7;3;PMO Julho 2026 - Revisão 3;4;SE;Sudeste/Centro-Oeste;ST.CRUZ 34;310.41
2026-07-18;2026-07-24;2026;7;3;PMO Julho 2026 - Revisão 3;137;SE;Sudeste/Centro-Oeste;UTE GNA I;403.2
2026-07-18;2026-07-24;2026;7;3;PMO Julho 2026 - Revisão 3;97;SE;Sudeste/Centro-Oeste;CUBATAO;551.17
2026-07-18;2026-07-24;2026;7;3;PMO Julho 2026 - Revisão 3;238;SE;Sudeste/Centro-Oeste;UTE GNA II;717.47
2026-07-18;2026-07-24;2026;7;3;PMO Julho 2026 - Revisão 3;251;SE;Sudeste/Centro-Oeste;POVOACAO I;902.52
2026-07-18;2026-07-24;2026;7;3;PMO Julho 2026 - Revisão 3;253;SE;Sudeste/Centro-Oeste;VIANA I;968.73
2026-07-18;2026-07-24;2026;7;3;PMO Julho 2026 - Revisão 3;60;SE;Sudeste/Centro-Oeste;NORTEFLU;1259.37
2026-07-18;2026-07-24;2026;7;3;PMO Julho 2026 - Revisão 3;49;SE;Sudeste/Centro-Oeste;VIANA;1315.76
2026-07-18;2026-07-24;2026;7;3;PMO Julho 2026 - Revisão 3;334;SE;Sudeste/Centro-Oeste;W.ARJONA;1342.96
2026-07-18;2026-07-24;2026;7;3;PMO Julho 2026 - Revisão 3;63;SE;Sudeste/Centro-Oeste;AUR.CHAVES;1343.49
2026-07-18;2026-07-24;2026;7;3;PMO Julho 2026 - Revisão 3;12;SE;Sudeste/Centro-Oeste;CUIABA CC;1348.75
2026-07-18;2026-07-24;2026;7;3;PMO Julho 2026 - Revisão 3;47;SE;Sudeste/Centro-Oeste;TERMORIO;1350.21
2026-07-18;2026-07-24;2026;7;3;PMO Julho 2026 - Revisão 3;15;SE;Sudeste/Centro-Oeste;LUIZORMELO;1355.6
2026-07-18;2026-07-24;2026;7;3;PMO Julho 2026 - Revisão 3;15;SE;Sudeste/Centro-Oeste;LUIZORMELO;1355.6
2026-07-18;2026-07-24;2026;7;3;PMO Julho 2026 - Revisão 3;54;SE;Sudeste/Centro-Oeste;JUIZ DE FO;1418.03
2026-07-18;2026-07-24;2026;7;3;PMO Julho 2026 - Revisão 3;62;SE;Sudeste/Centro-Oeste;SEROPEDICA;1435.8
2026-07-18;2026-07-24;2026;7;3;PMO Julho 2026 - Revisão 3;90;SE;Sudeste/Centro-Oeste;M.LAGO;1436.88
2026-07-18;2026-07-24;2026;7;3;PMO Julho 2026 - Revisão 3;110;SE;Sudeste/Centro-Oeste;FGASPARIAN;1710.32
2026-07-18;2026-07-24;2026;7;3;PMO Julho 2026 - Revisão 3;246;SE;Sudeste/Centro-Oeste;KARKEY 019;2276.93
2026-07-18;2026-07-24;2026;7;3;PMO Julho 2026 - Revisão 3;249;SE;Sudeste/Centro-Oeste;PORSUD I;2282.7
2026-07-18;2026-07-24;2026;7;3;PMO Julho 2026 - Revisão 3;245;SE;Sudeste/Centro-Oeste;KARKEY 013;2298.74
2026-07-18;2026-07-24;2026;7;3;PMO Julho 2026 - Revisão 3;250;SE;Sudeste/Centro-Oeste;PORSUD II;2320.09
2026-07-25;2026-07-31;2026;7;4;PMO Julho 2026 - Revisão 4;240;N;Norte;BARCARENA;0.0
2026-07-25;2026-07-31;2026;7;4;PMO Julho 2026 - Revisão 4;204;N;Norte;JARAQUI;108.44
2026-07-25;2026-07-31;2026;7;4;PMO Julho 2026 - Revisão 4;209;N;Norte;TAMBAQUI;108.44
2026-07-25;2026-07-31;2026;7;4;PMO Julho 2026 - Revisão 4;207;N;Norte;PONTA NEGR;108.44
2026-07-25;2026-07-31;2026;7;4;PMO Julho 2026 - Revisão 4;140;N;Norte;UTE MAUA 3;108.44
2026-07-25;2026-07-31;2026;7;4;PMO Julho 2026 - Revisão 4;205;N;Norte;MANAUARA;108.44
2026-07-25;2026-07-31;2026;7;4;PMO Julho 2026 - Revisão 4;203;N;Norte;C. ROCHA;108.44
2026-07-25;2026-07-31;2026;7;4;PMO Julho 2026 - Revisão 4;201;N;Norte;APARECIDA;108.44
2026-07-25;2026-07-31;2026;7;4;PMO Julho 2026 - Revisão 4;212;N;Norte;MARANHAO3;116.1
2026-07-25;2026-07-31;2026;7;4;PMO Julho 2026 - Revisão 4;21;N;Norte;MARANHAO V;197.52
2026-07-25;2026-07-31;2026;7;4;PMO Julho 2026 - Revisão 4;36;N;Norte;MARANHAOIV;197.52
2026-07-25;2026-07-31;2026;7;4;PMO Julho 2026 - Revisão 4;239;N;Norte;PARNAIBA_V;217.42
2026-07-25;2026-07-31;2026;7;4;PMO Julho 2026 - Revisão 4;326;N;Norte;JAGUATI II;289.25
2026-07-25;2026-07-31;2026;7;4;PMO Julho 2026 - Revisão 4;46;N;Norte;N.VENECIA2;308.35
2026-07-25;2026-07-31;2026;7;4;PMO Julho 2026 - Revisão 4;176;N;Norte;P. ITAQUI;367.55
2026-07-25;2026-07-31;2026;7;4;PMO Julho 2026 - Revisão 4;323;N;Norte;BONFIM;555.69
2026-07-25;2026-07-31;2026;7;4;PMO Julho 2026 - Revisão 4;324;N;Norte;CANTA;555.69
2026-07-25;2026-07-31;2026;7;4;PMO Julho 2026 - Revisão 4;330;N;Norte;SANTA LUZ;555.69
2026-07-25;2026-07-31;2026;7;4;PMO Julho 2026 - Revisão 4;329;N;Norte;PAU RAINHA;555.69
2026-07-25;2026-07-31;2026;7;4;PMO Julho 2026 - Revisão 4;322;N;Norte;BBF BALIZA;876.44
2026-07-25;2026-07-31;2026;7;4;PMO Julho 2026 - Revisão 4;116;N;Norte;PARNAIB_IV;1192.61
2026-07-25;2026-07-31;2026;7;4;PMO Julho 2026 - Revisão 4;73;N;Norte;GERAMAR1;1200.28
2026-07-25;2026-07-31;2026;7;4;PMO Julho 2026 - Revisão 4;70;N;Norte;GERAMAR2;1200.28
2026-07-25;2026-07-31;2026;7;4;PMO Julho 2026 - Revisão 4;328;N;Norte;PALMAPLAN;1528.68
2026-07-25;2026-07-31;2026;7;4;PMO Julho 2026 - Revisão 4;327;N;Norte;M.C.SUCUBA;2016.16
2026-07-25;2026-07-31;2026;7;4;PMO Julho 2026 - Revisão 4;144;NE;Nordeste;PETROLINA;0.0
2026-07-25;2026-07-31;2026;7;4;PMO Julho 2026 - Revisão 4;57;NE;Nordeste;MARACANAU;0.0
2026-07-25;2026-07-31;2026;7;4;PMO Julho 2026 - Revisão 4;52;NE;Nordeste;CAMPINA_GR;0.0
2026-07-25;2026-07-31;2026;7;4;PMO Julho 2026 - Revisão 4;106;NE;Nordeste;ERB CANDEI;118.93
2026-07-25;2026-07-31;2026;7;4;PMO Julho 2026 - Revisão 4;147;NE;Nordeste;PROSPERIDA;224.31
2026-07-25;2026-07-31;2026;7;4;PMO Julho 2026 - Revisão 4;223;NE;Nordeste;PROSP_III;228.55
2026-07-25;2026-07-31;2026;7;4;PMO Julho 2026 - Revisão 4;167;NE;Nordeste;P.PECEM1;368.43
2026-07-25;2026-07-31;2026;7;4;PMO Julho 2026 - Revisão 4;224;NE;Nordeste;PSERGIPE I;371.7
2026-07-25;2026-07-31;2026;7;4;PMO Julho 2026 - Revisão 4;163;NE;Nordeste;P.PECEM2;375.96
2026-07-25;2026-07-31;2026;7;4;PMO Julho 2026 - Revisão 4;241;NE;Nordeste;PROSP_II;411.14
2026-07-25;2026-07-31;2026;7;4;PMO Julho 2026 - Revisão 4;83;NE;Nordeste;JS_PEREIRA;450.86
2026-07-25;2026-07-31;2026;7;4;PMO Julho 2026 - Revisão 4;43;NE;Nordeste;C.FURTADO;918.23
2026-07-25;2026-07-31;2026;7;4;PMO Julho 2026 - Revisão 4;98;NE;Nordeste;PERNAMBU_3;1007.85
2026-07-25;2026-07-31;2026;7;4;PMO Julho 2026 - Revisão 4;96;NE;Nordeste;TERMOPE;1120.1
2026-07-25;2026-07-31;2026;7;4;PMO Julho 2026 - Revisão 4;170;NE;Nordeste;SUAPE II;1194.47
2026-07-25;2026-07-31;2026;7;4;PMO Julho 2026 - Revisão 4;53;NE;Nordeste;GLOBAL I;1460.75
2026-07-25;2026-07-31;2026;7;4;PMO Julho 2026 - Revisão 4;55;NE;Nordeste;GLOBAL II;1460.75
2026-07-25;2026-07-31;2026;7;4;PMO Julho 2026 - Revisão 4;69;NE;Nordeste;TERMOPB;1598.66
2026-07-25;2026-07-31;2026;7;4;PMO Julho 2026 - Revisão 4;67;NE;Nordeste;TERMONE;1598.66
2026-07-25;2026-07-31;2026;7;4;PMO Julho 2026 - Revisão 4;152;NE;Nordeste;TERMOCABO;1711.0
2026-07-25;2026-07-31;2026;7;4;PMO Julho 2026 - Revisão 4;58;NE;Nordeste;TERMOCEARA;2451.29
2026-07-25;2026-07-31;2026;7;4;PMO Julho 2026 - Revisão 4;151;NE;Nordeste;POTIGUAR;2545.52
2026-07-25;2026-07-31;2026;7;4;PMO Julho 2026 - Revisão 4;161;NE;Nordeste;POTIGUAR_3;2545.52
2026-07-25;2026-07-31;2026;7;4;PMO Julho 2026 - Revisão 4;235;NE;Nordeste;C.MURICY 2;3311.79
2026-07-25;2026-07-31;2026;7;4;PMO Julho 2026 - Revisão 4;162;NE;Nordeste;PECEM 2;3346.68
2026-07-25;2026-07-31;2026;7;4;PMO Julho 2026 - Revisão 4;254;S;Sul;B.BONITA I;0.0
2026-07-25;2026-07-31;2026;7;4;PMO Julho 2026 - Revisão 4;107;S;Sul;PAMPA SUL;105.94
2026-07-25;2026-07-31;2026;7;4;PMO Julho 2026 - Revisão 4;149;S;Sul;SAO SEPE;118.84
2026-07-25;2026-07-31;2026;7;4;PMO Julho 2026 - Revisão 4;24;S;Sul;J.LACER. C;347.2
2026-07-25;2026-07-31;2026;7;4;PMO Julho 2026 - Revisão 4;25;S;Sul;J.LACER. B;406.71
2026-07-25;2026-07-31;2026;7;4;PMO Julho 2026 - Revisão 4;27;S;Sul;J.LAC. A2;416.39
2026-07-25;2026-07-31;2026;7;4;PMO Julho 2026 - Revisão 4;156;S;Sul;CANDIOTA_3;427.94
2026-07-25;2026-07-31;2026;7;4;PMO Julho 2026 - Revisão 4;26;S;Sul;J.LAC. A1;518.91
2026-07-25;2026-07-31;2026;7;4;PMO Julho 2026 - Revisão 4;48;S;Sul;ARAUCARIA;780.0
2026-07-25;2026-07-31;2026;7;4;PMO Julho 2026 - Revisão 4;64;S;Sul;S.TIARAJU;1419.04
2026-07-25;2026-07-31;2026;7;4;PMO Julho 2026 - Revisão 4;35;S;Sul;URUGUAIANA;1767.81
2026-07-25;2026-07-31;2026;7;4;PMO Julho 2026 - Revisão 4;182;SE;Sudeste/Centro-Oeste;PALMEIR_GO;0.0
2026-07-25;2026-07-31;2026;7;4;PMO Julho 2026 - Revisão 4;715;SE;Sudeste/Centro-Oeste;LORM_4LC;0.0
2026-07-25;2026-07-31;2026;7;4;PMO Julho 2026 - Revisão 4;248;SE;Sudeste/Centro-Oeste;MPPAULINIA;0.0
2026-07-25;2026-07-31;2026;7;4;PMO Julho 2026 - Revisão 4;153;SE;Sudeste/Centro-Oeste;DAIA;0.0
2026-07-25;2026-07-31;2026;7;4;PMO Julho 2026 - Revisão 4;383;SE;Sudeste/Centro-Oeste;ATLANTICO;0.0
2026-07-25;2026-07-31;2026;7;4;PMO Julho 2026 - Revisão 4;434;SE;Sudeste/Centro-Oeste;W.ARJONA O;0.0
2026-07-25;2026-07-31;2026;7;4;PMO Julho 2026 - Revisão 4;194;SE;Sudeste/Centro-Oeste;TNORTE 2;0.0
2026-07-25;2026-07-31;2026;7;4;PMO Julho 2026 - Revisão 4;786;SE;Sudeste/Centro-Oeste;SCRUZ_4LC;0.0
2026-07-25;2026-07-31;2026;7;4;PMO Julho 2026 - Revisão 4;108;SE;Sudeste/Centro-Oeste;XAVANTES;0.0
2026-07-25;2026-07-31;2026;7;4;PMO Julho 2026 - Revisão 4;13;SE;Sudeste/Centro-Oeste;ANGRA 2;20.12
2026-07-25;2026-07-31;2026;7;4;PMO Julho 2026 - Revisão 4;1;SE;Sudeste/Centro-Oeste;ANGRA 1;31.17
2026-07-25;2026-07-31;2026;7;4;PMO Julho 2026 - Revisão 4;229;SE;Sudeste/Centro-Oeste;O.PINTADA;152.33
2026-07-25;2026-07-31;2026;7;4;PMO Julho 2026 - Revisão 4;236;SE;Sudeste/Centro-Oeste;M.AZUL;164.34
2026-07-25;2026-07-31;2026;7;4;PMO Julho 2026 - Revisão 4;146;SE;Sudeste/Centro-Oeste;UTE STA VI;164.56
2026-07-25;2026-07-31;2026;7;4;PMO Julho 2026 - Revisão 4;211;SE;Sudeste/Centro-Oeste;BAIXADA FL;208.97
2026-07-25;2026-07-31;2026;7;4;PMO Julho 2026 - Revisão 4;86;SE;Sudeste/Centro-Oeste;SANTA CRUZ;212.61
2026-07-25;2026-07-31;2026;7;4;PMO Julho 2026 - Revisão 4;4;SE;Sudeste/Centro-Oeste;ST.CRUZ 34;310.41
2026-07-25;2026-07-31;2026;7;4;PMO Julho 2026 - Revisão 4;137;SE;Sudeste/Centro-Oeste;UTE GNA I;403.2
2026-07-25;2026-07-31;2026;7;4;PMO Julho 2026 - Revisão 4;97;SE;Sudeste/Centro-Oeste;CUBATAO;551.17
2026-07-25;2026-07-31;2026;7;4;PMO Julho 2026 - Revisão 4;238;SE;Sudeste/Centro-Oeste;UTE GNA II;717.47
2026-07-25;2026-07-31;2026;7;4;PMO Julho 2026 - Revisão 4;251;SE;Sudeste/Centro-Oeste;POVOACAO I;902.52
2026-07-25;2026-07-31;2026;7;4;PMO Julho 2026 - Revisão 4;253;SE;Sudeste/Centro-Oeste;VIANA I;968.73
2026-07-25;2026-07-31;2026;7;4;PMO Julho 2026 - Revisão 4;68;SE;Sudeste/Centro-Oeste;TRES LAGOA;1248.48
2026-07-25;2026-07-31;2026;7;4;PMO Julho 2026 - Revisão 4;60;SE;Sudeste/Centro-Oeste;NORTEFLU;1259.37
2026-07-25;2026-07-31;2026;7;4;PMO Julho 2026 - Revisão 4;49;SE;Sudeste/Centro-Oeste;VIANA;1315.76
2026-07-25;2026-07-31;2026;7;4;PMO Julho 2026 - Revisão 4;334;SE;Sudeste/Centro-Oeste;W.ARJONA;1342.96
2026-07-25;2026-07-31;2026;7;4;PMO Julho 2026 - Revisão 4;63;SE;Sudeste/Centro-Oeste;AUR.CHAVES;1343.49
2026-07-25;2026-07-31;2026;7;4;PMO Julho 2026 - Revisão 4;12;SE;Sudeste/Centro-Oeste;CUIABA CC;1348.75
2026-07-25;2026-07-31;2026;7;4;PMO Julho 2026 - Revisão 4;47;SE;Sudeste/Centro-Oeste;TERMORIO;1350.21
2026-07-25;2026-07-31;2026;7;4;PMO Julho 2026 - Revisão 4;15;SE;Sudeste/Centro-Oeste;LUIZORMELO;1355.6
2026-07-25;2026-07-31;2026;7;4;PMO Julho 2026 - Revisão 4;15;SE;Sudeste/Centro-Oeste;LUIZORMELO;1355.6
2026-07-25;2026-07-31;2026;7;4;PMO Julho 2026 - Revisão 4;54;SE;Sudeste/Centro-Oeste;JUIZ DE FO;1418.03
2026-07-25;2026-07-31;2026;7;4;PMO Julho 2026 - Revisão 4;62;SE;Sudeste/Centro-Oeste;SEROPEDICA;1435.8
2026-07-25;2026-07-31;2026;7;4;PMO Julho 2026 - Revisão 4;90;SE;Sudeste/Centro-Oeste;M.LAGO;1436.88
2026-07-25;2026-07-31;2026;7;4;PMO Julho 2026 - Revisão 4;110;SE;Sudeste/Centro-Oeste;FGASPARIAN;1710.32
2026-07-25;2026-07-31;2026;7;4;PMO Julho 2026 - Revisão 4;246;SE;Sudeste/Centro-Oeste;KARKEY 019;2276.93
2026-07-25;2026-07-31;2026;7;4;PMO Julho 2026 - Revisão 4;249;SE;Sudeste/Centro-Oeste;PORSUD I;2282.7
2026-07-25;2026-07-31;2026;7;4;PMO Julho 2026 - Revisão 4;245;SE;Sudeste/Centro-Oeste;KARKEY 013;2298.74
2026-07-25;2026-07-31;2026;7;4;PMO Julho 2026 - Revisão 4;250;SE;Sudeste/Centro-Oeste;PORSUD II;2320.09
2026-08-01;2026-08-07;2026;8;0;PMO Agosto 2026;260;N;Norte;AZULAO;0.0
2026-08-01;2026-08-07;2026;8;0;PMO Agosto 2026;240;N;Norte;BARCARENA;0.0
2026-08-01;2026-08-07;2026;8;0;PMO Agosto 2026;204;N;Norte;JARAQUI;108.44
2026-08-01;2026-08-07;2026;8;0;PMO Agosto 2026;209;N;Norte;TAMBAQUI;108.44
2026-08-01;2026-08-07;2026;8;0;PMO Agosto 2026;201;N;Norte;APARECIDA;108.44
2026-08-01;2026-08-07;2026;8;0;PMO Agosto 2026;203;N;Norte;C. ROCHA;108.44
2026-08-01;2026-08-07;2026;8;0;PMO Agosto 2026;205;N;Norte;MANAUARA;108.44
2026-08-01;2026-08-07;2026;8;0;PMO Agosto 2026;140;N;Norte;UTE MAUA 3;108.44
2026-08-01;2026-08-07;2026;8;0;PMO Agosto 2026;207;N;Norte;PONTA NEGR;108.44
2026-08-01;2026-08-07;2026;8;0;PMO Agosto 2026;212;N;Norte;MARANHAO3;116.1
2026-08-01;2026-08-07;2026;8;0;PMO Agosto 2026;21;N;Norte;MARANHAO V;197.52
2026-08-01;2026-08-07;2026;8;0;PMO Agosto 2026;36;N;Norte;MARANHAOIV;197.52
2026-08-01;2026-08-07;2026;8;0;PMO Agosto 2026;239;N;Norte;PARNAIBA_V;217.42
2026-08-01;2026-08-07;2026;8;0;PMO Agosto 2026;326;N;Norte;JAGUATI II;289.25
2026-08-01;2026-08-07;2026;8;0;PMO Agosto 2026;46;N;Norte;N.VENECIA2;308.35
2026-08-01;2026-08-07;2026;8;0;PMO Agosto 2026;176;N;Norte;P. ITAQUI;367.55
2026-08-01;2026-08-07;2026;8;0;PMO Agosto 2026;329;N;Norte;PAU RAINHA;581.48
2026-08-01;2026-08-07;2026;8;0;PMO Agosto 2026;324;N;Norte;CANTA;581.48
2026-08-01;2026-08-07;2026;8;0;PMO Agosto 2026;323;N;Norte;BONFIM;581.48
2026-08-01;2026-08-07;2026;8;0;PMO Agosto 2026;330;N;Norte;SANTA LUZ;581.48
2026-08-01;2026-08-07;2026;8;0;PMO Agosto 2026;322;N;Norte;BBF BALIZA;917.12
2026-08-01;2026-08-07;2026;8;0;PMO Agosto 2026;116;N;Norte;PARNAIB_IV;1192.61
2026-08-01;2026-08-07;2026;8;0;PMO Agosto 2026;73;N;Norte;GERAMAR1;1200.28
2026-08-01;2026-08-07;2026;8;0;PMO Agosto 2026;70;N;Norte;GERAMAR2;1200.28
2026-08-01;2026-08-07;2026;8;0;PMO Agosto 2026;328;N;Norte;PALMAPLAN;1567.98
2026-08-01;2026-08-07;2026;8;0;PMO Agosto 2026;327;N;Norte;M.C.SUCUBA;2033.72
2026-08-01;2026-08-07;2026;8;0;PMO Agosto 2026;52;NE;Nordeste;CAMPINA_GR;0.0
2026-08-01;2026-08-07;2026;8;0;PMO Agosto 2026;57;NE;Nordeste;MARACANAU;0.0
2026-08-01;2026-08-07;2026;8;0;PMO Agosto 2026;106;NE;Nordeste;ERB CANDEI;118.93
2026-08-01;2026-08-07;2026;8;0;PMO Agosto 2026;147;NE;Nordeste;PROSPERIDA;224.31
2026-08-01;2026-08-07;2026;8;0;PMO Agosto 2026;223;NE;Nordeste;PROSP_III;228.55
2026-08-01;2026-08-07;2026;8;0;PMO Agosto 2026;167;NE;Nordeste;P.PECEM1;368.43
2026-08-01;2026-08-07;2026;8;0;PMO Agosto 2026;224;NE;Nordeste;PSERGIPE I;371.7
2026-08-01;2026-08-07;2026;8;0;PMO Agosto 2026;163;NE;Nordeste;P.PECEM2;375.96
2026-08-01;2026-08-07;2026;8;0;PMO Agosto 2026;241;NE;Nordeste;PROSP_II;411.14
2026-08-01;2026-08-07;2026;8;0;PMO Agosto 2026;83;NE;Nordeste;JS_PEREIRA;450.86
2026-08-01;2026-08-07;2026;8;0;PMO Agosto 2026;98;NE;Nordeste;PERNAMBU_3;1007.85
2026-08-01;2026-08-07;2026;8;0;PMO Agosto 2026;96;NE;Nordeste;TERMOPE;1120.1
2026-08-01;2026-08-07;2026;8;0;PMO Agosto 2026;170;NE;Nordeste;SUAPE II;1194.47
2026-08-01;2026-08-07;2026;8;0;PMO Agosto 2026;43;NE;Nordeste;C.FURTADO;1424.06
2026-08-01;2026-08-07;2026;8;0;PMO Agosto 2026;53;NE;Nordeste;GLOBAL I;1460.75
2026-08-01;2026-08-07;2026;8;0;PMO Agosto 2026;55;NE;Nordeste;GLOBAL II;1460.75
2026-08-01;2026-08-07;2026;8;0;PMO Agosto 2026;69;NE;Nordeste;TERMOPB;1598.66
2026-08-01;2026-08-07;2026;8;0;PMO Agosto 2026;67;NE;Nordeste;TERMONE;1598.66
2026-08-01;2026-08-07;2026;8;0;PMO Agosto 2026;152;NE;Nordeste;TERMOCABO;1711.0
2026-08-01;2026-08-07;2026;8;0;PMO Agosto 2026;144;NE;Nordeste;PETROLINA;2055.24
2026-08-01;2026-08-07;2026;8;0;PMO Agosto 2026;58;NE;Nordeste;TERMOCEARA;2451.29
2026-08-01;2026-08-07;2026;8;0;PMO Agosto 2026;151;NE;Nordeste;POTIGUAR;2545.52
2026-08-01;2026-08-07;2026;8;0;PMO Agosto 2026;161;NE;Nordeste;POTIGUAR_3;2545.52
2026-08-01;2026-08-07;2026;8;0;PMO Agosto 2026;235;NE;Nordeste;C.MURICY 2;3311.79
2026-08-01;2026-08-07;2026;8;0;PMO Agosto 2026;162;NE;Nordeste;PECEM 2;3346.68
2026-08-01;2026-08-07;2026;8;0;PMO Agosto 2026;254;S;Sul;B.BONITA I;0.0
2026-08-01;2026-08-07;2026;8;0;PMO Agosto 2026;107;S;Sul;PAMPA SUL;105.94
2026-08-01;2026-08-07;2026;8;0;PMO Agosto 2026;149;S;Sul;SAO SEPE;118.84
2026-08-01;2026-08-07;2026;8;0;PMO Agosto 2026;24;S;Sul;J.LACER. C;347.2
2026-08-01;2026-08-07;2026;8;0;PMO Agosto 2026;25;S;Sul;J.LACER. B;406.71
2026-08-01;2026-08-07;2026;8;0;PMO Agosto 2026;27;S;Sul;J.LAC. A2;416.39
2026-08-01;2026-08-07;2026;8;0;PMO Agosto 2026;156;S;Sul;CANDIOTA_3;427.95
2026-08-01;2026-08-07;2026;8;0;PMO Agosto 2026;26;S;Sul;J.LAC. A1;518.9
2026-08-01;2026-08-07;2026;8;0;PMO Agosto 2026;48;S;Sul;ARAUCARIA;830.0
2026-08-01;2026-08-07;2026;8;0;PMO Agosto 2026;64;S;Sul;S.TIARAJU;1606.81
2026-08-01;2026-08-07;2026;8;0;PMO Agosto 2026;35;S;Sul;URUGUAIANA;1767.81
2026-08-01;2026-08-07;2026;8;0;PMO Agosto 2026;182;SE;Sudeste/Centro-Oeste;PALMEIR_GO;0.0
2026-08-01;2026-08-07;2026;8;0;PMO Agosto 2026;153;SE;Sudeste/Centro-Oeste;DAIA;0.0
2026-08-01;2026-08-07;2026;8;0;PMO Agosto 2026;194;SE;Sudeste/Centro-Oeste;TNORTE 2;0.0
2026-08-01;2026-08-07;2026;8;0;PMO Agosto 2026;434;SE;Sudeste/Centro-Oeste;W.ARJONA O;0.0
2026-08-01;2026-08-07;2026;8;0;PMO Agosto 2026;383;SE;Sudeste/Centro-Oeste;ATLANTICO;0.0
2026-08-01;2026-08-07;2026;8;0;PMO Agosto 2026;13;SE;Sudeste/Centro-Oeste;ANGRA 2;20.12
2026-08-01;2026-08-07;2026;8;0;PMO Agosto 2026;1;SE;Sudeste/Centro-Oeste;ANGRA 1;31.17
2026-08-01;2026-08-07;2026;8;0;PMO Agosto 2026;229;SE;Sudeste/Centro-Oeste;O.PINTADA;152.33
2026-08-01;2026-08-07;2026;8;0;PMO Agosto 2026;236;SE;Sudeste/Centro-Oeste;M.AZUL;164.34
2026-08-01;2026-08-07;2026;8;0;PMO Agosto 2026;146;SE;Sudeste/Centro-Oeste;UTE STA VI;164.56
2026-08-01;2026-08-07;2026;8;0;PMO Agosto 2026;211;SE;Sudeste/Centro-Oeste;BAIXADA FL;208.97
2026-08-01;2026-08-07;2026;8;0;PMO Agosto 2026;86;SE;Sudeste/Centro-Oeste;SANTA CRUZ;212.61
2026-08-01;2026-08-07;2026;8;0;PMO Agosto 2026;4;SE;Sudeste/Centro-Oeste;ST.CRUZ 34;310.41
2026-08-01;2026-08-07;2026;8;0;PMO Agosto 2026;137;SE;Sudeste/Centro-Oeste;UTE GNA I;403.2
2026-08-01;2026-08-07;2026;8;0;PMO Agosto 2026;97;SE;Sudeste/Centro-Oeste;CUBATAO;551.17
2026-08-01;2026-08-07;2026;8;0;PMO Agosto 2026;238;SE;Sudeste/Centro-Oeste;UTE GNA II;717.47
2026-08-01;2026-08-07;2026;8;0;PMO Agosto 2026;62;SE;Sudeste/Centro-Oeste;SEROPEDICA;1141.7
2026-08-01;2026-08-07;2026;8;0;PMO Agosto 2026;54;SE;Sudeste/Centro-Oeste;JUIZ DE FO;1206.68
2026-08-01;2026-08-07;2026;8;0;PMO Agosto 2026;68;SE;Sudeste/Centro-Oeste;TRES LAGOA;1248.48
2026-08-01;2026-08-07;2026;8;0;PMO Agosto 2026;253;SE;Sudeste/Centro-Oeste;VIANA I;1274.96
2026-08-01;2026-08-07;2026;8;0;PMO Agosto 2026;251;SE;Sudeste/Centro-Oeste;POVOACAO I;1275.68
2026-08-01;2026-08-07;2026;8;0;PMO Agosto 2026;715;SE;Sudeste/Centro-Oeste;LORM_4LC;1276.69
2026-08-01;2026-08-07;2026;8;0;PMO Agosto 2026;49;SE;Sudeste/Centro-Oeste;VIANA;1315.76
2026-08-01;2026-08-07;2026;8;0;PMO Agosto 2026;334;SE;Sudeste/Centro-Oeste;W.ARJONA;1342.96
2026-08-01;2026-08-07;2026;8;0;PMO Agosto 2026;63;SE;Sudeste/Centro-Oeste;AUR.CHAVES;1343.49
2026-08-01;2026-08-07;2026;8;0;PMO Agosto 2026;12;SE;Sudeste/Centro-Oeste;CUIABA CC;1348.75
2026-08-01;2026-08-07;2026;8;0;PMO Agosto 2026;47;SE;Sudeste/Centro-Oeste;TERMORIO;1350.21
2026-08-01;2026-08-07;2026;8;0;PMO Agosto 2026;15;SE;Sudeste/Centro-Oeste;LUIZORMELO;1355.6
2026-08-01;2026-08-07;2026;8;0;PMO Agosto 2026;15;SE;Sudeste/Centro-Oeste;LUIZORMELO;1355.6
2026-08-01;2026-08-07;2026;8;0;PMO Agosto 2026;110;SE;Sudeste/Centro-Oeste;FGASPARIAN;1423.47
2026-08-01;2026-08-07;2026;8;0;PMO Agosto 2026;786;SE;Sudeste/Centro-Oeste;SCRUZ_4LC;1425.95
2026-08-01;2026-08-07;2026;8;0;PMO Agosto 2026;90;SE;Sudeste/Centro-Oeste;M.LAGO;1436.88
2026-08-01;2026-08-07;2026;8;0;PMO Agosto 2026;60;SE;Sudeste/Centro-Oeste;NORTEFLU;1458.13
2026-08-01;2026-08-07;2026;8;0;PMO Agosto 2026;248;SE;Sudeste/Centro-Oeste;MPPAULINIA;1653.26
2026-08-01;2026-08-07;2026;8;0;PMO Agosto 2026;246;SE;Sudeste/Centro-Oeste;KARKEY 019;2276.93
2026-08-01;2026-08-07;2026;8;0;PMO Agosto 2026;249;SE;Sudeste/Centro-Oeste;PORSUD I;2282.7
2026-08-01;2026-08-07;2026;8;0;PMO Agosto 2026;245;SE;Sudeste/Centro-Oeste;KARKEY 013;2298.74
2026-08-01;2026-08-07;2026;8;0;PMO Agosto 2026;250;SE;Sudeste/Centro-Oeste;PORSUD II;2320.09
2026-08-01;2026-08-07;2026;8;0;PMO Agosto 2026;108;SE;Sudeste/Centro-Oeste;XAVANTES;2599.56
2026-08-08;2026-08-14;2026;8;1;PMO Agosto 2026 - Revisão 1;240;N;Norte;BARCARENA;0.0
2026-08-08;2026-08-14;2026;8;1;PMO Agosto 2026 - Revisão 1;205;N;Norte;MANAUARA;96.57
2026-08-08;2026-08-14;2026;8;1;PMO Agosto 2026 - Revisão 1;209;N;Norte;TAMBAQUI;96.57
2026-08-08;2026-08-14;2026;8;1;PMO Agosto 2026 - Revisão 1;207;N;Norte;PONTA NEGR;96.57
2026-08-08;2026-08-14;2026;8;1;PMO Agosto 2026 - Revisão 1;140;N;Norte;UTE MAUA 3;96.57
2026-08-08;2026-08-14;2026;8;1;PMO Agosto 2026 - Revisão 1;203;N;Norte;C. ROCHA;96.57
2026-08-08;2026-08-14;2026;8;1;PMO Agosto 2026 - Revisão 1;204;N;Norte;JARAQUI;96.57
2026-08-08;2026-08-14;2026;8;1;PMO Agosto 2026 - Revisão 1;201;N;Norte;APARECIDA;96.57
2026-08-08;2026-08-14;2026;8;1;PMO Agosto 2026 - Revisão 1;212;N;Norte;MARANHAO3;116.1
2026-08-08;2026-08-14;2026;8;1;PMO Agosto 2026 - Revisão 1;21;N;Norte;MARANHAO V;169.31
2026-08-08;2026-08-14;2026;8;1;PMO Agosto 2026 - Revisão 1;36;N;Norte;MARANHAOIV;169.31
2026-08-08;2026-08-14;2026;8;1;PMO Agosto 2026 - Revisão 1;239;N;Norte;PARNAIBA_V;216.84
2026-08-08;2026-08-14;2026;8;1;PMO Agosto 2026 - Revisão 1;326;N;Norte;JAGUATI II;289.25
2026-08-08;2026-08-14;2026;8;1;PMO Agosto 2026 - Revisão 1;46;N;Norte;N.VENECIA2;308.35
2026-08-08;2026-08-14;2026;8;1;PMO Agosto 2026 - Revisão 1;176;N;Norte;P. ITAQUI;352.4
2026-08-08;2026-08-14;2026;8;1;PMO Agosto 2026 - Revisão 1;323;N;Norte;BONFIM;581.48
2026-08-08;2026-08-14;2026;8;1;PMO Agosto 2026 - Revisão 1;324;N;Norte;CANTA;581.48
2026-08-08;2026-08-14;2026;8;1;PMO Agosto 2026 - Revisão 1;330;N;Norte;SANTA LUZ;581.48
2026-08-08;2026-08-14;2026;8;1;PMO Agosto 2026 - Revisão 1;329;N;Norte;PAU RAINHA;581.48
2026-08-08;2026-08-14;2026;8;1;PMO Agosto 2026 - Revisão 1;322;N;Norte;BBF BALIZA;917.12
2026-08-08;2026-08-14;2026;8;1;PMO Agosto 2026 - Revisão 1;73;N;Norte;GERAMAR1;1187.21
2026-08-08;2026-08-14;2026;8;1;PMO Agosto 2026 - Revisão 1;70;N;Norte;GERAMAR2;1187.21
2026-08-08;2026-08-14;2026;8;1;PMO Agosto 2026 - Revisão 1;116;N;Norte;PARNAIB_IV;1354.41
2026-08-08;2026-08-14;2026;8;1;PMO Agosto 2026 - Revisão 1;260;N;Norte;AZULAO;1434.85
2026-08-08;2026-08-14;2026;8;1;PMO Agosto 2026 - Revisão 1;328;N;Norte;PALMAPLAN;1567.98
2026-08-08;2026-08-14;2026;8;1;PMO Agosto 2026 - Revisão 1;327;N;Norte;M.C.SUCUBA;2033.72
2026-08-08;2026-08-14;2026;8;1;PMO Agosto 2026 - Revisão 1;52;NE;Nordeste;CAMPINA_GR;0.0
2026-08-08;2026-08-14;2026;8;1;PMO Agosto 2026 - Revisão 1;57;NE;Nordeste;MARACANAU;0.0
2026-08-08;2026-08-14;2026;8;1;PMO Agosto 2026 - Revisão 1;106;NE;Nordeste;ERB CANDEI;118.93
2026-08-08;2026-08-14;2026;8;1;PMO Agosto 2026 - Revisão 1;147;NE;Nordeste;PROSPERIDA;224.31
2026-08-08;2026-08-14;2026;8;1;PMO Agosto 2026 - Revisão 1;223;NE;Nordeste;PROSP_III;228.55
2026-08-08;2026-08-14;2026;8;1;PMO Agosto 2026 - Revisão 1;167;NE;Nordeste;P.PECEM1;352.34
2026-08-08;2026-08-14;2026;8;1;PMO Agosto 2026 - Revisão 1;163;NE;Nordeste;P.PECEM2;360.73
2026-08-08;2026-08-14;2026;8;1;PMO Agosto 2026 - Revisão 1;224;NE;Nordeste;PSERGIPE I;363.06
2026-08-08;2026-08-14;2026;8;1;PMO Agosto 2026 - Revisão 1;83;NE;Nordeste;JS_PEREIRA;450.86
2026-08-08;2026-08-14;2026;8;1;PMO Agosto 2026 - Revisão 1;241;NE;Nordeste;PROSP_II;463.41
2026-08-08;2026-08-14;2026;8;1;PMO Agosto 2026 - Revisão 1;98;NE;Nordeste;PERNAMBU_3;996.24
2026-08-08;2026-08-14;2026;8;1;PMO Agosto 2026 - Revisão 1;170;NE;Nordeste;SUAPE II;1180.61
2026-08-08;2026-08-14;2026;8;1;PMO Agosto 2026 - Revisão 1;96;NE;Nordeste;TERMOPE;1238.36
2026-08-08;2026-08-14;2026;8;1;PMO Agosto 2026 - Revisão 1;152;NE;Nordeste;TERMOCABO;1308.54
2026-08-08;2026-08-14;2026;8;1;PMO Agosto 2026 - Revisão 1;67;NE;Nordeste;TERMONE;1392.76
2026-08-08;2026-08-14;2026;8;1;PMO Agosto 2026 - Revisão 1;69;NE;Nordeste;TERMOPB;1392.76
2026-08-08;2026-08-14;2026;8;1;PMO Agosto 2026 - Revisão 1;53;NE;Nordeste;GLOBAL I;1445.26
2026-08-08;2026-08-14;2026;8;1;PMO Agosto 2026 - Revisão 1;55;NE;Nordeste;GLOBAL II;1445.26
2026-08-08;2026-08-14;2026;8;1;PMO Agosto 2026 - Revisão 1;43;NE;Nordeste;C.FURTADO;1497.72
2026-08-08;2026-08-14;2026;8;1;PMO Agosto 2026 - Revisão 1;144;NE;Nordeste;PETROLINA;2031.54
2026-08-08;2026-08-14;2026;8;1;PMO Agosto 2026 - Revisão 1;58;NE;Nordeste;TERMOCEARA;2443.42
2026-08-08;2026-08-14;2026;8;1;PMO Agosto 2026 - Revisão 1;161;NE;Nordeste;POTIGUAR_3;2903.11
2026-08-08;2026-08-14;2026;8;1;PMO Agosto 2026 - Revisão 1;151;NE;Nordeste;POTIGUAR;2903.11
2026-08-08;2026-08-14;2026;8;1;PMO Agosto 2026 - Revisão 1;235;NE;Nordeste;C.MURICY 2;3825.46
2026-08-08;2026-08-14;2026;8;1;PMO Agosto 2026 - Revisão 1;162;NE;Nordeste;PECEM 2;3865.92
2026-08-08;2026-08-14;2026;8;1;PMO Agosto 2026 - Revisão 1;254;S;Sul;B.BONITA I;0.0
2026-08-08;2026-08-14;2026;8;1;PMO Agosto 2026 - Revisão 1;107;S;Sul;PAMPA SUL;105.94
2026-08-08;2026-08-14;2026;8;1;PMO Agosto 2026 - Revisão 1;149;S;Sul;SAO SEPE;118.84
2026-08-08;2026-08-14;2026;8;1;PMO Agosto 2026 - Revisão 1;24;S;Sul;J.LACER. C;347.2
2026-08-08;2026-08-14;2026;8;1;PMO Agosto 2026 - Revisão 1;25;S;Sul;J.LACER. B;406.71
2026-08-08;2026-08-14;2026;8;1;PMO Agosto 2026 - Revisão 1;27;S;Sul;J.LAC. A2;416.39
2026-08-08;2026-08-14;2026;8;1;PMO Agosto 2026 - Revisão 1;156;S;Sul;CANDIOTA_3;427.95
2026-08-08;2026-08-14;2026;8;1;PMO Agosto 2026 - Revisão 1;26;S;Sul;J.LAC. A1;518.9
2026-08-08;2026-08-14;2026;8;1;PMO Agosto 2026 - Revisão 1;48;S;Sul;ARAUCARIA;830.0
2026-08-08;2026-08-14;2026;8;1;PMO Agosto 2026 - Revisão 1;35;S;Sul;URUGUAIANA;1734.7
2026-08-08;2026-08-14;2026;8;1;PMO Agosto 2026 - Revisão 1;64;S;Sul;S.TIARAJU;1842.3
2026-08-08;2026-08-14;2026;8;1;PMO Agosto 2026 - Revisão 1;383;SE;Sudeste/Centro-Oeste;ATLANTICO;0.0
2026-08-08;2026-08-14;2026;8;1;PMO Agosto 2026 - Revisão 1;182;SE;Sudeste/Centro-Oeste;PALMEIR_GO;0.0
2026-08-08;2026-08-14;2026;8;1;PMO Agosto 2026 - Revisão 1;434;SE;Sudeste/Centro-Oeste;W.ARJONA O;0.0
2026-08-08;2026-08-14;2026;8;1;PMO Agosto 2026 - Revisão 1;153;SE;Sudeste/Centro-Oeste;DAIA;0.0
2026-08-08;2026-08-14;2026;8;1;PMO Agosto 2026 - Revisão 1;194;SE;Sudeste/Centro-Oeste;TNORTE 2;0.0
2026-08-08;2026-08-14;2026;8;1;PMO Agosto 2026 - Revisão 1;13;SE;Sudeste/Centro-Oeste;ANGRA 2;20.12
2026-08-08;2026-08-14;2026;8;1;PMO Agosto 2026 - Revisão 1;1;SE;Sudeste/Centro-Oeste;ANGRA 1;31.17
2026-08-08;2026-08-14;2026;8;1;PMO Agosto 2026 - Revisão 1;229;SE;Sudeste/Centro-Oeste;O.PINTADA;152.33
2026-08-08;2026-08-14;2026;8;1;PMO Agosto 2026 - Revisão 1;236;SE;Sudeste/Centro-Oeste;M.AZUL;159.96
2026-08-08;2026-08-14;2026;8;1;PMO Agosto 2026 - Revisão 1;146;SE;Sudeste/Centro-Oeste;UTE STA VI;164.56
2026-08-08;2026-08-14;2026;8;1;PMO Agosto 2026 - Revisão 1;211;SE;Sudeste/Centro-Oeste;BAIXADA FL;177.97
2026-08-08;2026-08-14;2026;8;1;PMO Agosto 2026 - Revisão 1;86;SE;Sudeste/Centro-Oeste;SANTA CRUZ;181.34
2026-08-08;2026-08-14;2026;8;1;PMO Agosto 2026 - Revisão 1;4;SE;Sudeste/Centro-Oeste;ST.CRUZ 34;310.41
2026-08-08;2026-08-14;2026;8;1;PMO Agosto 2026 - Revisão 1;137;SE;Sudeste/Centro-Oeste;UTE GNA I;340.63
2026-08-08;2026-08-14;2026;8;1;PMO Agosto 2026 - Revisão 1;97;SE;Sudeste/Centro-Oeste;CUBATAO;629.06
2026-08-08;2026-08-14;2026;8;1;PMO Agosto 2026 - Revisão 1;238;SE;Sudeste/Centro-Oeste;UTE GNA II;818.83
2026-08-08;2026-08-14;2026;8;1;PMO Agosto 2026 - Revisão 1;62;SE;Sudeste/Centro-Oeste;SEROPEDICA;1287.71
2026-08-08;2026-08-14;2026;8;1;PMO Agosto 2026 - Revisão 1;49;SE;Sudeste/Centro-Oeste;VIANA;1300.95
2026-08-08;2026-08-14;2026;8;1;PMO Agosto 2026 - Revisão 1;54;SE;Sudeste/Centro-Oeste;JUIZ DE FO;1370.02
2026-08-08;2026-08-14;2026;8;1;PMO Agosto 2026 - Revisão 1;68;SE;Sudeste/Centro-Oeste;TRES LAGOA;1389.67
2026-08-08;2026-08-14;2026;8;1;PMO Agosto 2026 - Revisão 1;253;SE;Sudeste/Centro-Oeste;VIANA I;1418.97
2026-08-08;2026-08-14;2026;8;1;PMO Agosto 2026 - Revisão 1;251;SE;Sudeste/Centro-Oeste;POVOACAO I;1420.36
2026-08-08;2026-08-14;2026;8;1;PMO Agosto 2026 - Revisão 1;715;SE;Sudeste/Centro-Oeste;LORM_4LC;1422.3
2026-08-08;2026-08-14;2026;8;1;PMO Agosto 2026 - Revisão 1;60;SE;Sudeste/Centro-Oeste;NORTEFLU;1458.13
2026-08-08;2026-08-14;2026;8;1;PMO Agosto 2026 - Revisão 1;110;SE;Sudeste/Centro-Oeste;FGASPARIAN;1501.57
2026-08-08;2026-08-14;2026;8;1;PMO Agosto 2026 - Revisão 1;786;SE;Sudeste/Centro-Oeste;SCRUZ_4LC;1508.27
2026-08-08;2026-08-14;2026;8;1;PMO Agosto 2026 - Revisão 1;334;SE;Sudeste/Centro-Oeste;W.ARJONA;1530.31
2026-08-08;2026-08-14;2026;8;1;PMO Agosto 2026 - Revisão 1;63;SE;Sudeste/Centro-Oeste;AUR.CHAVES;1530.95
2026-08-08;2026-08-14;2026;8;1;PMO Agosto 2026 - Revisão 1;47;SE;Sudeste/Centro-Oeste;TERMORIO;1539.82
2026-08-08;2026-08-14;2026;8;1;PMO Agosto 2026 - Revisão 1;12;SE;Sudeste/Centro-Oeste;CUIABA CC;1544.28
2026-08-08;2026-08-14;2026;8;1;PMO Agosto 2026 - Revisão 1;15;SE;Sudeste/Centro-Oeste;LUIZORMELO;1547.91
2026-08-08;2026-08-14;2026;8;1;PMO Agosto 2026 - Revisão 1;15;SE;Sudeste/Centro-Oeste;LUIZORMELO;1547.91
2026-08-08;2026-08-14;2026;8;1;PMO Agosto 2026 - Revisão 1;90;SE;Sudeste/Centro-Oeste;M.LAGO;1604.82
2026-08-08;2026-08-14;2026;8;1;PMO Agosto 2026 - Revisão 1;248;SE;Sudeste/Centro-Oeste;MPPAULINIA;1841.45
2026-08-08;2026-08-14;2026;8;1;PMO Agosto 2026 - Revisão 1;246;SE;Sudeste/Centro-Oeste;KARKEY 019;2419.83
2026-08-08;2026-08-14;2026;8;1;PMO Agosto 2026 - Revisão 1;249;SE;Sudeste/Centro-Oeste;PORSUD I;2427.9
2026-08-08;2026-08-14;2026;8;1;PMO Agosto 2026 - Revisão 1;245;SE;Sudeste/Centro-Oeste;KARKEY 013;2442.64
2026-08-08;2026-08-14;2026;8;1;PMO Agosto 2026 - Revisão 1;250;SE;Sudeste/Centro-Oeste;PORSUD II;2464.97
2026-08-08;2026-08-14;2026;8;1;PMO Agosto 2026 - Revisão 1;108;SE;Sudeste/Centro-Oeste;XAVANTES;2997.95
2026-08-15;2026-08-21;2026;8;2;PMO Agosto 2026 - Revisão 2;240;N;Norte;BARCARENA;0.0
2026-08-15;2026-08-21;2026;8;2;PMO Agosto 2026 - Revisão 2;207;N;Norte;PONTA NEGR;96.57
2026-08-15;2026-08-21;2026;8;2;PMO Agosto 2026 - Revisão 2;140;N;Norte;UTE MAUA 3;96.57
2026-08-15;2026-08-21;2026;8;2;PMO Agosto 2026 - Revisão 2;204;N;Norte;JARAQUI;96.57
2026-08-15;2026-08-21;2026;8;2;PMO Agosto 2026 - Revisão 2;209;N;Norte;TAMBAQUI;96.57
2026-08-15;2026-08-21;2026;8;2;PMO Agosto 2026 - Revisão 2;205;N;Norte;MANAUARA;96.57
2026-08-15;2026-08-21;2026;8;2;PMO Agosto 2026 - Revisão 2;203;N;Norte;C. ROCHA;96.57
2026-08-15;2026-08-21;2026;8;2;PMO Agosto 2026 - Revisão 2;201;N;Norte;APARECIDA;96.57
2026-08-15;2026-08-21;2026;8;2;PMO Agosto 2026 - Revisão 2;212;N;Norte;MARANHAO3;116.1
2026-08-15;2026-08-21;2026;8;2;PMO Agosto 2026 - Revisão 2;21;N;Norte;MARANHAO V;169.31
2026-08-15;2026-08-21;2026;8;2;PMO Agosto 2026 - Revisão 2;36;N;Norte;MARANHAOIV;169.31
2026-08-15;2026-08-21;2026;8;2;PMO Agosto 2026 - Revisão 2;239;N;Norte;PARNAIBA_V;216.84
2026-08-15;2026-08-21;2026;8;2;PMO Agosto 2026 - Revisão 2;326;N;Norte;JAGUATI II;289.25
2026-08-15;2026-08-21;2026;8;2;PMO Agosto 2026 - Revisão 2;46;N;Norte;N.VENECIA2;308.35
2026-08-15;2026-08-21;2026;8;2;PMO Agosto 2026 - Revisão 2;176;N;Norte;P. ITAQUI;352.4
2026-08-15;2026-08-21;2026;8;2;PMO Agosto 2026 - Revisão 2;330;N;Norte;SANTA LUZ;581.48
2026-08-15;2026-08-21;2026;8;2;PMO Agosto 2026 - Revisão 2;323;N;Norte;BONFIM;581.48
2026-08-15;2026-08-21;2026;8;2;PMO Agosto 2026 - Revisão 2;324;N;Norte;CANTA;581.48
2026-08-15;2026-08-21;2026;8;2;PMO Agosto 2026 - Revisão 2;329;N;Norte;PAU RAINHA;581.48
2026-08-15;2026-08-21;2026;8;2;PMO Agosto 2026 - Revisão 2;322;N;Norte;BBF BALIZA;917.12
2026-08-15;2026-08-21;2026;8;2;PMO Agosto 2026 - Revisão 2;70;N;Norte;GERAMAR2;1187.21
2026-08-15;2026-08-21;2026;8;2;PMO Agosto 2026 - Revisão 2;73;N;Norte;GERAMAR1;1187.21
2026-08-15;2026-08-21;2026;8;2;PMO Agosto 2026 - Revisão 2;116;N;Norte;PARNAIB_IV;1354.41
2026-08-15;2026-08-21;2026;8;2;PMO Agosto 2026 - Revisão 2;260;N;Norte;AZULAO;1434.85
2026-08-15;2026-08-21;2026;8;2;PMO Agosto 2026 - Revisão 2;328;N;Norte;PALMAPLAN;1567.98
2026-08-15;2026-08-21;2026;8;2;PMO Agosto 2026 - Revisão 2;327;N;Norte;M.C.SUCUBA;2033.72
2026-08-15;2026-08-21;2026;8;2;PMO Agosto 2026 - Revisão 2;57;NE;Nordeste;MARACANAU;0.0
2026-08-15;2026-08-21;2026;8;2;PMO Agosto 2026 - Revisão 2;52;NE;Nordeste;CAMPINA_GR;0.0
2026-08-15;2026-08-21;2026;8;2;PMO Agosto 2026 - Revisão 2;106;NE;Nordeste;ERB CANDEI;118.93
2026-08-15;2026-08-21;2026;8;2;PMO Agosto 2026 - Revisão 2;147;NE;Nordeste;PROSPERIDA;224.31
2026-08-15;2026-08-21;2026;8;2;PMO Agosto 2026 - Revisão 2;223;NE;Nordeste;PROSP_III;228.55
2026-08-15;2026-08-21;2026;8;2;PMO Agosto 2026 - Revisão 2;167;NE;Nordeste;P.PECEM1;352.34
2026-08-15;2026-08-21;2026;8;2;PMO Agosto 2026 - Revisão 2;163;NE;Nordeste;P.PECEM2;360.73
2026-08-15;2026-08-21;2026;8;2;PMO Agosto 2026 - Revisão 2;224;NE;Nordeste;PSERGIPE I;363.06
2026-08-15;2026-08-21;2026;8;2;PMO Agosto 2026 - Revisão 2;83;NE;Nordeste;JS_PEREIRA;450.86
2026-08-15;2026-08-21;2026;8;2;PMO Agosto 2026 - Revisão 2;241;NE;Nordeste;PROSP_II;463.41
2026-08-15;2026-08-21;2026;8;2;PMO Agosto 2026 - Revisão 2;98;NE;Nordeste;PERNAMBU_3;996.24
2026-08-15;2026-08-21;2026;8;2;PMO Agosto 2026 - Revisão 2;170;NE;Nordeste;SUAPE II;1180.61
2026-08-15;2026-08-21;2026;8;2;PMO Agosto 2026 - Revisão 2;96;NE;Nordeste;TERMOPE;1238.36
2026-08-15;2026-08-21;2026;8;2;PMO Agosto 2026 - Revisão 2;152;NE;Nordeste;TERMOCABO;1308.54
2026-08-15;2026-08-21;2026;8;2;PMO Agosto 2026 - Revisão 2;67;NE;Nordeste;TERMONE;1392.76
2026-08-15;2026-08-21;2026;8;2;PMO Agosto 2026 - Revisão 2;69;NE;Nordeste;TERMOPB;1392.76
2026-08-15;2026-08-21;2026;8;2;PMO Agosto 2026 - Revisão 2;55;NE;Nordeste;GLOBAL II;1445.26
2026-08-15;2026-08-21;2026;8;2;PMO Agosto 2026 - Revisão 2;53;NE;Nordeste;GLOBAL I;1445.26
2026-08-15;2026-08-21;2026;8;2;PMO Agosto 2026 - Revisão 2;43;NE;Nordeste;C.FURTADO;1497.72
2026-08-15;2026-08-21;2026;8;2;PMO Agosto 2026 - Revisão 2;144;NE;Nordeste;PETROLINA;2031.54
2026-08-15;2026-08-21;2026;8;2;PMO Agosto 2026 - Revisão 2;58;NE;Nordeste;TERMOCEARA;2443.42
2026-08-15;2026-08-21;2026;8;2;PMO Agosto 2026 - Revisão 2;161;NE;Nordeste;POTIGUAR_3;2903.11
2026-08-15;2026-08-21;2026;8;2;PMO Agosto 2026 - Revisão 2;151;NE;Nordeste;POTIGUAR;2903.11
2026-08-15;2026-08-21;2026;8;2;PMO Agosto 2026 - Revisão 2;235;NE;Nordeste;C.MURICY 2;3825.46
2026-08-15;2026-08-21;2026;8;2;PMO Agosto 2026 - Revisão 2;162;NE;Nordeste;PECEM 2;3865.92
2026-08-15;2026-08-21;2026;8;2;PMO Agosto 2026 - Revisão 2;254;S;Sul;B.BONITA I;0.0
2026-08-15;2026-08-21;2026;8;2;PMO Agosto 2026 - Revisão 2;107;S;Sul;PAMPA SUL;105.94
2026-08-15;2026-08-21;2026;8;2;PMO Agosto 2026 - Revisão 2;149;S;Sul;SAO SEPE;118.84
2026-08-15;2026-08-21;2026;8;2;PMO Agosto 2026 - Revisão 2;24;S;Sul;J.LACER. C;347.2
2026-08-15;2026-08-21;2026;8;2;PMO Agosto 2026 - Revisão 2;25;S;Sul;J.LACER. B;406.71
2026-08-15;2026-08-21;2026;8;2;PMO Agosto 2026 - Revisão 2;27;S;Sul;J.LAC. A2;416.39
2026-08-15;2026-08-21;2026;8;2;PMO Agosto 2026 - Revisão 2;156;S;Sul;CANDIOTA_3;427.95
2026-08-15;2026-08-21;2026;8;2;PMO Agosto 2026 - Revisão 2;26;S;Sul;J.LAC. A1;518.9
2026-08-15;2026-08-21;2026;8;2;PMO Agosto 2026 - Revisão 2;48;S;Sul;ARAUCARIA;830.0
2026-08-15;2026-08-21;2026;8;2;PMO Agosto 2026 - Revisão 2;35;S;Sul;URUGUAIANA;1267.76
2026-08-15;2026-08-21;2026;8;2;PMO Agosto 2026 - Revisão 2;64;S;Sul;S.TIARAJU;1842.3
2026-08-15;2026-08-21;2026;8;2;PMO Agosto 2026 - Revisão 2;153;SE;Sudeste/Centro-Oeste;DAIA;0.0
2026-08-15;2026-08-21;2026;8;2;PMO Agosto 2026 - Revisão 2;434;SE;Sudeste/Centro-Oeste;W.ARJONA O;0.0
2026-08-15;2026-08-21;2026;8;2;PMO Agosto 2026 - Revisão 2;383;SE;Sudeste/Centro-Oeste;ATLANTICO;0.0
2026-08-15;2026-08-21;2026;8;2;PMO Agosto 2026 - Revisão 2;194;SE;Sudeste/Centro-Oeste;TNORTE 2;0.0
2026-08-15;2026-08-21;2026;8;2;PMO Agosto 2026 - Revisão 2;182;SE;Sudeste/Centro-Oeste;PALMEIR_GO;0.0
2026-08-15;2026-08-21;2026;8;2;PMO Agosto 2026 - Revisão 2;13;SE;Sudeste/Centro-Oeste;ANGRA 2;20.12
2026-08-15;2026-08-21;2026;8;2;PMO Agosto 2026 - Revisão 2;1;SE;Sudeste/Centro-Oeste;ANGRA 1;31.17
2026-08-15;2026-08-21;2026;8;2;PMO Agosto 2026 - Revisão 2;229;SE;Sudeste/Centro-Oeste;O.PINTADA;152.33
2026-08-15;2026-08-21;2026;8;2;PMO Agosto 2026 - Revisão 2;236;SE;Sudeste/Centro-Oeste;M.AZUL;159.96
2026-08-15;2026-08-21;2026;8;2;PMO Agosto 2026 - Revisão 2;146;SE;Sudeste/Centro-Oeste;UTE STA VI;164.56
2026-08-15;2026-08-21;2026;8;2;PMO Agosto 2026 - Revisão 2;211;SE;Sudeste/Centro-Oeste;BAIXADA FL;177.97
2026-08-15;2026-08-21;2026;8;2;PMO Agosto 2026 - Revisão 2;86;SE;Sudeste/Centro-Oeste;SANTA CRUZ;181.34
2026-08-15;2026-08-21;2026;8;2;PMO Agosto 2026 - Revisão 2;4;SE;Sudeste/Centro-Oeste;ST.CRUZ 34;310.41
2026-08-15;2026-08-21;2026;8;2;PMO Agosto 2026 - Revisão 2;137;SE;Sudeste/Centro-Oeste;UTE GNA I;340.63
2026-08-15;2026-08-21;2026;8;2;PMO Agosto 2026 - Revisão 2;97;SE;Sudeste/Centro-Oeste;CUBATAO;629.06
2026-08-15;2026-08-21;2026;8;2;PMO Agosto 2026 - Revisão 2;238;SE;Sudeste/Centro-Oeste;UTE GNA II;818.83
2026-08-15;2026-08-21;2026;8;2;PMO Agosto 2026 - Revisão 2;62;SE;Sudeste/Centro-Oeste;SEROPEDICA;1287.71
2026-08-15;2026-08-21;2026;8;2;PMO Agosto 2026 - Revisão 2;49;SE;Sudeste/Centro-Oeste;VIANA;1300.95
2026-08-15;2026-08-21;2026;8;2;PMO Agosto 2026 - Revisão 2;54;SE;Sudeste/Centro-Oeste;JUIZ DE FO;1370.02
2026-08-15;2026-08-21;2026;8;2;PMO Agosto 2026 - Revisão 2;68;SE;Sudeste/Centro-Oeste;TRES LAGOA;1389.67
2026-08-15;2026-08-21;2026;8;2;PMO Agosto 2026 - Revisão 2;253;SE;Sudeste/Centro-Oeste;VIANA I;1418.97
2026-08-15;2026-08-21;2026;8;2;PMO Agosto 2026 - Revisão 2;251;SE;Sudeste/Centro-Oeste;POVOACAO I;1420.36
2026-08-15;2026-08-21;2026;8;2;PMO Agosto 2026 - Revisão 2;715;SE;Sudeste/Centro-Oeste;LORM_4LC;1422.3
2026-08-15;2026-08-21;2026;8;2;PMO Agosto 2026 - Revisão 2;60;SE;Sudeste/Centro-Oeste;NORTEFLU;1458.13
2026-08-15;2026-08-21;2026;8;2;PMO Agosto 2026 - Revisão 2;110;SE;Sudeste/Centro-Oeste;FGASPARIAN;1501.57
2026-08-15;2026-08-21;2026;8;2;PMO Agosto 2026 - Revisão 2;786;SE;Sudeste/Centro-Oeste;SCRUZ_4LC;1508.27
2026-08-15;2026-08-21;2026;8;2;PMO Agosto 2026 - Revisão 2;334;SE;Sudeste/Centro-Oeste;W.ARJONA;1530.31
2026-08-15;2026-08-21;2026;8;2;PMO Agosto 2026 - Revisão 2;63;SE;Sudeste/Centro-Oeste;AUR.CHAVES;1530.95
2026-08-15;2026-08-21;2026;8;2;PMO Agosto 2026 - Revisão 2;47;SE;Sudeste/Centro-Oeste;TERMORIO;1539.82
2026-08-15;2026-08-21;2026;8;2;PMO Agosto 2026 - Revisão 2;12;SE;Sudeste/Centro-Oeste;CUIABA CC;1544.28
2026-08-15;2026-08-21;2026;8;2;PMO Agosto 2026 - Revisão 2;15;SE;Sudeste/Centro-Oeste;LUIZORMELO;1547.91
2026-08-15;2026-08-21;2026;8;2;PMO Agosto 2026 - Revisão 2;15;SE;Sudeste/Centro-Oeste;LUIZORMELO;1547.91
2026-08-15;2026-08-21;2026;8;2;PMO Agosto 2026 - Revisão 2;90;SE;Sudeste/Centro-Oeste;M.LAGO;1604.82
2026-08-15;2026-08-21;2026;8;2;PMO Agosto 2026 - Revisão 2;248;SE;Sudeste/Centro-Oeste;MPPAULINIA;1841.45
2026-08-15;2026-08-21;2026;8;2;PMO Agosto 2026 - Revisão 2;246;SE;Sudeste/Centro-Oeste;KARKEY 019;2419.83
2026-08-15;2026-08-21;2026;8;2;PMO Agosto 2026 - Revisão 2;249;SE;Sudeste/Centro-Oeste;PORSUD I;2427.9
2026-08-15;2026-08-21;2026;8;2;PMO Agosto 2026 - Revisão 2;245;SE;Sudeste/Centro-Oeste;KARKEY 013;2442.64
2026-08-15;2026-08-21;2026;8;2;PMO Agosto 2026 - Revisão 2;250;SE;Sudeste/Centro-Oeste;PORSUD II;2464.97
2026-08-15;2026-08-21;2026;8;2;PMO Agosto 2026 - Revisão 2;108;SE;Sudeste/Centro-Oeste;XAVANTES;2997.95
2026-08-22;2026-08-28;2026;8;3;PMO Agosto 2026 - Revisão 3;240;N;Norte;BARCARENA;0.0
2026-08-22;2026-08-28;2026;8;3;PMO Agosto 2026 - Revisão 3;201;N;Norte;APARECIDA;96.57
2026-08-22;2026-08-28;2026;8;3;PMO Agosto 2026 - Revisão 3;205;N;Norte;MANAUARA;96.57
2026-08-22;2026-08-28;2026;8;3;PMO Agosto 2026 - Revisão 3;140;N;Norte;UTE MAUA 3;96.57
2026-08-22;2026-08-28;2026;8;3;PMO Agosto 2026 - Revisão 3;204;N;Norte;JARAQUI;96.57
2026-08-22;2026-08-28;2026;8;3;PMO Agosto 2026 - Revisão 3;209;N;Norte;TAMBAQUI;96.57
2026-08-22;2026-08-28;2026;8;3;PMO Agosto 2026 - Revisão 3;207;N;Norte;PONTA NEGR;96.57
2026-08-22;2026-08-28;2026;8;3;PMO Agosto 2026 - Revisão 3;203;N;Norte;C. ROCHA;96.57
2026-08-22;2026-08-28;2026;8;3;PMO Agosto 2026 - Revisão 3;212;N;Norte;MARANHAO3;116.1
2026-08-22;2026-08-28;2026;8;3;PMO Agosto 2026 - Revisão 3;36;N;Norte;MARANHAOIV;169.31
2026-08-22;2026-08-28;2026;8;3;PMO Agosto 2026 - Revisão 3;21;N;Norte;MARANHAO V;169.31
2026-08-22;2026-08-28;2026;8;3;PMO Agosto 2026 - Revisão 3;239;N;Norte;PARNAIBA_V;216.84
2026-08-22;2026-08-28;2026;8;3;PMO Agosto 2026 - Revisão 3;326;N;Norte;JAGUATI II;289.25
2026-08-22;2026-08-28;2026;8;3;PMO Agosto 2026 - Revisão 3;46;N;Norte;N.VENECIA2;308.35
2026-08-22;2026-08-28;2026;8;3;PMO Agosto 2026 - Revisão 3;176;N;Norte;P. ITAQUI;352.4
2026-08-22;2026-08-28;2026;8;3;PMO Agosto 2026 - Revisão 3;330;N;Norte;SANTA LUZ;581.48
2026-08-22;2026-08-28;2026;8;3;PMO Agosto 2026 - Revisão 3;329;N;Norte;PAU RAINHA;581.48
2026-08-22;2026-08-28;2026;8;3;PMO Agosto 2026 - Revisão 3;324;N;Norte;CANTA;581.48
2026-08-22;2026-08-28;2026;8;3;PMO Agosto 2026 - Revisão 3;323;N;Norte;BONFIM;581.48
2026-08-22;2026-08-28;2026;8;3;PMO Agosto 2026 - Revisão 3;322;N;Norte;BBF BALIZA;917.12
2026-08-22;2026-08-28;2026;8;3;PMO Agosto 2026 - Revisão 3;70;N;Norte;GERAMAR2;1187.21
2026-08-22;2026-08-28;2026;8;3;PMO Agosto 2026 - Revisão 3;73;N;Norte;GERAMAR1;1187.21
2026-08-22;2026-08-28;2026;8;3;PMO Agosto 2026 - Revisão 3;116;N;Norte;PARNAIB_IV;1354.41
2026-08-22;2026-08-28;2026;8;3;PMO Agosto 2026 - Revisão 3;260;N;Norte;AZULAO;1434.85
2026-08-22;2026-08-28;2026;8;3;PMO Agosto 2026 - Revisão 3;328;N;Norte;PALMAPLAN;1567.98
2026-08-22;2026-08-28;2026;8;3;PMO Agosto 2026 - Revisão 3;327;N;Norte;M.C.SUCUBA;2033.72
2026-08-22;2026-08-28;2026;8;3;PMO Agosto 2026 - Revisão 3;52;NE;Nordeste;CAMPINA_GR;0.0
2026-08-22;2026-08-28;2026;8;3;PMO Agosto 2026 - Revisão 3;57;NE;Nordeste;MARACANAU;0.0
2026-08-22;2026-08-28;2026;8;3;PMO Agosto 2026 - Revisão 3;106;NE;Nordeste;ERB CANDEI;118.93
2026-08-22;2026-08-28;2026;8;3;PMO Agosto 2026 - Revisão 3;147;NE;Nordeste;PROSPERIDA;224.31
2026-08-22;2026-08-28;2026;8;3;PMO Agosto 2026 - Revisão 3;223;NE;Nordeste;PROSP_III;228.55
2026-08-22;2026-08-28;2026;8;3;PMO Agosto 2026 - Revisão 3;167;NE;Nordeste;P.PECEM1;352.34
2026-08-22;2026-08-28;2026;8;3;PMO Agosto 2026 - Revisão 3;163;NE;Nordeste;P.PECEM2;360.73
2026-08-22;2026-08-28;2026;8;3;PMO Agosto 2026 - Revisão 3;224;NE;Nordeste;PSERGIPE I;363.06
2026-08-22;2026-08-28;2026;8;3;PMO Agosto 2026 - Revisão 3;83;NE;Nordeste;JS_PEREIRA;450.86
2026-08-22;2026-08-28;2026;8;3;PMO Agosto 2026 - Revisão 3;241;NE;Nordeste;PROSP_II;463.41
2026-08-22;2026-08-28;2026;8;3;PMO Agosto 2026 - Revisão 3;98;NE;Nordeste;PERNAMBU_3;996.24
2026-08-22;2026-08-28;2026;8;3;PMO Agosto 2026 - Revisão 3;170;NE;Nordeste;SUAPE II;1180.61
2026-08-22;2026-08-28;2026;8;3;PMO Agosto 2026 - Revisão 3;96;NE;Nordeste;TERMOPE;1238.36
2026-08-22;2026-08-28;2026;8;3;PMO Agosto 2026 - Revisão 3;152;NE;Nordeste;TERMOCABO;1308.54
2026-08-22;2026-08-28;2026;8;3;PMO Agosto 2026 - Revisão 3;67;NE;Nordeste;TERMONE;1392.76
2026-08-22;2026-08-28;2026;8;3;PMO Agosto 2026 - Revisão 3;69;NE;Nordeste;TERMOPB;1392.76
2026-08-22;2026-08-28;2026;8;3;PMO Agosto 2026 - Revisão 3;55;NE;Nordeste;GLOBAL II;1445.26
2026-08-22;2026-08-28;2026;8;3;PMO Agosto 2026 - Revisão 3;53;NE;Nordeste;GLOBAL I;1445.26
2026-08-22;2026-08-28;2026;8;3;PMO Agosto 2026 - Revisão 3;43;NE;Nordeste;C.FURTADO;1497.72
2026-08-22;2026-08-28;2026;8;3;PMO Agosto 2026 - Revisão 3;144;NE;Nordeste;PETROLINA;2031.54
2026-08-22;2026-08-28;2026;8;3;PMO Agosto 2026 - Revisão 3;58;NE;Nordeste;TERMOCEARA;2443.42
2026-08-22;2026-08-28;2026;8;3;PMO Agosto 2026 - Revisão 3;151;NE;Nordeste;POTIGUAR;2903.11
2026-08-22;2026-08-28;2026;8;3;PMO Agosto 2026 - Revisão 3;161;NE;Nordeste;POTIGUAR_3;2903.11
2026-08-22;2026-08-28;2026;8;3;PMO Agosto 2026 - Revisão 3;235;NE;Nordeste;C.MURICY 2;3825.46
2026-08-22;2026-08-28;2026;8;3;PMO Agosto 2026 - Revisão 3;162;NE;Nordeste;PECEM 2;3865.92
2026-08-22;2026-08-28;2026;8;3;PMO Agosto 2026 - Revisão 3;254;S;Sul;B.BONITA I;0.0
2026-08-22;2026-08-28;2026;8;3;PMO Agosto 2026 - Revisão 3;107;S;Sul;PAMPA SUL;105.94
2026-08-22;2026-08-28;2026;8;3;PMO Agosto 2026 - Revisão 3;149;S;Sul;SAO SEPE;118.84
2026-08-22;2026-08-28;2026;8;3;PMO Agosto 2026 - Revisão 3;24;S;Sul;J.LACER. C;347.2
2026-08-22;2026-08-28;2026;8;3;PMO Agosto 2026 - Revisão 3;25;S;Sul;J.LACER. B;406.71
2026-08-22;2026-08-28;2026;8;3;PMO Agosto 2026 - Revisão 3;27;S;Sul;J.LAC. A2;416.39
2026-08-22;2026-08-28;2026;8;3;PMO Agosto 2026 - Revisão 3;156;S;Sul;CANDIOTA_3;427.95
2026-08-22;2026-08-28;2026;8;3;PMO Agosto 2026 - Revisão 3;26;S;Sul;J.LAC. A1;518.9
2026-08-22;2026-08-28;2026;8;3;PMO Agosto 2026 - Revisão 3;48;S;Sul;ARAUCARIA;830.0
2026-08-22;2026-08-28;2026;8;3;PMO Agosto 2026 - Revisão 3;35;S;Sul;URUGUAIANA;1267.76
2026-08-22;2026-08-28;2026;8;3;PMO Agosto 2026 - Revisão 3;64;S;Sul;S.TIARAJU;1842.3
2026-08-22;2026-08-28;2026;8;3;PMO Agosto 2026 - Revisão 3;383;SE;Sudeste/Centro-Oeste;ATLANTICO;0.0
2026-08-22;2026-08-28;2026;8;3;PMO Agosto 2026 - Revisão 3;182;SE;Sudeste/Centro-Oeste;PALMEIR_GO;0.0
2026-08-22;2026-08-28;2026;8;3;PMO Agosto 2026 - Revisão 3;153;SE;Sudeste/Centro-Oeste;DAIA;0.0
2026-08-22;2026-08-28;2026;8;3;PMO Agosto 2026 - Revisão 3;434;SE;Sudeste/Centro-Oeste;W.ARJONA O;0.0
2026-08-22;2026-08-28;2026;8;3;PMO Agosto 2026 - Revisão 3;194;SE;Sudeste/Centro-Oeste;TNORTE 2;0.0
2026-08-22;2026-08-28;2026;8;3;PMO Agosto 2026 - Revisão 3;13;SE;Sudeste/Centro-Oeste;ANGRA 2;20.12
2026-08-22;2026-08-28;2026;8;3;PMO Agosto 2026 - Revisão 3;1;SE;Sudeste/Centro-Oeste;ANGRA 1;31.17
2026-08-22;2026-08-28;2026;8;3;PMO Agosto 2026 - Revisão 3;229;SE;Sudeste/Centro-Oeste;O.PINTADA;152.33
2026-08-22;2026-08-28;2026;8;3;PMO Agosto 2026 - Revisão 3;236;SE;Sudeste/Centro-Oeste;M.AZUL;159.96
2026-08-22;2026-08-28;2026;8;3;PMO Agosto 2026 - Revisão 3;146;SE;Sudeste/Centro-Oeste;UTE STA VI;164.56
2026-08-22;2026-08-28;2026;8;3;PMO Agosto 2026 - Revisão 3;211;SE;Sudeste/Centro-Oeste;BAIXADA FL;177.97
2026-08-22;2026-08-28;2026;8;3;PMO Agosto 2026 - Revisão 3;86;SE;Sudeste/Centro-Oeste;SANTA CRUZ;181.34
2026-08-22;2026-08-28;2026;8;3;PMO Agosto 2026 - Revisão 3;4;SE;Sudeste/Centro-Oeste;ST.CRUZ 34;310.41
2026-08-22;2026-08-28;2026;8;3;PMO Agosto 2026 - Revisão 3;137;SE;Sudeste/Centro-Oeste;UTE GNA I;340.63
2026-08-22;2026-08-28;2026;8;3;PMO Agosto 2026 - Revisão 3;97;SE;Sudeste/Centro-Oeste;CUBATAO;629.06
2026-08-22;2026-08-28;2026;8;3;PMO Agosto 2026 - Revisão 3;238;SE;Sudeste/Centro-Oeste;UTE GNA II;818.83
2026-08-22;2026-08-28;2026;8;3;PMO Agosto 2026 - Revisão 3;62;SE;Sudeste/Centro-Oeste;SEROPEDICA;1287.71
2026-08-22;2026-08-28;2026;8;3;PMO Agosto 2026 - Revisão 3;49;SE;Sudeste/Centro-Oeste;VIANA;1300.95
2026-08-22;2026-08-28;2026;8;3;PMO Agosto 2026 - Revisão 3;54;SE;Sudeste/Centro-Oeste;JUIZ DE FO;1370.02
2026-08-22;2026-08-28;2026;8;3;PMO Agosto 2026 - Revisão 3;68;SE;Sudeste/Centro-Oeste;TRES LAGOA;1389.67
2026-08-22;2026-08-28;2026;8;3;PMO Agosto 2026 - Revisão 3;253;SE;Sudeste/Centro-Oeste;VIANA I;1418.97
2026-08-22;2026-08-28;2026;8;3;PMO Agosto 2026 - Revisão 3;251;SE;Sudeste/Centro-Oeste;POVOACAO I;1420.36
2026-08-22;2026-08-28;2026;8;3;PMO Agosto 2026 - Revisão 3;715;SE;Sudeste/Centro-Oeste;LORM_4LC;1422.3
2026-08-22;2026-08-28;2026;8;3;PMO Agosto 2026 - Revisão 3;60;SE;Sudeste/Centro-Oeste;NORTEFLU;1458.13
2026-08-22;2026-08-28;2026;8;3;PMO Agosto 2026 - Revisão 3;248;SE;Sudeste/Centro-Oeste;MPPAULINIA;1500.0
2026-08-22;2026-08-28;2026;8;3;PMO Agosto 2026 - Revisão 3;110;SE;Sudeste/Centro-Oeste;FGASPARIAN;1501.57
2026-08-22;2026-08-28;2026;8;3;PMO Agosto 2026 - Revisão 3;786;SE;Sudeste/Centro-Oeste;SCRUZ_4LC;1508.27
2026-08-22;2026-08-28;2026;8;3;PMO Agosto 2026 - Revisão 3;334;SE;Sudeste/Centro-Oeste;W.ARJONA;1530.31
2026-08-22;2026-08-28;2026;8;3;PMO Agosto 2026 - Revisão 3;63;SE;Sudeste/Centro-Oeste;AUR.CHAVES;1530.95
2026-08-22;2026-08-28;2026;8;3;PMO Agosto 2026 - Revisão 3;47;SE;Sudeste/Centro-Oeste;TERMORIO;1539.82
2026-08-22;2026-08-28;2026;8;3;PMO Agosto 2026 - Revisão 3;12;SE;Sudeste/Centro-Oeste;CUIABA CC;1544.28
2026-08-22;2026-08-28;2026;8;3;PMO Agosto 2026 - Revisão 3;15;SE;Sudeste/Centro-Oeste;LUIZORMELO;1547.91
2026-08-22;2026-08-28;2026;8;3;PMO Agosto 2026 - Revisão 3;15;SE;Sudeste/Centro-Oeste;LUIZORMELO;1547.91
2026-08-22;2026-08-28;2026;8;3;PMO Agosto 2026 - Revisão 3;90;SE;Sudeste/Centro-Oeste;M.LAGO;1604.82
2026-08-22;2026-08-28;2026;8;3;PMO Agosto 2026 - Revisão 3;246;SE;Sudeste/Centro-Oeste;KARKEY 019;2419.83
2026-08-22;2026-08-28;2026;8;3;PMO Agosto 2026 - Revisão 3;249;SE;Sudeste/Centro-Oeste;PORSUD I;2427.9
2026-08-22;2026-08-28;2026;8;3;PMO Agosto 2026 - Revisão 3;245;SE;Sudeste/Centro-Oeste;KARKEY 013;2442.64
2026-08-22;2026-08-28;2026;8;3;PMO Agosto 2026 - Revisão 3;250;SE;Sudeste/Centro-Oeste;PORSUD II;2464.97
2026-08-22;2026-08-28;2026;8;3;PMO Agosto 2026 - Revisão 3;108;SE;Sudeste/Centro-Oeste;XAVANTES;2997.95
2026-08-29;2026-09-04;2026;9;0;PMO Setembro 2026;264;N;Norte;UTE MANAUS;0.0
2026-08-29;2026-09-04;2026;9;0;PMO Setembro 2026;204;N;Norte;JARAQUI;96.57
2026-08-29;2026-09-04;2026;9;0;PMO Setembro 2026;201;N;Norte;APARECIDA;96.57
2026-08-29;2026-09-04;2026;9;0;PMO Setembro 2026;203;N;Norte;C. ROCHA;96.57
2026-08-29;2026-09-04;2026;9;0;PMO Setembro 2026;140;N;Norte;UTE MAUA 3;96.57
2026-08-29;2026-09-04;2026;9;0;PMO Setembro 2026;207;N;Norte;PONTA NEGR;96.57
2026-08-29;2026-09-04;2026;9;0;PMO Setembro 2026;205;N;Norte;MANAUARA;96.57
2026-08-29;2026-09-04;2026;9;0;PMO Setembro 2026;209;N;Norte;TAMBAQUI;96.57
2026-08-29;2026-09-04;2026;9;0;PMO Setembro 2026;212;N;Norte;MARANHAO3;116.1
2026-08-29;2026-09-04;2026;9;0;PMO Setembro 2026;21;N;Norte;MARANHAO V;169.31
2026-08-29;2026-09-04;2026;9;0;PMO Setembro 2026;36;N;Norte;MARANHAOIV;169.31
2026-08-29;2026-09-04;2026;9;0;PMO Setembro 2026;239;N;Norte;PARNAIBA_V;216.84
2026-08-29;2026-09-04;2026;9;0;PMO Setembro 2026;326;N;Norte;JAGUATI II;289.25
2026-08-29;2026-09-04;2026;9;0;PMO Setembro 2026;46;N;Norte;N.VENECIA2;308.35
2026-08-29;2026-09-04;2026;9;0;PMO Setembro 2026;176;N;Norte;P. ITAQUI;352.4
2026-08-29;2026-09-04;2026;9;0;PMO Setembro 2026;323;N;Norte;BONFIM;581.48
2026-08-29;2026-09-04;2026;9;0;PMO Setembro 2026;330;N;Norte;SANTA LUZ;581.48
2026-08-29;2026-09-04;2026;9;0;PMO Setembro 2026;324;N;Norte;CANTA;581.48
2026-08-29;2026-09-04;2026;9;0;PMO Setembro 2026;329;N;Norte;PAU RAINHA;581.48
2026-08-29;2026-09-04;2026;9;0;PMO Setembro 2026;240;N;Norte;BARCARENA;662.67
2026-08-29;2026-09-04;2026;9;0;PMO Setembro 2026;322;N;Norte;BBF BALIZA;917.12
2026-08-29;2026-09-04;2026;9;0;PMO Setembro 2026;73;N;Norte;GERAMAR1;1187.21
2026-08-29;2026-09-04;2026;9;0;PMO Setembro 2026;70;N;Norte;GERAMAR2;1187.21
2026-08-29;2026-09-04;2026;9;0;PMO Setembro 2026;116;N;Norte;PARNAIB_IV;1354.41
2026-08-29;2026-09-04;2026;9;0;PMO Setembro 2026;260;N;Norte;AZULAO;1434.85
2026-08-29;2026-09-04;2026;9;0;PMO Setembro 2026;328;N;Norte;PALMAPLAN;1609.98
2026-08-29;2026-09-04;2026;9;0;PMO Setembro 2026;327;N;Norte;M.C.SUCUBA;2045.69
2026-08-29;2026-09-04;2026;9;0;PMO Setembro 2026;57;NE;Nordeste;MARACANAU;0.0
2026-08-29;2026-09-04;2026;9;0;PMO Setembro 2026;52;NE;Nordeste;CAMPINA_GR;0.0
2026-08-29;2026-09-04;2026;9;0;PMO Setembro 2026;67;NE;Nordeste;TERMONE;0.0
2026-08-29;2026-09-04;2026;9;0;PMO Setembro 2026;69;NE;Nordeste;TERMOPB;0.0
2026-08-29;2026-09-04;2026;9;0;PMO Setembro 2026;106;NE;Nordeste;ERB CANDEI;118.93
2026-08-29;2026-09-04;2026;9;0;PMO Setembro 2026;147;NE;Nordeste;PROSPERIDA;224.31
2026-08-29;2026-09-04;2026;9;0;PMO Setembro 2026;223;NE;Nordeste;PROSP_III;228.55
2026-08-29;2026-09-04;2026;9;0;PMO Setembro 2026;167;NE;Nordeste;P.PECEM1;352.34
2026-08-29;2026-09-04;2026;9;0;PMO Setembro 2026;163;NE;Nordeste;P.PECEM2;360.73
2026-08-29;2026-09-04;2026;9;0;PMO Setembro 2026;224;NE;Nordeste;PSERGIPE I;363.06
2026-08-29;2026-09-04;2026;9;0;PMO Setembro 2026;83;NE;Nordeste;JS_PEREIRA;450.86
2026-08-29;2026-09-04;2026;9;0;PMO Setembro 2026;241;NE;Nordeste;PROSP_II;463.41
2026-08-29;2026-09-04;2026;9;0;PMO Setembro 2026;98;NE;Nordeste;PERNAMBU_3;996.24
2026-08-29;2026-09-04;2026;9;0;PMO Setembro 2026;170;NE;Nordeste;SUAPE II;1180.61
2026-08-29;2026-09-04;2026;9;0;PMO Setembro 2026;96;NE;Nordeste;TERMOPE;1238.36
2026-08-29;2026-09-04;2026;9;0;PMO Setembro 2026;152;NE;Nordeste;TERMOCABO;1308.54
2026-08-29;2026-09-04;2026;9;0;PMO Setembro 2026;55;NE;Nordeste;GLOBAL II;1445.26
2026-08-29;2026-09-04;2026;9;0;PMO Setembro 2026;53;NE;Nordeste;GLOBAL I;1445.26
2026-08-29;2026-09-04;2026;9;0;PMO Setembro 2026;43;NE;Nordeste;C.FURTADO;1497.72
2026-08-29;2026-09-04;2026;9;0;PMO Setembro 2026;144;NE;Nordeste;PETROLINA;2031.54
2026-08-29;2026-09-04;2026;9;0;PMO Setembro 2026;58;NE;Nordeste;TERMOCEARA;2113.9
2026-08-29;2026-09-04;2026;9;0;PMO Setembro 2026;458;NE;Nordeste;TERMOCE_F;2443.42
2026-08-29;2026-09-04;2026;9;0;PMO Setembro 2026;161;NE;Nordeste;POTIGUAR_3;2903.11
2026-08-29;2026-09-04;2026;9;0;PMO Setembro 2026;151;NE;Nordeste;POTIGUAR;2903.11
2026-08-29;2026-09-04;2026;9;0;PMO Setembro 2026;235;NE;Nordeste;C.MURICY 2;3825.46
2026-08-29;2026-09-04;2026;9;0;PMO Setembro 2026;162;NE;Nordeste;PECEM 2;3865.92
2026-08-29;2026-09-04;2026;9;0;PMO Setembro 2026;254;S;Sul;B.BONITA I;0.0
2026-08-29;2026-09-04;2026;9;0;PMO Setembro 2026;107;S;Sul;PAMPA SUL;105.94
2026-08-29;2026-09-04;2026;9;0;PMO Setembro 2026;149;S;Sul;SAO SEPE;118.84
2026-08-29;2026-09-04;2026;9;0;PMO Setembro 2026;24;S;Sul;J.LACER. C;347.2
2026-08-29;2026-09-04;2026;9;0;PMO Setembro 2026;25;S;Sul;J.LACER. B;406.71
2026-08-29;2026-09-04;2026;9;0;PMO Setembro 2026;27;S;Sul;J.LAC. A2;416.39
2026-08-29;2026-09-04;2026;9;0;PMO Setembro 2026;156;S;Sul;CANDIOTA_3;427.95
2026-08-29;2026-09-04;2026;9;0;PMO Setembro 2026;26;S;Sul;J.LAC. A1;518.9
2026-08-29;2026-09-04;2026;9;0;PMO Setembro 2026;48;S;Sul;ARAUCARIA;830.0
2026-08-29;2026-09-04;2026;9;0;PMO Setembro 2026;35;S;Sul;URUGUAIANA;1267.76
2026-08-29;2026-09-04;2026;9;0;PMO Setembro 2026;64;S;Sul;S.TIARAJU;1842.3
2026-08-29;2026-09-04;2026;9;0;PMO Setembro 2026;383;SE;Sudeste/Centro-Oeste;ATLANTICO;0.0
2026-08-29;2026-09-04;2026;9;0;PMO Setembro 2026;182;SE;Sudeste/Centro-Oeste;PALMEIR_GO;0.0
2026-08-29;2026-09-04;2026;9;0;PMO Setembro 2026;153;SE;Sudeste/Centro-Oeste;DAIA;0.0
2026-08-29;2026-09-04;2026;9;0;PMO Setembro 2026;434;SE;Sudeste/Centro-Oeste;W.ARJONA O;0.0
2026-08-29;2026-09-04;2026;9;0;PMO Setembro 2026;194;SE;Sudeste/Centro-Oeste;TNORTE 2;0.0
2026-08-29;2026-09-04;2026;9;0;PMO Setembro 2026;13;SE;Sudeste/Centro-Oeste;ANGRA 2;20.12
2026-08-29;2026-09-04;2026;9;0;PMO Setembro 2026;1;SE;Sudeste/Centro-Oeste;ANGRA 1;31.17
2026-08-29;2026-09-04;2026;9;0;PMO Setembro 2026;229;SE;Sudeste/Centro-Oeste;O.PINTADA;152.33
2026-08-29;2026-09-04;2026;9;0;PMO Setembro 2026;236;SE;Sudeste/Centro-Oeste;M.AZUL;159.96
2026-08-29;2026-09-04;2026;9;0;PMO Setembro 2026;146;SE;Sudeste/Centro-Oeste;UTE STA VI;164.56
2026-08-29;2026-09-04;2026;9;0;PMO Setembro 2026;211;SE;Sudeste/Centro-Oeste;BAIXADA FL;177.97
2026-08-29;2026-09-04;2026;9;0;PMO Setembro 2026;86;SE;Sudeste/Centro-Oeste;SANTA CRUZ;181.34
2026-08-29;2026-09-04;2026;9;0;PMO Setembro 2026;4;SE;Sudeste/Centro-Oeste;ST.CRUZ 34;310.41
2026-08-29;2026-09-04;2026;9;0;PMO Setembro 2026;137;SE;Sudeste/Centro-Oeste;UTE GNA I;340.63
2026-08-29;2026-09-04;2026;9;0;PMO Setembro 2026;97;SE;Sudeste/Centro-Oeste;CUBATAO;629.06
2026-08-29;2026-09-04;2026;9;0;PMO Setembro 2026;238;SE;Sudeste/Centro-Oeste;UTE GNA II;818.83
2026-08-29;2026-09-04;2026;9;0;PMO Setembro 2026;248;SE;Sudeste/Centro-Oeste;MPPAULINIA;1200.0
2026-08-29;2026-09-04;2026;9;0;PMO Setembro 2026;62;SE;Sudeste/Centro-Oeste;SEROPEDICA;1287.71
2026-08-29;2026-09-04;2026;9;0;PMO Setembro 2026;49;SE;Sudeste/Centro-Oeste;VIANA;1300.95
2026-08-29;2026-09-04;2026;9;0;PMO Setembro 2026;54;SE;Sudeste/Centro-Oeste;JUIZ DE FO;1370.02
2026-08-29;2026-09-04;2026;9;0;PMO Setembro 2026;68;SE;Sudeste/Centro-Oeste;TRES LAGOA;1389.67
2026-08-29;2026-09-04;2026;9;0;PMO Setembro 2026;253;SE;Sudeste/Centro-Oeste;VIANA I;1418.97
2026-08-29;2026-09-04;2026;9;0;PMO Setembro 2026;251;SE;Sudeste/Centro-Oeste;POVOACAO I;1420.36
2026-08-29;2026-09-04;2026;9;0;PMO Setembro 2026;715;SE;Sudeste/Centro-Oeste;LORM_4LC;1422.3
2026-08-29;2026-09-04;2026;9;0;PMO Setembro 2026;60;SE;Sudeste/Centro-Oeste;NORTEFLU;1458.13
2026-08-29;2026-09-04;2026;9;0;PMO Setembro 2026;110;SE;Sudeste/Centro-Oeste;FGASPARIAN;1501.57
2026-08-29;2026-09-04;2026;9;0;PMO Setembro 2026;786;SE;Sudeste/Centro-Oeste;SCRUZ_4LC;1508.27
2026-08-29;2026-09-04;2026;9;0;PMO Setembro 2026;334;SE;Sudeste/Centro-Oeste;W.ARJONA;1530.31
2026-08-29;2026-09-04;2026;9;0;PMO Setembro 2026;63;SE;Sudeste/Centro-Oeste;AUR.CHAVES;1530.95
2026-08-29;2026-09-04;2026;9;0;PMO Setembro 2026;47;SE;Sudeste/Centro-Oeste;TERMORIO;1539.82
2026-08-29;2026-09-04;2026;9;0;PMO Setembro 2026;12;SE;Sudeste/Centro-Oeste;CUIABA CC;1544.28
2026-08-29;2026-09-04;2026;9;0;PMO Setembro 2026;15;SE;Sudeste/Centro-Oeste;LUIZORMELO;1547.91
2026-08-29;2026-09-04;2026;9;0;PMO Setembro 2026;15;SE;Sudeste/Centro-Oeste;LUIZORMELO;1547.91
2026-08-29;2026-09-04;2026;9;0;PMO Setembro 2026;90;SE;Sudeste/Centro-Oeste;M.LAGO;1604.82
2026-08-29;2026-09-04;2026;9;0;PMO Setembro 2026;246;SE;Sudeste/Centro-Oeste;KARKEY 019;2419.83
2026-08-29;2026-09-04;2026;9;0;PMO Setembro 2026;249;SE;Sudeste/Centro-Oeste;PORSUD I;2427.9
2026-08-29;2026-09-04;2026;9;0;PMO Setembro 2026;245;SE;Sudeste/Centro-Oeste;KARKEY 013;2442.64
2026-08-29;2026-09-04;2026;9;0;PMO Setembro 2026;250;SE;Sudeste/Centro-Oeste;PORSUD II;2464.97
2026-08-29;2026-09-04;2026;9;0;PMO Setembro 2026;108;SE;Sudeste/Centro-Oeste;XAVANTES;2997.95
2026-09-05;2026-09-11;2026;9;1;PMO Setembro 2026 - Revisão 1;209;N;Norte;TAMBAQUI;96.57
2026-09-05;2026-09-11;2026;9;1;PMO Setembro 2026 - Revisão 1;201;N;Norte;APARECIDA;96.57
2026-09-05;2026-09-11;2026;9;1;PMO Setembro 2026 - Revisão 1;204;N;Norte;JARAQUI;96.57
2026-09-05;2026-09-11;2026;9;1;PMO Setembro 2026 - Revisão 1;140;N;Norte;UTE MAUA 3;96.57
2026-09-05;2026-09-11;2026;9;1;PMO Setembro 2026 - Revisão 1;205;N;Norte;MANAUARA;96.57
2026-09-05;2026-09-11;2026;9;1;PMO Setembro 2026 - Revisão 1;207;N;Norte;PONTA NEGR;96.57
2026-09-05;2026-09-11;2026;9;1;PMO Setembro 2026 - Revisão 1;203;N;Norte;C. ROCHA;96.57
2026-09-05;2026-09-11;2026;9;1;PMO Setembro 2026 - Revisão 1;264;N;Norte;UTE MANAUS;112.43
2026-09-05;2026-09-11;2026;9;1;PMO Setembro 2026 - Revisão 1;212;N;Norte;MARANHAO3;116.1
2026-09-05;2026-09-11;2026;9;1;PMO Setembro 2026 - Revisão 1;36;N;Norte;MARANHAOIV;169.31
2026-09-05;2026-09-11;2026;9;1;PMO Setembro 2026 - Revisão 1;21;N;Norte;MARANHAO V;169.31
2026-09-05;2026-09-11;2026;9;1;PMO Setembro 2026 - Revisão 1;239;N;Norte;PARNAIBA_V;216.84
2026-09-05;2026-09-11;2026;9;1;PMO Setembro 2026 - Revisão 1;326;N;Norte;JAGUATI II;289.25
2026-09-05;2026-09-11;2026;9;1;PMO Setembro 2026 - Revisão 1;46;N;Norte;N.VENECIA2;308.35
2026-09-05;2026-09-11;2026;9;1;PMO Setembro 2026 - Revisão 1;176;N;Norte;P. ITAQUI;352.4
2026-09-05;2026-09-11;2026;9;1;PMO Setembro 2026 - Revisão 1;324;N;Norte;CANTA;581.48
2026-09-05;2026-09-11;2026;9;1;PMO Setembro 2026 - Revisão 1;323;N;Norte;BONFIM;581.48
2026-09-05;2026-09-11;2026;9;1;PMO Setembro 2026 - Revisão 1;330;N;Norte;SANTA LUZ;581.48
2026-09-05;2026-09-11;2026;9;1;PMO Setembro 2026 - Revisão 1;329;N;Norte;PAU RAINHA;581.48
2026-09-05;2026-09-11;2026;9;1;PMO Setembro 2026 - Revisão 1;240;N;Norte;BARCARENA;662.67
2026-09-05;2026-09-11;2026;9;1;PMO Setembro 2026 - Revisão 1;322;N;Norte;BBF BALIZA;917.12
2026-09-05;2026-09-11;2026;9;1;PMO Setembro 2026 - Revisão 1;73;N;Norte;GERAMAR1;1187.21
2026-09-05;2026-09-11;2026;9;1;PMO Setembro 2026 - Revisão 1;70;N;Norte;GERAMAR2;1187.21
2026-09-05;2026-09-11;2026;9;1;PMO Setembro 2026 - Revisão 1;116;N;Norte;PARNAIB_IV;1354.41
2026-09-05;2026-09-11;2026;9;1;PMO Setembro 2026 - Revisão 1;260;N;Norte;AZULAO;1434.85
2026-09-05;2026-09-11;2026;9;1;PMO Setembro 2026 - Revisão 1;328;N;Norte;PALMAPLAN;1609.98
2026-09-05;2026-09-11;2026;9;1;PMO Setembro 2026 - Revisão 1;327;N;Norte;M.C.SUCUBA;2045.69
2026-09-05;2026-09-11;2026;9;1;PMO Setembro 2026 - Revisão 1;69;NE;Nordeste;TERMOPB;0.0
2026-09-05;2026-09-11;2026;9;1;PMO Setembro 2026 - Revisão 1;57;NE;Nordeste;MARACANAU;0.0
2026-09-05;2026-09-11;2026;9;1;PMO Setembro 2026 - Revisão 1;67;NE;Nordeste;TERMONE;0.0
2026-09-05;2026-09-11;2026;9;1;PMO Setembro 2026 - Revisão 1;52;NE;Nordeste;CAMPINA_GR;0.0
2026-09-05;2026-09-11;2026;9;1;PMO Setembro 2026 - Revisão 1;106;NE;Nordeste;ERB CANDEI;118.93
2026-09-05;2026-09-11;2026;9;1;PMO Setembro 2026 - Revisão 1;147;NE;Nordeste;PROSPERIDA;224.31
2026-09-05;2026-09-11;2026;9;1;PMO Setembro 2026 - Revisão 1;223;NE;Nordeste;PROSP_III;228.55
2026-09-05;2026-09-11;2026;9;1;PMO Setembro 2026 - Revisão 1;167;NE;Nordeste;P.PECEM1;352.34
2026-09-05;2026-09-11;2026;9;1;PMO Setembro 2026 - Revisão 1;163;NE;Nordeste;P.PECEM2;360.73
2026-09-05;2026-09-11;2026;9;1;PMO Setembro 2026 - Revisão 1;224;NE;Nordeste;PSERGIPE I;363.06
2026-09-05;2026-09-11;2026;9;1;PMO Setembro 2026 - Revisão 1;83;NE;Nordeste;JS_PEREIRA;450.86
2026-09-05;2026-09-11;2026;9;1;PMO Setembro 2026 - Revisão 1;241;NE;Nordeste;PROSP_II;463.41
2026-09-05;2026-09-11;2026;9;1;PMO Setembro 2026 - Revisão 1;98;NE;Nordeste;PERNAMBU_3;996.24
2026-09-05;2026-09-11;2026;9;1;PMO Setembro 2026 - Revisão 1;170;NE;Nordeste;SUAPE II;1180.61
2026-09-05;2026-09-11;2026;9;1;PMO Setembro 2026 - Revisão 1;96;NE;Nordeste;TERMOPE;1238.36
2026-09-05;2026-09-11;2026;9;1;PMO Setembro 2026 - Revisão 1;152;NE;Nordeste;TERMOCABO;1308.54
2026-09-05;2026-09-11;2026;9;1;PMO Setembro 2026 - Revisão 1;53;NE;Nordeste;GLOBAL I;1445.26
2026-09-05;2026-09-11;2026;9;1;PMO Setembro 2026 - Revisão 1;55;NE;Nordeste;GLOBAL II;1445.26
2026-09-05;2026-09-11;2026;9;1;PMO Setembro 2026 - Revisão 1;43;NE;Nordeste;C.FURTADO;1497.72
2026-09-05;2026-09-11;2026;9;1;PMO Setembro 2026 - Revisão 1;144;NE;Nordeste;PETROLINA;2031.54
2026-09-05;2026-09-11;2026;9;1;PMO Setembro 2026 - Revisão 1;58;NE;Nordeste;TERMOCEARA;2113.9
2026-09-05;2026-09-11;2026;9;1;PMO Setembro 2026 - Revisão 1;161;NE;Nordeste;POTIGUAR_3;2903.11
2026-09-05;2026-09-11;2026;9;1;PMO Setembro 2026 - Revisão 1;151;NE;Nordeste;POTIGUAR;2903.11
2026-09-05;2026-09-11;2026;9;1;PMO Setembro 2026 - Revisão 1;235;NE;Nordeste;C.MURICY 2;3825.46
2026-09-05;2026-09-11;2026;9;1;PMO Setembro 2026 - Revisão 1;162;NE;Nordeste;PECEM 2;3865.92
2026-09-05;2026-09-11;2026;9;1;PMO Setembro 2026 - Revisão 1;254;S;Sul;B.BONITA I;0.0
2026-09-05;2026-09-11;2026;9;1;PMO Setembro 2026 - Revisão 1;107;S;Sul;PAMPA SUL;105.94
2026-09-05;2026-09-11;2026;9;1;PMO Setembro 2026 - Revisão 1;149;S;Sul;SAO SEPE;118.84
2026-09-05;2026-09-11;2026;9;1;PMO Setembro 2026 - Revisão 1;24;S;Sul;J.LACER. C;347.2
2026-09-05;2026-09-11;2026;9;1;PMO Setembro 2026 - Revisão 1;25;S;Sul;J.LACER. B;406.71
2026-09-05;2026-09-11;2026;9;1;PMO Setembro 2026 - Revisão 1;27;S;Sul;J.LAC. A2;416.39
2026-09-05;2026-09-11;2026;9;1;PMO Setembro 2026 - Revisão 1;156;S;Sul;CANDIOTA_3;427.95
2026-09-05;2026-09-11;2026;9;1;PMO Setembro 2026 - Revisão 1;26;S;Sul;J.LAC. A1;518.9
2026-09-05;2026-09-11;2026;9;1;PMO Setembro 2026 - Revisão 1;35;S;Sul;URUGUAIANA;1267.76
2026-09-05;2026-09-11;2026;9;1;PMO Setembro 2026 - Revisão 1;48;S;Sul;ARAUCARIA;1432.94
2026-09-05;2026-09-11;2026;9;1;PMO Setembro 2026 - Revisão 1;64;S;Sul;S.TIARAJU;1842.3
2026-09-05;2026-09-11;2026;9;1;PMO Setembro 2026 - Revisão 1;434;SE;Sudeste/Centro-Oeste;W.ARJONA O;0.0
2026-09-05;2026-09-11;2026;9;1;PMO Setembro 2026 - Revisão 1;383;SE;Sudeste/Centro-Oeste;ATLANTICO;0.0
2026-09-05;2026-09-11;2026;9;1;PMO Setembro 2026 - Revisão 1;153;SE;Sudeste/Centro-Oeste;DAIA;0.0
2026-09-05;2026-09-11;2026;9;1;PMO Setembro 2026 - Revisão 1;194;SE;Sudeste/Centro-Oeste;TNORTE 2;0.0
2026-09-05;2026-09-11;2026;9;1;PMO Setembro 2026 - Revisão 1;182;SE;Sudeste/Centro-Oeste;PALMEIR_GO;0.0
2026-09-05;2026-09-11;2026;9;1;PMO Setembro 2026 - Revisão 1;13;SE;Sudeste/Centro-Oeste;ANGRA 2;20.12
2026-09-05;2026-09-11;2026;9;1;PMO Setembro 2026 - Revisão 1;1;SE;Sudeste/Centro-Oeste;ANGRA 1;31.17
2026-09-05;2026-09-11;2026;9;1;PMO Setembro 2026 - Revisão 1;229;SE;Sudeste/Centro-Oeste;O.PINTADA;152.33
2026-09-05;2026-09-11;2026;9;1;PMO Setembro 2026 - Revisão 1;236;SE;Sudeste/Centro-Oeste;M.AZUL;159.96
2026-09-05;2026-09-11;2026;9;1;PMO Setembro 2026 - Revisão 1;146;SE;Sudeste/Centro-Oeste;UTE STA VI;164.56
2026-09-05;2026-09-11;2026;9;1;PMO Setembro 2026 - Revisão 1;211;SE;Sudeste/Centro-Oeste;BAIXADA FL;177.97
2026-09-05;2026-09-11;2026;9;1;PMO Setembro 2026 - Revisão 1;86;SE;Sudeste/Centro-Oeste;SANTA CRUZ;181.34
2026-09-05;2026-09-11;2026;9;1;PMO Setembro 2026 - Revisão 1;4;SE;Sudeste/Centro-Oeste;ST.CRUZ 34;310.41
2026-09-05;2026-09-11;2026;9;1;PMO Setembro 2026 - Revisão 1;137;SE;Sudeste/Centro-Oeste;UTE GNA I;340.63
2026-09-05;2026-09-11;2026;9;1;PMO Setembro 2026 - Revisão 1;97;SE;Sudeste/Centro-Oeste;CUBATAO;629.06
2026-09-05;2026-09-11;2026;9;1;PMO Setembro 2026 - Revisão 1;238;SE;Sudeste/Centro-Oeste;UTE GNA II;818.83
2026-09-05;2026-09-11;2026;9;1;PMO Setembro 2026 - Revisão 1;90;SE;Sudeste/Centro-Oeste;M.LAGO;1262.98
2026-09-05;2026-09-11;2026;9;1;PMO Setembro 2026 - Revisão 1;62;SE;Sudeste/Centro-Oeste;SEROPEDICA;1287.71
2026-09-05;2026-09-11;2026;9;1;PMO Setembro 2026 - Revisão 1;49;SE;Sudeste/Centro-Oeste;VIANA;1300.95
2026-09-05;2026-09-11;2026;9;1;PMO Setembro 2026 - Revisão 1;54;SE;Sudeste/Centro-Oeste;JUIZ DE FO;1370.02
2026-09-05;2026-09-11;2026;9;1;PMO Setembro 2026 - Revisão 1;253;SE;Sudeste/Centro-Oeste;VIANA I;1418.97
2026-09-05;2026-09-11;2026;9;1;PMO Setembro 2026 - Revisão 1;251;SE;Sudeste/Centro-Oeste;POVOACAO I;1420.36
2026-09-05;2026-09-11;2026;9;1;PMO Setembro 2026 - Revisão 1;715;SE;Sudeste/Centro-Oeste;LORM_4LC;1422.3
2026-09-05;2026-09-11;2026;9;1;PMO Setembro 2026 - Revisão 1;68;SE;Sudeste/Centro-Oeste;TRES LAGOA;1498.22
2026-09-05;2026-09-11;2026;9;1;PMO Setembro 2026 - Revisão 1;110;SE;Sudeste/Centro-Oeste;FGASPARIAN;1501.57
2026-09-05;2026-09-11;2026;9;1;PMO Setembro 2026 - Revisão 1;786;SE;Sudeste/Centro-Oeste;SCRUZ_4LC;1508.27
2026-09-05;2026-09-11;2026;9;1;PMO Setembro 2026 - Revisão 1;334;SE;Sudeste/Centro-Oeste;W.ARJONA;1530.31
2026-09-05;2026-09-11;2026;9;1;PMO Setembro 2026 - Revisão 1;63;SE;Sudeste/Centro-Oeste;AUR.CHAVES;1530.95
2026-09-05;2026-09-11;2026;9;1;PMO Setembro 2026 - Revisão 1;47;SE;Sudeste/Centro-Oeste;TERMORIO;1539.82
2026-09-05;2026-09-11;2026;9;1;PMO Setembro 2026 - Revisão 1;12;SE;Sudeste/Centro-Oeste;CUIABA CC;1544.28
2026-09-05;2026-09-11;2026;9;1;PMO Setembro 2026 - Revisão 1;15;SE;Sudeste/Centro-Oeste;LUIZORMELO;1547.91
2026-09-05;2026-09-11;2026;9;1;PMO Setembro 2026 - Revisão 1;15;SE;Sudeste/Centro-Oeste;LUIZORMELO;1547.91
2026-09-05;2026-09-11;2026;9;1;PMO Setembro 2026 - Revisão 1;60;SE;Sudeste/Centro-Oeste;NORTEFLU;1557.62
2026-09-05;2026-09-11;2026;9;1;PMO Setembro 2026 - Revisão 1;248;SE;Sudeste/Centro-Oeste;MPPAULINIA;1841.45
2026-09-05;2026-09-11;2026;9;1;PMO Setembro 2026 - Revisão 1;246;SE;Sudeste/Centro-Oeste;KARKEY 019;2419.83
2026-09-05;2026-09-11;2026;9;1;PMO Setembro 2026 - Revisão 1;249;SE;Sudeste/Centro-Oeste;PORSUD I;2427.9
2026-09-05;2026-09-11;2026;9;1;PMO Setembro 2026 - Revisão 1;245;SE;Sudeste/Centro-Oeste;KARKEY 013;2442.64
2026-09-05;2026-09-11;2026;9;1;PMO Setembro 2026 - Revisão 1;250;SE;Sudeste/Centro-Oeste;PORSUD II;2464.97
2026-09-05;2026-09-11;2026;9;1;PMO Setembro 2026 - Revisão 1;108;SE;Sudeste/Centro-Oeste;XAVANTES;2997.95
2026-09-12;2026-09-18;2026;9;2;PMO Setembro 2026 - Revisão 2;201;N;Norte;APARECIDA;101.28
2026-09-12;2026-09-18;2026;9;2;PMO Setembro 2026 - Revisão 2;209;N;Norte;TAMBAQUI;101.28
2026-09-12;2026-09-18;2026;9;2;PMO Setembro 2026 - Revisão 2;207;N;Norte;PONTA NEGR;101.28
2026-09-12;2026-09-18;2026;9;2;PMO Setembro 2026 - Revisão 2;204;N;Norte;JARAQUI;101.28
2026-09-12;2026-09-18;2026;9;2;PMO Setembro 2026 - Revisão 2;203;N;Norte;C. ROCHA;101.28
2026-09-12;2026-09-18;2026;9;2;PMO Setembro 2026 - Revisão 2;140;N;Norte;UTE MAUA 3;101.28
2026-09-12;2026-09-18;2026;9;2;PMO Setembro 2026 - Revisão 2;205;N;Norte;MANAUARA;101.28
2026-09-12;2026-09-18;2026;9;2;PMO Setembro 2026 - Revisão 2;264;N;Norte;UTE MANAUS;112.43
2026-09-12;2026-09-18;2026;9;2;PMO Setembro 2026 - Revisão 2;212;N;Norte;MARANHAO3;116.1
2026-09-12;2026-09-18;2026;9;2;PMO Setembro 2026 - Revisão 2;21;N;Norte;MARANHAO V;180.51
2026-09-12;2026-09-18;2026;9;2;PMO Setembro 2026 - Revisão 2;36;N;Norte;MARANHAOIV;180.51
2026-09-12;2026-09-18;2026;9;2;PMO Setembro 2026 - Revisão 2;239;N;Norte;PARNAIBA_V;218.5
2026-09-12;2026-09-18;2026;9;2;PMO Setembro 2026 - Revisão 2;326;N;Norte;JAGUATI II;289.25
2026-09-12;2026-09-18;2026;9;2;PMO Setembro 2026 - Revisão 2;46;N;Norte;N.VENECIA2;308.35
2026-09-12;2026-09-18;2026;9;2;PMO Setembro 2026 - Revisão 2;176;N;Norte;P. ITAQUI;366.79
2026-09-12;2026-09-18;2026;9;2;PMO Setembro 2026 - Revisão 2;330;N;Norte;SANTA LUZ;581.48
2026-09-12;2026-09-18;2026;9;2;PMO Setembro 2026 - Revisão 2;324;N;Norte;CANTA;581.48
2026-09-12;2026-09-18;2026;9;2;PMO Setembro 2026 - Revisão 2;329;N;Norte;PAU RAINHA;581.48
2026-09-12;2026-09-18;2026;9;2;PMO Setembro 2026 - Revisão 2;323;N;Norte;BONFIM;581.48
2026-09-12;2026-09-18;2026;9;2;PMO Setembro 2026 - Revisão 2;240;N;Norte;BARCARENA;751.53
2026-09-12;2026-09-18;2026;9;2;PMO Setembro 2026 - Revisão 2;322;N;Norte;BBF BALIZA;917.12
2026-09-12;2026-09-18;2026;9;2;PMO Setembro 2026 - Revisão 2;73;N;Norte;GERAMAR1;1212.88
2026-09-12;2026-09-18;2026;9;2;PMO Setembro 2026 - Revisão 2;70;N;Norte;GERAMAR2;1212.88
2026-09-12;2026-09-18;2026;9;2;PMO Setembro 2026 - Revisão 2;116;N;Norte;PARNAIB_IV;1527.61
2026-09-12;2026-09-18;2026;9;2;PMO Setembro 2026 - Revisão 2;328;N;Norte;PALMAPLAN;1609.98
2026-09-12;2026-09-18;2026;9;2;PMO Setembro 2026 - Revisão 2;260;N;Norte;AZULAO;1625.09
2026-09-12;2026-09-18;2026;9;2;PMO Setembro 2026 - Revisão 2;327;N;Norte;M.C.SUCUBA;2045.69
2026-09-12;2026-09-18;2026;9;2;PMO Setembro 2026 - Revisão 2;57;NE;Nordeste;MARACANAU;0.0
2026-09-12;2026-09-18;2026;9;2;PMO Setembro 2026 - Revisão 2;52;NE;Nordeste;CAMPINA_GR;0.0
2026-09-12;2026-09-18;2026;9;2;PMO Setembro 2026 - Revisão 2;67;NE;Nordeste;TERMONE;0.0
2026-09-12;2026-09-18;2026;9;2;PMO Setembro 2026 - Revisão 2;152;NE;Nordeste;TERMOCABO;0.0
2026-09-12;2026-09-18;2026;9;2;PMO Setembro 2026 - Revisão 2;69;NE;Nordeste;TERMOPB;0.0
2026-09-12;2026-09-18;2026;9;2;PMO Setembro 2026 - Revisão 2;106;NE;Nordeste;ERB CANDEI;118.93
2026-09-12;2026-09-18;2026;9;2;PMO Setembro 2026 - Revisão 2;147;NE;Nordeste;PROSPERIDA;224.31
2026-09-12;2026-09-18;2026;9;2;PMO Setembro 2026 - Revisão 2;223;NE;Nordeste;PROSP_III;228.55
2026-09-12;2026-09-18;2026;9;2;PMO Setembro 2026 - Revisão 2;167;NE;Nordeste;P.PECEM1;367.62
2026-09-12;2026-09-18;2026;9;2;PMO Setembro 2026 - Revisão 2;163;NE;Nordeste;P.PECEM2;375.2
2026-09-12;2026-09-18;2026;9;2;PMO Setembro 2026 - Revisão 2;224;NE;Nordeste;PSERGIPE I;393.79
2026-09-12;2026-09-18;2026;9;2;PMO Setembro 2026 - Revisão 2;83;NE;Nordeste;JS_PEREIRA;450.86
2026-09-12;2026-09-18;2026;9;2;PMO Setembro 2026 - Revisão 2;241;NE;Nordeste;PROSP_II;519.37
2026-09-12;2026-09-18;2026;9;2;PMO Setembro 2026 - Revisão 2;98;NE;Nordeste;PERNAMBU_3;1019.04
2026-09-12;2026-09-18;2026;9;2;PMO Setembro 2026 - Revisão 2;170;NE;Nordeste;SUAPE II;1207.85
2026-09-12;2026-09-18;2026;9;2;PMO Setembro 2026 - Revisão 2;96;NE;Nordeste;TERMOPE;1365.59
2026-09-12;2026-09-18;2026;9;2;PMO Setembro 2026 - Revisão 2;55;NE;Nordeste;GLOBAL II;1475.68
2026-09-12;2026-09-18;2026;9;2;PMO Setembro 2026 - Revisão 2;53;NE;Nordeste;GLOBAL I;1475.68
2026-09-12;2026-09-18;2026;9;2;PMO Setembro 2026 - Revisão 2;43;NE;Nordeste;C.FURTADO;1598.25
2026-09-12;2026-09-18;2026;9;2;PMO Setembro 2026 - Revisão 2;144;NE;Nordeste;PETROLINA;2078.09
2026-09-12;2026-09-18;2026;9;2;PMO Setembro 2026 - Revisão 2;58;NE;Nordeste;TERMOCEARA;2330.38
2026-09-12;2026-09-18;2026;9;2;PMO Setembro 2026 - Revisão 2;161;NE;Nordeste;POTIGUAR_3;3194.9
2026-09-12;2026-09-18;2026;9;2;PMO Setembro 2026 - Revisão 2;151;NE;Nordeste;POTIGUAR;3194.9
2026-09-12;2026-09-18;2026;9;2;PMO Setembro 2026 - Revisão 2;235;NE;Nordeste;C.MURICY 2;4244.61
2026-09-12;2026-09-18;2026;9;2;PMO Setembro 2026 - Revisão 2;162;NE;Nordeste;PECEM 2;4289.61
2026-09-12;2026-09-18;2026;9;2;PMO Setembro 2026 - Revisão 2;254;S;Sul;B.BONITA I;0.0
2026-09-12;2026-09-18;2026;9;2;PMO Setembro 2026 - Revisão 2;107;S;Sul;PAMPA SUL;105.94
2026-09-12;2026-09-18;2026;9;2;PMO Setembro 2026 - Revisão 2;149;S;Sul;SAO SEPE;118.84
2026-09-12;2026-09-18;2026;9;2;PMO Setembro 2026 - Revisão 2;24;S;Sul;J.LACER. C;347.2
2026-09-12;2026-09-18;2026;9;2;PMO Setembro 2026 - Revisão 2;25;S;Sul;J.LACER. B;406.71
2026-09-12;2026-09-18;2026;9;2;PMO Setembro 2026 - Revisão 2;27;S;Sul;J.LAC. A2;416.39
2026-09-12;2026-09-18;2026;9;2;PMO Setembro 2026 - Revisão 2;156;S;Sul;CANDIOTA_3;427.95
2026-09-12;2026-09-18;2026;9;2;PMO Setembro 2026 - Revisão 2;26;S;Sul;J.LAC. A1;518.9
2026-09-12;2026-09-18;2026;9;2;PMO Setembro 2026 - Revisão 2;35;S;Sul;URUGUAIANA;1341.21
2026-09-12;2026-09-18;2026;9;2;PMO Setembro 2026 - Revisão 2;48;S;Sul;ARAUCARIA;1432.94
2026-09-12;2026-09-18;2026;9;2;PMO Setembro 2026 - Revisão 2;64;S;Sul;S.TIARAJU;2034.46
2026-09-12;2026-09-18;2026;9;2;PMO Setembro 2026 - Revisão 2;194;SE;Sudeste/Centro-Oeste;TNORTE 2;0.0
2026-09-12;2026-09-18;2026;9;2;PMO Setembro 2026 - Revisão 2;182;SE;Sudeste/Centro-Oeste;PALMEIR_GO;0.0
2026-09-12;2026-09-18;2026;9;2;PMO Setembro 2026 - Revisão 2;383;SE;Sudeste/Centro-Oeste;ATLANTICO;0.0
2026-09-12;2026-09-18;2026;9;2;PMO Setembro 2026 - Revisão 2;153;SE;Sudeste/Centro-Oeste;DAIA;0.0
2026-09-12;2026-09-18;2026;9;2;PMO Setembro 2026 - Revisão 2;434;SE;Sudeste/Centro-Oeste;W.ARJONA O;0.0
2026-09-12;2026-09-18;2026;9;2;PMO Setembro 2026 - Revisão 2;13;SE;Sudeste/Centro-Oeste;ANGRA 2;20.12
2026-09-12;2026-09-18;2026;9;2;PMO Setembro 2026 - Revisão 2;1;SE;Sudeste/Centro-Oeste;ANGRA 1;31.17
2026-09-12;2026-09-18;2026;9;2;PMO Setembro 2026 - Revisão 2;229;SE;Sudeste/Centro-Oeste;O.PINTADA;152.33
2026-09-12;2026-09-18;2026;9;2;PMO Setembro 2026 - Revisão 2;146;SE;Sudeste/Centro-Oeste;UTE STA VI;164.56
2026-09-12;2026-09-18;2026;9;2;PMO Setembro 2026 - Revisão 2;236;SE;Sudeste/Centro-Oeste;M.AZUL;175.54
2026-09-12;2026-09-18;2026;9;2;PMO Setembro 2026 - Revisão 2;211;SE;Sudeste/Centro-Oeste;BAIXADA FL;190.27
2026-09-12;2026-09-18;2026;9;2;PMO Setembro 2026 - Revisão 2;86;SE;Sudeste/Centro-Oeste;SANTA CRUZ;193.75
2026-09-12;2026-09-18;2026;9;2;PMO Setembro 2026 - Revisão 2;4;SE;Sudeste/Centro-Oeste;ST.CRUZ 34;310.41
2026-09-12;2026-09-18;2026;9;2;PMO Setembro 2026 - Revisão 2;137;SE;Sudeste/Centro-Oeste;UTE GNA I;365.47
2026-09-12;2026-09-18;2026;9;2;PMO Setembro 2026 - Revisão 2;97;SE;Sudeste/Centro-Oeste;CUBATAO;712.45
2026-09-12;2026-09-18;2026;9;2;PMO Setembro 2026 - Revisão 2;238;SE;Sudeste/Centro-Oeste;UTE GNA II;927.35
2026-09-12;2026-09-18;2026;9;2;PMO Setembro 2026 - Revisão 2;49;SE;Sudeste/Centro-Oeste;VIANA;1330.05
2026-09-12;2026-09-18;2026;9;2;PMO Setembro 2026 - Revisão 2;90;SE;Sudeste/Centro-Oeste;M.LAGO;1422.84
2026-09-12;2026-09-18;2026;9;2;PMO Setembro 2026 - Revisão 2;62;SE;Sudeste/Centro-Oeste;SEROPEDICA;1444.02
2026-09-12;2026-09-18;2026;9;2;PMO Setembro 2026 - Revisão 2;54;SE;Sudeste/Centro-Oeste;JUIZ DE FO;1544.88
2026-09-12;2026-09-18;2026;9;2;PMO Setembro 2026 - Revisão 2;253;SE;Sudeste/Centro-Oeste;VIANA I;1575.68
2026-09-12;2026-09-18;2026;9;2;PMO Setembro 2026 - Revisão 2;251;SE;Sudeste/Centro-Oeste;POVOACAO I;1577.8
2026-09-12;2026-09-18;2026;9;2;PMO Setembro 2026 - Revisão 2;715;SE;Sudeste/Centro-Oeste;LORM_4LC;1580.76
2026-09-12;2026-09-18;2026;9;2;PMO Setembro 2026 - Revisão 2;68;SE;Sudeste/Centro-Oeste;TRES LAGOA;1599.53
2026-09-12;2026-09-18;2026;9;2;PMO Setembro 2026 - Revisão 2;110;SE;Sudeste/Centro-Oeste;FGASPARIAN;1608.16
2026-09-12;2026-09-18;2026;9;2;PMO Setembro 2026 - Revisão 2;786;SE;Sudeste/Centro-Oeste;SCRUZ_4LC;1619.38
2026-09-12;2026-09-18;2026;9;2;PMO Setembro 2026 - Revisão 2;60;SE;Sudeste/Centro-Oeste;NORTEFLU;1684.7
2026-09-12;2026-09-18;2026;9;2;PMO Setembro 2026 - Revisão 2;334;SE;Sudeste/Centro-Oeste;W.ARJONA;1730.88
2026-09-12;2026-09-18;2026;9;2;PMO Setembro 2026 - Revisão 2;63;SE;Sudeste/Centro-Oeste;AUR.CHAVES;1731.63
2026-09-12;2026-09-18;2026;9;2;PMO Setembro 2026 - Revisão 2;47;SE;Sudeste/Centro-Oeste;TERMORIO;1742.81
2026-09-12;2026-09-18;2026;9;2;PMO Setembro 2026 - Revisão 2;12;SE;Sudeste/Centro-Oeste;CUIABA CC;1753.6
2026-09-12;2026-09-18;2026;9;2;PMO Setembro 2026 - Revisão 2;15;SE;Sudeste/Centro-Oeste;LUIZORMELO;1754.08
2026-09-12;2026-09-18;2026;9;2;PMO Setembro 2026 - Revisão 2;15;SE;Sudeste/Centro-Oeste;LUIZORMELO;1754.08
2026-09-12;2026-09-18;2026;9;2;PMO Setembro 2026 - Revisão 2;248;SE;Sudeste/Centro-Oeste;MPPAULINIA;2045.93
2026-09-12;2026-09-18;2026;9;2;PMO Setembro 2026 - Revisão 2;246;SE;Sudeste/Centro-Oeste;KARKEY 019;2573.26
2026-09-12;2026-09-18;2026;9;2;PMO Setembro 2026 - Revisão 2;249;SE;Sudeste/Centro-Oeste;PORSUD I;2583.76
2026-09-12;2026-09-18;2026;9;2;PMO Setembro 2026 - Revisão 2;245;SE;Sudeste/Centro-Oeste;KARKEY 013;2597.13
2026-09-12;2026-09-18;2026;9;2;PMO Setembro 2026 - Revisão 2;250;SE;Sudeste/Centro-Oeste;PORSUD II;2620.49
2026-09-12;2026-09-18;2026;9;2;PMO Setembro 2026 - Revisão 2;108;SE;Sudeste/Centro-Oeste;XAVANTES;3323.02
